{
  "article_url": "https://andylee.pro/wp/?p=4295",
  "title": "公益講座：「除了吃藥，我還能做什麼?」— 探討精神障礙多重原因，藥物並非唯一選擇",
  "content": "<p><img alt=\"\" class=\"alignnone size-full wp-image-4294\" decoding=\"async\" fetchpriority=\"high\" height=\"1226\" sizes=\"(max-width: 1530px) 100vw, 1530px\" src=\"https://andylee.pro/wp/wp-content/uploads/2017/05/18556601_1702647753362670_5774095016947361042_o.jpg\" srcset=\"https://andylee.pro/wp/wp-content/uploads/2017/05/18556601_1702647753362670_5774095016947361042_o.jpg 1530w, https://andylee.pro/wp/wp-content/uploads/2017/05/18556601_1702647753362670_5774095016947361042_o-300x240.jpg 300w, https://andylee.pro/wp/wp-content/uploads/2017/05/18556601_1702647753362670_5774095016947361042_o-768x615.jpg 768w, https://andylee.pro/wp/wp-content/uploads/2017/05/18556601_1702647753362670_5774095016947361042_o-1024x821.jpg 1024w\" width=\"1530\"/></p>\n<p><strong>「除了吃藥，我還能做什麼?」探討精神障礙多重原因，藥<wbr/>物並非唯一選擇</strong></p>\n<p>【活動源起】</p>\n<p>台中市德馨獅子會及中美同濟會以關懷社會福祉為己任，觀<wbr/>察到社會亂象日增，與社會無法有效處理精障問題密切相關<wbr/>，並且也深刻體認，一位精障家人將拖垮一整個家庭甚至一<wbr/>個社區，因此特別與國際知名的心理健康人權組織公民人權<wbr/>協會（CCHR）合作辦理此公益講座。</p>\n<p>【講座內容】：</p>\n<p>【給不想再吃精神科藥物的你】— 從中醫的成功個案臨床經驗談起／主講：李宗恩 博士</p>\n<p>【我們對精神疾病了解有多少】— 從神經介質到外基因學／講師：蘇聖傑 醫師<br/>\n<span class=\"text_exposed_show\"><br/>\n【你缺的可能是營養，而不是藥】— 怎麼吃才能取得身心平衡？／講師：賴宇凡 美國營養治療師</span></p>\n<p>【活動時間】2017年 7月23日(日) 上午 8:30 ~ 下午 5:00</p>\n<p>【地點】台中僑園大飯店二樓 麗晶廳 (台中市惠中路一段111號)</p>\n<p>【活動流程】</p>\n<div class=\"page\" title=\"Page 4\">\n<div class=\"layoutArea\">\n<div class=\"column\">\n<p><strong>8:30~8:50</strong> 民眾進場</p>\n<p><strong>8:50</strong> 主持人致詞／主持人:王聖惠醫師</p>\n<p><strong>9:00</strong> 李宗恩博士演講 ／ 講題：給不想再吃精神科藥物的你– 從中醫的成功個案臨床經驗談起 PART I</p>\n<p><strong>10:20</strong> 中場休息</p>\n<p><strong>10:30</strong> 李宗恩博士演講 ／ 講題：給不想再吃精神科藥物的你– 從中醫的成功個案臨床經驗談起 PART II</p>\n<p><strong>11:40</strong> Q&amp;A時間</p>\n<p><strong>12:00</strong> 午餐時間</p>\n<p><strong>13:00</strong> 特別來賓上台致詞／鄭光男醫師</p>\n<p><strong>13:15</strong> 蘇聖傑醫師演講／講題：我們對精神疾病了解有多少 — 從神經介質到外基因學</p>\n<p><strong>14:35</strong> Q&amp;A時間</p>\n<p><strong>14:45</strong> 中場休息</p>\n<p><strong>15:00</strong> 賴宇凡營養師演講 ／ 講題：你缺的可能是營養，而不是藥 — 怎麼吃才能取得身心平衡?</p>\n<p><strong>16:40</strong> Q&amp;A時間</p>\n<p><strong>17:00~17:30</strong> 結束致詞，活動結束</p>\n</div>\n</div>\n</div>\n<p>【主辦單位】台中市德馨獅子會及中美同濟會聯合主辦</p>\n<p>【企劃暨承辦單位】社團法人中華公民人權協會</p>\n<p>(中華公民人權協會為非營利的身心健康促進國際團體，主<wbr/>要在調查、揭露身心健康領域的不當治療及對待，並同時提<wbr/>倡民眾的知情同意權。)</p>\n<p>臉書活動網址：<a href=\"https://www.facebook.com/events/1963722360581011/\">https://www.facebook.com/events/1963722360581011/</a></p>\n<p>報名網址：<a href=\"http://www.123contactform.com/form-2700068/Event-Registration-Form\">http://www.123contactform.com/form-2700068/Event-Registration-Form</a></p>\n<p> </p>\n<div class=\"page\" title=\"Page 4\"></div>",
  "article_time": "2017年05月28日 20:23",
  "comments": [
    {
      "id": "bca0efb8b71269b7e81dd5e7a18e2727",
      "author": "魯豆腐",
      "time": "2017年07月28日 19:56",
      "content": "<p><a href=\"http://times.hinet.net/times/news/20319604\" rel=\"nofollow ugc\">http://times.hinet.net/times/news/20319604</a><br/>\n當天的照片</p>",
      "level": 0,
      "highlight": false,
      "children": [
        {
          "id": "e3a217f92b830f2184865ced98f57c9e",
          "author": "andy",
          "time": "2017年08月07日 16:50",
          "content": "<p>謝謝！不過，主辦單位介紹錯了，我不是建中畢業，當年是保送高中沒錯，但是我選擇離家五分鐘的嘉義高中。</p>",
          "level": 1,
          "highlight": true,
          "children": []
        },
        {
          "id": "64a548efac6e7ec1b705b9c6c485b266",
          "author": "魯豆腐",
          "time": "2017年08月07日 17:42",
          "content": "<p>當年的省嘉中是最出名的醫學系人才培育的搖籃，以Dr.李的資質要上醫學系當然沒有問題，但您選擇了鍾愛的物理領域去鑽研，也正因如此在探索了天文物理象現之後，您又回到了人紀，也就是正統中醫學。</p>\n<p>老天沒浪費了您這位人才，因緣際會讓您進入了正統中醫當了倪醫師的高徒及傳人，中醫界感謝有您的傳承及傳下許多好的醫案，上天冥冥中的安排。</p>",
          "level": 1,
          "highlight": false,
          "children": []
        }
      ]
    }
  ],
  "page": 39,
  "order": 10,
  "filename": "data\\page39\\page39_order9_4aca91319b4d7f03cd5b40d6ea0c2307.json"
}