{
  "article_url": "https://andylee.pro/wp/?p=4391",
  "title": "FM 96.1：奇怪：甲狀腺腫塊、高血壓與脾濕有關嗎？",
  "content": "<!--[if lt IE 9]><script>document.createElement('audio');</script><![endif]-->\n<audio class=\"wp-audio-shortcode\" controls=\"controls\" id=\"audio-4391-1\" preload=\"none\" style=\"width: 100%;\"><source src=\"https://andylee.pro/wp/wp-content/uploads/2017/07/drcase-20170703-509-549pm-35m30s_converted.mp3?_=1\" type=\"audio/mpeg\"/><a href=\"https://andylee.pro/wp/wp-content/uploads/2017/07/drcase-20170703-509-549pm-35m30s_converted.mp3\">https://andylee.pro/wp/wp-content/uploads/2017/07/drcase-20170703-509-549pm-35m30s_converted.mp3</a></audio>\n<p>時值國慶長假，大小聚會活動一定讓大家的腸胃輕鬆不了，而看似簡單的腸胃問題卻可以衍生出很多其它的健康問題。今天李醫師要和大家分享兩個案例。</p>\n<p>案例一： 男，三十五歲， 甲狀腺腫塊，1公分左右，有鈣化的跡象。該病人在中國大陸健康檢查後得知甲狀腺有腫塊，當地西醫建議手術切除，而病人由於工作繁忙， 將手術一事一拖再拖，後由一友人介紹來陽氣診所求診。病人舌苔白厚多年，少腹稍大，說明中下焦有濕，造成胃火無法下行而反逆，所以病人常常有飢餓感、喜冷飲。當中下焦的濕開始累積，身體的水道運行就會變差，有些人因緣際會就會長甲狀腺瘤。西醫的切除術並不能解決根本問題，而中藥用祛濕藥和熱藥配合並不難根治。病人服用了一個禮拜水藥，舌苔就開始退了大半，喝冷飲的慾望沒有那麼強烈，體重下降，人比服藥前也有精神了。接下來李醫師採用通利水道、攻堅的中藥開始攻頸部的腫塊，攻堅是利用牡蠣的咸能軟堅、質重下行的特性，臨床效果很好，包括消除乳房硬塊。病人複診兩、三次後，腫塊表面從像摸礁石卡卡的感覺到變軟、消失。那李醫師是怎麼判斷病人的甲狀腺腫塊和脾胃有關係呢？病人自己說由於商場應酬亂吃亂喝很多年，隨著年齡的增長，問題浮現出來。年輕的時候，不覺身體有太大的毛病，但當各種問題集中在一起，身體就會爆發嚴重的問題。從少腹濕寒會衍生很多其它的問題。</p>\n<p>案例二：男，四十幾歲，喜吃辣，常被濕疹困擾。 近年來每逢吃辣，舌苔變很厚，頭暈，頭和身體彷彿不屬於同一個人，血壓高壓飆達170～190，頭部熱得像火鍋。西醫檢查後，開了三種藥才壓制住高血壓的現象，但病人頭還是暈。中醫認為高血壓只是一個結果，並不是原因，因此用藥物強壓高血壓現象並沒有根本解決問題。病人中焦寒濕，若吃太多辣， 脾胃先虛掉，祛濕的能力變很差，中焦的濕突然累積得太快，胃火、肝陽、心陽無法下行、全部反逆往上衝。這種情況宜先治標，用白虎湯：石膏（降往上沖的陽，降胃的虛火）柴胡（清肝），龍骨、牡蠣（降陽、收陽）， 服完藥人就覺得舒服了。病人返美後，開始清中焦的寒濕，血壓就開始下降了。最近該友人回大陸到四川出差，出現了類似梅尼爾氏綜合症（Meniere’s disease）症狀，動一下就眩暈，只能45度睡覺，躺下最暈。身邊沒有完全對症的藥，將就服用了胃苓湯科學中藥粉（治脾胃的藥，還散濕的五苓散），吃了兩頓就好了。西醫認為眩暈（Vertigo） 是中耳不平衡；中醫理解是中膈有水，人體平衡猶如天秤的平衡，中膈猶如天秤的基座，基座不穩造成的不平衡問題要比單純的砝碼失衡問題更為嚴重。那麼為什麼人的中膈會有水呢？至少有兩個原因：1.脾虛，躺下會舒服很多的眩暈類型。2)腎陽不足，腎不能納氣，造成的腎水上泛。在人勞累的狀況下常常脾虛和腎水上泛同時發生。</p>\n<p>結語：中醫的核心部分-關於人體是怎麼運作，這套理論非常的嚴謹，掌握其精髓能治好看起來很複雜的問題。中醫重點在於辨證論治，辨對證了，開藥只是細枝末節。</p>\n<p>（語音檔案由FM96.1電台提供，文章摘錄自語音檔案內容，部分文字略有異同，敬請見諒。）</p>",
  "article_time": "2017年07月04日 15:33",
  "comments": [
    {
      "id": "dff113899dbcbada8254e3bdb745aa17",
      "author": "彭博",
      "time": "2017年09月15日 05:28",
      "content": "<p>老師的比喻形象好懂！謝謝！</p>",
      "level": 0,
      "highlight": false,
      "children": []
    }
  ],
  "page": 39,
  "order": 4,
  "filename": "data\\page39\\page39_order3_4c4f9938d4f9d00dc17e15688fdde71c.json"
}