{
  "article_url": "https://andylee.pro/wp/?p=5859",
  "title": "FM96.1：精神疾病，除了吃藥，我們還能做什麼？",
  "content": "<figure class=\"wp-block-audio\"><audio controls=\"\" src=\"https://andylee.pro/wp/wp-content/uploads/2019/06/S-20190506精神疾病，除了吃藥，我們還能做什麼？.mp3\"></audio></figure>\n<p> （語音檔案由FM96.1電台提供，文章摘錄撰寫中，請稍加等待謝謝。）</p>\n<p></p>",
  "article_time": "2019年05月06日 11:25",
  "comments": [],
  "page": 30,
  "order": 4,
  "filename": "data\\page30\\page30_order3_821168c9cb1557926e79193c1664833d.json"
}