{
  "article_url": "https://andylee.pro/wp/?p=5469",
  "title": "請大家為小妹妹祈福",
  "content": "<p>這是我幾個月來最牽掛的病患之一，這麼多的重症病患中，她是那麼的年幼，那麼的天真單純…..</p>\n<p>去年六月，診所收到一封從台灣寄來的電子郵件，說小女孩七歲了，突然被診斷出急性淋巴性白血病（Acute Lymphoblastic Leukemia），經過三次化療，沒有什麼效果，特意來函詢問中醫治療淋巴性白血病的可能性，以及來加州看診的細節。診所常常收到各地類似的來函，診所同仁也習慣了，問了我一下，我簡單解釋後，告訴診所同仁提醒他們，舊金山灣區物價很高，即使只來兩三週，旅行費用昂貴，最好還是在台灣找中醫師治療。之後，我沒有多想，直到八月中的一個下午，診所同仁告訴我下一個病人全家是從台灣來的，好幾周前來信詢問過急性淋巴性白血病，那時我才再度想起了這件事。</p>\n<p>病人全家，爸爸媽媽帶著小病人和更小的二女兒，一起到舊金山灣區來看診。病人爸爸陳述，小妹妹有一天在學校突然臉色蒼白、身體無力，送到醫院看診，被診斷為一種特殊、罕見的白血病（MLL-AF6 leukemia），當時主治醫師就認為化療和骨髓移植的效果可能不會很好，但是，基於沒有其它辦法，只好進行了三次化療。結果，化療如預期一樣，沒有發揮什麼作用，他們除了繼續和主治醫師合作外，帶小妹妹去台北看了中醫，也是倪海廈老師的學生。他們說小妹妹對中藥的反應不錯，整體表現有進步，但是，白血球被化療大量破壞，白血球數停留在1300/µL，一直拉不起來。我仔細檢查這位小病患後，以中醫的角度看來，我覺得病情沒有很嚴重，小建中湯加一點熱藥應該就可以了。而小妹妹非常乖巧懂事，即使生病加時差，還是和我及診所同仁們打招呼、有說有笑，讓大家都留下很深的印象。</p>\n<p>病人全家在舊金山灣區短暫停留十天左右，來診所看診了三次。回台灣後立即驗血，白血球數已經上升到2060/µL，後來幾週穩定慢速成長，到了九月下旬，白血球數到達4000/µL以上，勉強算是恢復到正常人的低標。</p>\n<p>然而，當我正要覺得這是一個不錯的治療案例時，事情開始變化了。九月底開始，雖然白血球數依然穩定慢速成長，開始出現不成熟的白血球，所謂的芽細胞，這意味著病人骨髓內的癌細胞又在蠢蠢欲動。一開始，雖然我有些失望，但是並不太擔心，畢竟化療過後癌細胞會暫時減少，一段時間後會再度活躍，這本來就不該是意料之外的事情。於是，我改變藥方，開始使用重藥。接下來幾週的遠距離治療，我越來越困惑，一方面我看到了一些我希望看到的改善，另一方面芽細胞的比例不斷上升，壓不下來。我不斷地思考，一直認為是因為遠距離治療，望聞問切少了一大半的訊息，讓我遺漏了什麼關鍵線索，不然怎麼會和我當初在他們來診所看診時的判斷差那麼多？難道我們應該完全忽視西醫這項芽細胞指標嗎？</p>\n<p>十一月下旬一個下午，看診中間的空檔，我到藥房和正在包藥的同仁聊天時，突然想到，小妹妹剛從美國回台灣的幾週，服用的中藥材是從美國診所帶回去的，之後的中藥材都是在台灣買的。雖然，我知道台灣中藥材的品質是無法和我診所藥材的品質相比的，但是我原本以為可以用劑量來彌補，會不會這個品質差異在小妹妹的情況下正好產生了無法彌補的區別？而台灣賣的中藥材，大多數都薰過工業硫磺來保存，我診所的中藥材是沒有薰過工業硫磺的，這個小小的工業硫磺殘留量，會不會推倒了小妹妹身體好不容易拾回來的平衡？病人爸爸詢問了中藥店，之前買的中藥材確實是薰過工業硫磺的，我要他改到另一家老字號的中藥店，看看能不能買到沒有薰過工業硫磺的中藥材？看看服用不同中藥店買的中藥材有沒有差別？</p>\n<p>很可惜，雖然後來我們發現兩家中藥店的中藥材療效確實有差別，就在這個節骨眼上，病人父母在西醫強烈的恐嚇下，讓小妹妹再一次做了化療，病人父母打算化療後再用中藥去提升白血球數量。化療後，芽細胞比例是暫時下來了，白血球數卻掉到了100/µL，免疫系統等於是被毀壞殆盡了，如同愛滋病病患一般，即使是很普通的黴菌也可以長驅直入地攻擊身體。</p>\n<p>沒多久，大家最擔心、最害怕的惡夢發生了。小妹妹開始嚴重感染，臉部及上顎大幅度的潰爛，感染源有強大的抗藥性，很難壓制。同時，腹水，胸腔積水、心包積液、心臟肥大、心臟衰竭、黃疸、血壓過低、敗血症等等的問題都出現了，小妹妹從可以吃喝玩樂的狀態，變成了整天只能躺在病床上的重病病患。怎麼辦？那些西醫們沒有什麼好辦法，只能按照標準流程來這試一試、那試一試，基本上他們也知道上次的化療搞砸了整個局面，害慘了小妹妹。</p>\n<p>一月下旬，西醫們認為病情嚴重，通知病人父母，小妹妹幾天之內，有可能會守不住而過世。小妹妹的爸爸簽了安寧同意書，不去加護病房，讓小妹妹住在隔離病房，一方面讓爸爸媽媽還有機會陪伴她，另一方面也才有可能服用中藥。中醫怎麼幫助？用什麼藥方組合？遠距離無法親自看診的限制下，情況又嚴重又緊急，怎麼辦？這些以後有機會再來討論，反正我是頭大的不得了。還好我們運氣還不錯，拖過一次次的危急困境，小妹妹心臟穩定下來了、胸腔及心包沒有積液了、黃疸消了，臉上的潰爛也開始減少，暫時逃離了鬼門關。</p>\n<p>三月初，這家台灣的大型署立醫院告訴小妹妹的父母，他們希望大幅減少病人的治療，他們承認那些西醫治療很可能是無效的，他們認為小妹妹遲早還是會病逝，而小妹妹在他們醫院病房裡撐得太久了，已經達到了台灣健保單一療程給付上限！我聽了非常火大，去年十一月時，即使小妹妹芽細胞比例很高，正常白血球數量還有好幾千，足夠維持免疫系統的運作，小妹妹也還可以像一般小朋友一樣吃喝玩樂，你們恐嚇病人父母，說不馬上化療病人會死，結果化療造成了更大、更急迫的危險，不但不承認你們自己的醫療方法錯誤，還在健保給付不足時放棄病人，那你們為什麼不一開始就不要管，讓中醫來全權治療？你們到底是在救人，還只是在賺錢？竟然還告訴病人父母，停止了西醫的治療，小妹妹大概只能再撐兩個星期，你們忍心要做父母的眼睜睜地看著自己小孩在兩週裡痛苦的等待死亡？</p>\n<p>或許，老天疼惜非常乖巧懂事的小妹妹，因為西醫的放棄，小妹妹出院回家休養，反而減少了中醫遇到的阻礙，中西藥衝突的情況大幅下降，也讓病人父母專注在中醫治療。從三月上旬大幅減少西醫治療後，中醫療效明顯浮現。四月初小妹妹到感染科門診檢查，感染科醫師很意外可以在門診看到小妹妹，言下之意是小妹妹不但沒有因為嚴重感染而在病房內過世，還可以自己有精神地走入門診來看診！感染科醫師說他從來沒有見過這樣的情況，這是他第一次遇到的病例。</p>\n<p>現在四月下旬了，小妹妹心臟穩定、感染縮小、手腳回溫、食慾變大、精神轉化、睡眠良好、排泄良好等等。白血球數量仍然很低，但是慢慢看到了一些提升，而紅血球及血小板恢復到不需要像之前一樣的定期輸血。小妹妹爸爸媽媽在遠程視訊複診中告訴我，從上週開始，小妹妹每天回學校上一堂課，讓她精神及學習上有些鼓舞，不做一個整天窩在家裡養病的病人。</p>\n<p>小妹妹真的百分之百救回來了嗎？原本白血病的問題怎麼繼續治療？我想，在未來許多個月裡，小妹妹依然會是我最牽掛的病患之一。所以，希望大家能幫忙為小妹妹祈福。或許，因為大家的祈福，老天會更加疼惜這位非常乖巧懂事的小妹妹。即使這樣的想法不切實際，只要有那麼一點點微小的可能來增加病人存活的機率，我們都應該全力以赴。</p>",
  "article_time": "2019年04月20日 22:32",
  "comments": [
    {
      "id": "085098820f66eef87ba1c2ccfb306be5",
      "author": "ieitZYB",
      "time": "2019年04月21日 12:27",
      "content": "<p>即使小妹妹芽細胞比例很高，正常白血球數量還有好幾千，足夠維持免疫系統的運作，小妹妹也還可以像一般小朋友一樣吃喝玩樂，你們恐嚇病人父母，說不馬上化療病人會死，結果化療造成了更大、更急迫的危險，不但不承認你們自己的醫療方法錯誤，還在健保給付不足時放棄病人，</p>",
      "level": 0,
      "highlight": false,
      "children": [
        {
          "id": "3398998bca267ab4c3db72fcaf6b47ca",
          "author": "潘建华",
          "time": "2019年04月27日 05:00",
          "content": "<p>提升白细胞是不是可以试一试艾灸，但是重症艾灸就像刀刃上行走，走过去就有拔山之功，但是走不过去就有山崩之险。见过癌症末期用艾灸延长生命的人，也见过因为艾灸没注意细节，灸后感冒三天就去世的人。所以不敢胡乱推荐艾灸。为小妹妹祈福！</p>",
          "level": 1,
          "highlight": false,
          "children": []
        }
      ]
    },
    {
      "id": "b37f872f23bbe292d6dbb85404e75b31",
      "author": "Ferry瑞芳",
      "time": "2019年04月21日 04:21",
      "content": "<p>生命来之不易，千万别再送去让西医折磨了，耐心接受中医治疗，我在大陆上海默默为台湾的小妹妹祈祷，祝愿台湾的小妹妹早日康复，开心快乐！</p>",
      "level": 0,
      "highlight": false,
      "children": []
    },
    {
      "id": "eae0907e14953d8041e4141a3c53b04d",
      "author": "朱振邦",
      "time": "2019年04月21日 07:29",
      "content": "<p>加油，愿一切安康！</p>",
      "level": 0,
      "highlight": false,
      "children": []
    },
    {
      "id": "16166df02145ca99e010bd8bff5bb651",
      "author": "安兴钢",
      "time": "2019年04月21日 23:45",
      "content": "<p>为小妹妹祈福！</p>",
      "level": 0,
      "highlight": false,
      "children": []
    },
    {
      "id": "3d32f0e62dbd9f91bb621e4971ee44d5",
      "author": "JonsonKu",
      "time": "2019年04月22日 03:22",
      "content": "<p>李医师  不妨看此筹款 <a href=\"https://www.shuidichou.com/cf/contribute/20a806c6-abaa-4bcb-ae31-244b4e3be200?infoUuid=20a806c6-abaa-4bcb-ae31-244b4e3be200&amp;channel=wx_charity_hy&amp;source=FaGfjmYzXMXiMXRccaz1555557272549&amp;forwardFrom=4&amp;sharedv=1002&amp;userSourceId=ETg2Hr04RiIl6YBMLcWj6g&amp;shareId=cQxnxhjtar3a4fm6FnR1555557627885\" rel=\"nofollow ugc\">https://www.shuidichou.com/cf/contribute/20a806c6-abaa-4bcb-ae31-244b4e3be200?infoUuid=20a806c6-abaa-4bcb-ae31-244b4e3be200&amp;channel=wx_charity_hy&amp;source=FaGfjmYzXMXiMXRccaz1555557272549&amp;forwardFrom=4&amp;sharedv=1002&amp;userSourceId=ETg2Hr04RiIl6YBMLcWj6g&amp;shareId=cQxnxhjtar3a4fm6FnR1555557627885</a></p>\n<p>我叫李宁，今年32岁，是河北省邯郸市峰峰矿区人。现住峰峰矿区，2010年，被检查出得了空洞型肺结核，人们都说，现在医学这么发达，这不算什么病，可这病一治就是9年。。。。筹款30万治疗。</p>\n<p>如果說台灣如此，大陸何嘗不是如此。或許美國西醫還有那麼點仁心。</p>\n<p>到底是治病，還是在治“錢”。對，一切為了經濟。</p>\n<p>老祖宗留下的醫學，其實為每個子孫後代的，或學習後成不了醫師，但好歹自己治療傷風感冒，病也不會進了。昨夜一位朋友的孩子，六歲，高燒40度，晚間請幫忙，人參白虎湯，8個時辰後燒退到37度。前2天–物理降温和布洛芬交替用，燒就是無法退。</p>",
      "level": 0,
      "highlight": false,
      "children": []
    },
    {
      "id": "f16d715dd9715eec8f174629d5fd0269",
      "author": "Andrew",
      "time": "2019年04月22日 05:27",
      "content": "<p>一个令人感到伤心又感动的真人真事的故事。</p>\n<p>小妹妹，大家都给你祝福。快快回到原本是天真活泼的生活。</p>\n<p>我的感想，做为一个病患，或病患的父母，应该具有的心态和知识的条件是什么？</p>\n<p>有病求医是正常的是，也是应该做的事。</p>\n<p>问题是，西医，中医要怎样做个选择？</p>\n<p>做了选择，还可以中西医参半吗？</p>\n<p>故事中的父亲就有这个困难与矛盾。</p>\n<p>我认为问题不在于被西医恐吓，而是当局者没有足够的健康知识。有了对自己身体阴阳的了解，是不会被任何人恐吓。</p>\n<p>因此我认为认识自己身体的阴阳是基本知识，是人命关天的知识。</p>\n<p>注 ：认识自己身体的阴阳不是学医，不是学中医。我们是老百姓，不是医生。</p>\n<p>我也在这方面的教育努力。</p>\n<p>刚看完一个倪海厦的视频，说到木乃伊的骨头，给了我灵感，设计这个小视频和大家分享，（我的介绍古人的智慧给世界方式）。。。</p>\n<p>请看</p>\n<p><a href=\"https://www.cn.360q.com/2019/04/21/%e6%9c%a8%e4%b9%83%e4%bc%8a%e7%9a%84%e9%aa%a8%e5%a4%b4%e6%af%94%e4%bb%8a%e5%a4%a9%e7%9a%84%e6%b4%bb%e4%ba%ba%e7%9a%84%e9%aa%a8%e5%a4%b4%e6%9b%b4%e5%81%a5%e5%ba%b7%ef%bc%9f/\" rel=\"nofollow ugc\">https://www.cn.360q.com/2019/04/21/%e6%9c%a8%e4%b9%83%e4%bc%8a%e7%9a%84%e9%aa%a8%e5%a4%b4%e6%af%94%e4%bb%8a%e5%a4%a9%e7%9a%84%e6%b4%bb%e4%ba%ba%e7%9a%84%e9%aa%a8%e5%a4%b4%e6%9b%b4%e5%81%a5%e5%ba%b7%ef%bc%9f/</a></p>",
      "level": 0,
      "highlight": false,
      "children": []
    },
    {
      "id": "04ff88d671aaa642e7d0916fcb41f362",
      "author": "本心",
      "time": "2019年04月22日 06:39",
      "content": "<p>愿小妹妹坚强勇敢，度过难关，为她祈祷！</p>",
      "level": 0,
      "highlight": false,
      "children": []
    },
    {
      "id": "fa6cd816329d9f76916e4ec7d17d4d1e",
      "author": "8020",
      "time": "2019年04月24日 02:06",
      "content": "<p>可以考慮一下通便退熱的可很性。</p>",
      "level": 0,
      "highlight": false,
      "children": []
    },
    {
      "id": "6bd2a6116e9e437864a11b83f28b8e3b",
      "author": "诊所同仁",
      "time": "2019年04月26日 09:35",
      "content": "<p>小妹妹加油！李医师每天都牵挂着你，希望再见你天真浪漫的笑容！</p>",
      "level": 0,
      "highlight": false,
      "children": []
    },
    {
      "id": "077e165176956aa2dde0ca1467774f64",
      "author": "Jessie",
      "time": "2019年04月29日 12:06",
      "content": "<p>看到中途时进隔离病房时，眼泪一下子流出来了…我也是近一年来身体出现状况时开始信仰基督，一度我差一点抑郁，在教会兄弟姐妹的帮助下才慢慢走出来，但目前还是有一些这样那样的问题，希望顺利去湾区找您。我会为小妹妹祷告！！蒙特利尔的您的病人!</p>",
      "level": 0,
      "highlight": false,
      "children": [
        {
          "id": "f89ce55720666160eea8cb751afc3032",
          "author": "andy",
          "time": "2019年04月29日 22:04",
          "content": "<p>謝謝你的支持與鼓勵。</p>",
          "level": 1,
          "highlight": true,
          "children": []
        }
      ]
    },
    {
      "id": "cf3f0f2d7cda54db3e82c154273fa806",
      "author": "AML",
      "time": "2019年04月29日 13:43",
      "content": "<p>李醫師你好，</p>\n<p>不好意思，可否請你給我們些建議。</p>\n<p>我是Jack。</p>\n<p>我的兒子去年7月被診斷為AML (M5).做了5個化療療程。今年一月做完了療程。二月不幸的，白血病又回來。在等骨髓移植。期間醫生用了新藥Gemtuzumab,骨髓的白血病有減少，可是現在頭部(頭骨加鼻竇的白血病擴散).醫生建議要做radiation therapy (放射性治療).因為藥無法治療頭骨及鼻竇的白血病。做了有機會做骨髓移植，可是機會也不大。不做就沒機會做骨髓移植。因為放射性治療的後遺症很大很多。</p>\n<p>想請教你是否有其他的治療方式可以幫我的兒子？</p>\n<p>麻煩你了。</p>\n<p>謝謝。</p>\n<p>Jack</p>",
      "level": 0,
      "highlight": false,
      "children": [
        {
          "id": "985cccc6a453d66d29db177950254dfd",
          "author": "andy",
          "time": "2019年04月29日 22:07",
          "content": "<p>這樣嚴重的疾病，必須直接看診，同時也需要深入思考治療的策略，不是在網上簡單敘述就可以動手治療的。</p>",
          "level": 1,
          "highlight": true,
          "children": [
            {
              "id": "0ebe3d72081a70e126ca60475f0032d7",
              "author": "AML",
              "time": "2019年04月30日 12:42",
              "content": "<p>李醫師，我了解。只是我兒子現在沒辦法出院。沒辦法飛到舊金山請你看診。還是你可以留郵箱，我可以寄他的病例給你？ 謝謝。麻煩了。</p>",
              "level": 2,
              "highlight": false,
              "children": []
            }
          ]
        }
      ]
    },
    {
      "id": "c6c4b7206a83e7fa91eb890c7801e06e",
      "author": "CHLIN",
      "time": "2019年04月30日 12:51",
      "content": "<p>祝福小妹妹在李醫師的治療下，恢復健康的身體。</p>",
      "level": 0,
      "highlight": false,
      "children": []
    },
    {
      "id": "848d0d5e1f0b29d8396789bbc261ef6e",
      "author": "子超RayZ",
      "time": "2019年05月01日 03:55",
      "content": "<p>没想到台湾也有这种只赚钱的吃人医院！给小妹妹祈福，加油！希望李医师后续能继续说下小妹妹的治疗情况，感谢~</p>",
      "level": 0,
      "highlight": false,
      "children": [
        {
          "id": "d94ff704eabb9bba402409267b03d241",
          "author": "andy",
          "time": "2019年05月05日 20:03",
          "content": "<p>台灣全民健保制度在經費補助上面有很多限制，導致許多醫院得小心控制成本，醫院高層管理不一定了解病人需要，但他們卻對醫生施加許多壓力。</p>",
          "level": 1,
          "highlight": true,
          "children": [
            {
              "id": "2f256b6348f5a0b8fae8248972027d6a",
              "author": "大頭",
              "time": "2019年05月26日 22:09",
              "content": "<p>醫院是以營利爲目的而存在的，而醫生是醫院請來幫忙醫院獲利的，當醫院因病人而影響獲利時當然會先檢討醫生是否有違反院內相關規定，醫生雖然不用管經營，卻必需受限於許多規定而綁手綁腳，還必須超時工作，美其名是要維護病人看病的權益，實則是要把醫院的獲利最大化，有些大型醫院連基本的繃帶都要省更遑論其它，病人治療痊癒與否更不在考量之內，超大的病護比例根本是把醫護人員當奴隸在操，這樣的環境能指望醫生能好好看病嗎？<br/>\n只是為人父母為了自己的孩子願意付出一切的心情不在話下，但是即使是愛，方向錯了也沒用，甚至可能是害了孩子，以現在的環境要一般人選擇中醫真的需要很大的勇氣，忽然想起倪海廈老師講過的一句話（言簡綱重）我想祂一定對此有許多的體悟，我想對中醫有信心的人還是很多的，只是如何讓更多人也有信心，真的要靠真正能治病的中醫傳人才行，透過傳承古老的中醫學讓更多人重拾健康，找回人生，那一天ㄧ定會到來的，經方加油，李醫師加油。</p>",
              "level": 2,
              "highlight": false,
              "children": [
                {
                  "id": "aa48fc9397fb089f9e794b5229b849cb",
                  "author": "andy",
                  "time": "2019年05月30日 15:00",
                  "content": "<p>謝謝你的支持與鼓勵。</p>",
                  "level": 3,
                  "highlight": true,
                  "children": []
                }
              ]
            }
          ]
        }
      ]
    },
    {
      "id": "c20b573ff5370874a7cd7cd7f81b4a96",
      "author": "Gordon",
      "time": "2019年05月21日 19:00",
      "content": "<p>為小妹妹祈禱！更加為她父母的選擇而揪心。既然選擇了中醫和李醫師，而且也看到了中醫治療有很明顯的進步，就不應該在左右搖擺了。<br/>\n希望這次她父母能夠堅心！</p>",
      "level": 0,
      "highlight": false,
      "children": []
    },
    {
      "id": "4ce133a719e7df61b6748faf1861e498",
      "author": "明遠",
      "time": "2019年05月25日 03:16",
      "content": "<p>李醫師 您好:</p>\n<p>請問文中提到的老字號的中藥店是哪一家?或是在台灣哪裡可以買到沒有薰過工業硫磺的中藥材?</p>\n<p>謝謝!</p>",
      "level": 0,
      "highlight": false,
      "children": [
        {
          "id": "b43eecbe426628c1d7684d9f01c1657a",
          "author": "andy",
          "time": "2019年05月30日 14:57",
          "content": "<p>你多打聽打聽，就可以找到沒有薰過工業硫磺的中藥材，我在網上就不特意提某一家藥店的名字了。</p>",
          "level": 1,
          "highlight": true,
          "children": []
        }
      ]
    },
    {
      "id": "dd1b57b08e6dea569bb2696770515508",
      "author": "virginia",
      "time": "2019年05月26日 06:46",
      "content": "<p>除了藥材的問題外,對於飲食也要相當的用心,我是一個幾乎不能外食的人,因為會吐,我一直在找原因,直到我讀到”吃對鹽就你命”那本書,才體會出我可能對添加碘及防結塊劑過敏所引發不適(因為平日我都食用天然海鹽及岩鹽),還有對於在服用中藥水藥的我也能體會出,對於水果是必須忌口的,不然白白浪費水藥的功效,我的這番體會才常被很多人質疑跟嗤之以鼻,我若告訴朋友我可以從按壓身體的某個點產生共振然後從骨頭中排出風寒濕,大多數的人都認為是笑話,其實身體很多<br/>\n的疼痛只要使用正確的中藥並配合萬能的雙手把酸水撥開(打開王唯工先生所講的梁山泊及強盜窩)才能讓病好的快.<br/>\n好油好鹽無毒的食品是一個真心想治病的患者必須要遵守的,但現在許多食品都添加許多看不懂的化學名詞,所以患者對食材要更用心才是!還有對於服用中藥堅心是必需的,因為一但有質疑將使治療過程反反又覆覆,然而在治癒的反彈過程中往往會讓許多人打退堂鼓,因為大家已經被西藥的止痛藥根深蒂固的教育,孰不知痠痛麻脹癢吐瀉都是必須經歷的過程!希望對於<br/>\n中醫認同者都能有堅心與勇氣.2019/5/25得知WHO首認中醫感到好開心!</p>",
      "level": 0,
      "highlight": false,
      "children": [
        {
          "id": "d80ee49ac15afa44e8063197d0645620",
          "author": "andy",
          "time": "2019年05月30日 14:57",
          "content": "<p>謝謝你的分享。</p>",
          "level": 1,
          "highlight": true,
          "children": []
        }
      ]
    },
    {
      "id": "a3cf47d6e8f974c7386160599c18a39d",
      "author": "申務民",
      "time": "2021年05月07日 07:19",
      "content": "<p>李醫師，麻煩問下您的中藥購買渠道可以共享嗎</p>",
      "level": 0,
      "highlight": false,
      "children": [
        {
          "id": "ff3d577011a07eb470a0426aa7b6b29d",
          "author": "李宗恩",
          "time": "2021年05月09日 10:16",
          "content": "<p>我們的中藥由幾家美國進出口商負責，我們只確認中藥材品質優良。</p>",
          "level": 1,
          "highlight": true,
          "children": []
        }
      ]
    },
    {
      "id": "fc1e6cd296deb64f33d1582ea9ad4940",
      "author": "暗香疏影",
      "time": "2024年03月25日 06:32",
      "content": "<p>遇不到好中医是没有福报，遇到好中医不完全相信是没有智慧，所谓福慧双修就是此意吧！既然遇到李博士又找到病情反复的原因为何还被能西医恐吓住去再次化疗？前面几次化疗无效的结果没有经历？一声叹息！</p>",
      "level": 0,
      "highlight": false,
      "children": []
    },
    {
      "id": "7232adbda8ee3f2fa3b9b1b6fc9e0242",
      "author": "走走停停",
      "time": "2024年06月20日 22:01",
      "content": "<p>中药的购买渠道真是一个大问题，如果能确保药材品质，宁愿承担更高的费用。</p>",
      "level": 0,
      "highlight": false,
      "children": []
    }
  ],
  "page": 30,
  "order": 8,
  "filename": "data\\page30\\page30_order7_04ff88d671aaa642e7d0916fcb41f362.json"
}