{
  "article_url": "https://andylee.pro/wp/?p=13700",
  "title": "Podcast 01 – 談中醫",
  "content": "<p>一位診所病人邀請我參與她製作的podcast，雖然我沒有太多時間花在社群媒體，但她在看診時問了許多有深度的非醫學問題，讓我覺得可以試一試不一樣的對話。目前沒有特定的題材，也沒有特定的時間表，隨性也隨時間，藉由主持人的提問，和大家聊一聊。</p>\n<p></p>\n<p>錄音檔：</p>\n<div class=\"wp-block-file\"><a href=\"https://andylee.pro/wp/wp-content/uploads/2025/04/1.当我谈中医时我谈些什么.mp3\" id=\"wp-block-file--media-613fbe82-59f2-4408-a4db-f7844ca5432f\">1. 当我谈中医时 我谈些什么</a><a aria-describedby=\"wp-block-file--media-613fbe82-59f2-4408-a4db-f7844ca5432f\" class=\"wp-block-file__button wp-element-button\" download=\"\" href=\"https://andylee.pro/wp/wp-content/uploads/2025/04/1.当我谈中医时我谈些什么.mp3\">下載</a></div>\n<p></p>\n<p>小宇宙：</p>\n<p><a href=\"https://www.xiaoyuzhoufm.com/episode/67b807b905a90dfd0de4278d\">https://www.xiaoyuzhoufm.com/episode/67b807b905a90dfd0de4278d</a></p>\n<p></p>\n<figure class=\"wp-block-image size-large\"><a href=\"https://andylee.pro/wp/wp-content/uploads/2025/04/mmexport1743523887372.jpg\"><img alt=\"\" class=\"wp-image-13698\" decoding=\"async\" fetchpriority=\"high\" height=\"1024\" sizes=\"(max-width: 573px) 100vw, 573px\" src=\"https://andylee.pro/wp/wp-content/uploads/2025/04/mmexport1743523887372-573x1024.jpg\" srcset=\"https://andylee.pro/wp/wp-content/uploads/2025/04/mmexport1743523887372-573x1024.jpg 573w, https://andylee.pro/wp/wp-content/uploads/2025/04/mmexport1743523887372-168x300.jpg 168w, https://andylee.pro/wp/wp-content/uploads/2025/04/mmexport1743523887372-768x1372.jpg 768w, https://andylee.pro/wp/wp-content/uploads/2025/04/mmexport1743523887372-860x1536.jpg 860w, https://andylee.pro/wp/wp-content/uploads/2025/04/mmexport1743523887372-1146x2048.jpg 1146w, https://andylee.pro/wp/wp-content/uploads/2025/04/mmexport1743523887372.jpg 1170w\" width=\"573\"/></a></figure>",
  "article_time": "2025年04月02日 09:19",
  "comments": [
    {
      "id": "0271b4889b753d035b35f7266e066c19",
      "author": "吴茱萸",
      "time": "2025年04月03日 02:38",
      "content": "<p>倪师得安迪，如黄石公得张良。道家向来是师父找徒弟的。</p>",
      "level": 0,
      "highlight": false,
      "children": []
    },
    {
      "id": "a3c9f0ccd1dbbeef2954778010d8398e",
      "author": "吴茱萸",
      "time": "2025年04月04日 21:13",
      "content": "<p>中药制剂，国内才是重灾区。中药是经过脾胃吸收的，制剂直接进入身体，直接绕过肝肾，进入心臓，根本是速死之道。没办法，背后的利益勾结太多了。上千亿规模，根本就不用双盲测试，有后遗症就由中医来背锅！</p>",
      "level": 0,
      "highlight": false,
      "children": []
    },
    {
      "id": "118691a1141c907ca338f666a9cb4f49",
      "author": "辛夷",
      "time": "2025年04月10日 05:24",
      "content": "<p>李博士您好，我是您和倪师的私淑弟子，中医研究生即将毕业。倪师和您让我见识到了真正的中医应该是怎么样的，我也会用我所学，尽可能的去帮助更多的人。一个小问题请教，黄连阿胶汤中鸡子黄是搅散在温凉的汤药中还是每次服用都吞服一颗鸡子黄?</p>",
      "level": 0,
      "highlight": false,
      "children": [
        {
          "id": "ce7c46a372bab06ee29b931cf20cf421",
          "author": "李宗恩",
          "time": "2025年04月10日 19:49",
          "content": "<p>把雞蛋黃加入藥碗中，不要攪動或咬碎，連同湯藥一起吞入。</p>",
          "level": 1,
          "highlight": true,
          "children": []
        }
      ]
    },
    {
      "id": "8c7b167291dfc7f03c0d479b89927db2",
      "author": "吴吉顺",
      "time": "2025年04月19日 23:20",
      "content": "<p>这个录音档好，上下班途中必听，知道了中医的现状，开阔眼界增长见识，李博士的思维清晰也逐渐在影响着我，思维混沌延迟，对事物莫不关心，最主要的是拖延没有时间关键，一晌午一天就过去了，刷视频确实会弱智可以说难听点会变脑残，听到录音的最后五分钟我是深有体会，听了一遍又一遍，时刻在脑中让他保持存在，提醒自己刷视频的危害，从一地鸡毛的中医中总算能看到一个心中的指引，从恁开的处方可以看到倪师的影子，也反向验证是很好的传承了倪师的经方思路，当我知道这个网页时感觉自己也和国际接轨了，学习底气也不在具有局限性，感恩倪师，倪师的一生是从地下往上打到达顶峰，而你是从顶端往下打，（你的学业成就），这对中医就形成了一个完美闭环的 一  。可以很大程度影响现有所谓高学历高知识分子所谓精英等各阶层对正统医学的偏见小瞧</p>",
      "level": 0,
      "highlight": false,
      "children": [
        {
          "id": "509e674401f0ed7d892dfba9ed7dccdc",
          "author": "李宗恩",
          "time": "2025年04月21日 14:27",
          "content": "<p>謝謝你的分享。</p>",
          "level": 1,
          "highlight": true,
          "children": []
        }
      ]
    },
    {
      "id": "deda8ce00c6db01344bf2fc5f7395a4a",
      "author": "哈啰",
      "time": "2025年05月05日 19:04",
      "content": "<p>李医生，给你分享一篇文章，这篇文章比较详细地介绍了胡希恕和冯世纶师徒二人的学术思想，二位都在临床上取得了较大的成绩，我简短摘要几句，他们认为经方和内经是不同的体系，经方与医经的本质上是 “症状反应医学” 与 “病因病机医学” 的范式差异：前者立足患病机体的客观反应，通过六证辨证实现方证对应；后者基于人体生理病理的理论建构，通过病因经络辨证指导施治，并且指出以经释论是不合理的。看了您《当张仲景遇上斯坦福》这本书，似乎与您的观点有些分歧。想请问一下李医生怎么看待，原文链接如下。<br/>\n<a href=\"https://mp.weixin.qq.com/s/3_Es7T1ToKjtNiLUqXJxpQ\" rel=\"nofollow ugc\">https://mp.weixin.qq.com/s/3_Es7T1ToKjtNiLUqXJxpQ</a></p>",
      "level": 0,
      "highlight": false,
      "children": [
        {
          "id": "b0da9c23d1b2e34524093ff0dd26da96",
          "author": "李宗恩",
          "time": "2025年05月08日 20:15",
          "content": "<p>黃帝內經和傷寒雜病論，都是在解釋人體運作的方式及問題，只是從不同角度來闡述而已，因此，我不認為有什麼不同體系的說法。即使是中醫和西醫，也是用不同角度來了解人體，觀點不一樣，但真的融會貫通後，兩者在理論上是可以互相結合的。當然，這不代表中醫認可西醫所有的治療方式，畢竟西醫的治療偏重局部，較缺乏整體的考量。</p>",
          "level": 1,
          "highlight": true,
          "children": []
        }
      ]
    }
  ],
  "timestamp": 1747800137.3334413,
  "page": 3,
  "order": 3,
  "filename": "data\\page3\\page3_order2_3f1aaf759bda2d5f936433a538dc5fa5.json"
}