{
  "article_url": "https://andylee.pro/wp/?p=4084",
  "title": "FM 96.1 : 2017新年談君主之官－心臟",
  "content": "<!--[if lt IE 9]><script>document.createElement('audio');</script><![endif]-->\n<audio class=\"wp-audio-shortcode\" controls=\"controls\" id=\"audio-4084-1\" preload=\"none\" style=\"width: 100%;\"><source src=\"https://andylee.pro/wp/wp-content/uploads/2017/01/drcase-20170103-510-540pm-26m08s-1.mp3?_=1\" type=\"audio/mpeg\"/><a href=\"https://andylee.pro/wp/wp-content/uploads/2017/01/drcase-20170103-510-540pm-26m08s-1.mp3\">https://andylee.pro/wp/wp-content/uploads/2017/01/drcase-20170103-510-540pm-26m08s-1.mp3</a></audio>\n<p>新年好，2017年的第一期《名醫說案》節目我們來和李醫生一起談談被稱為“君主之官”的心臟。新近幾週天氣很冷，診所陸續有病人致電反應自己的心臟不舒服。人體的熱能是心臟產生的， 心臟產生的熱能除了供應能量保證人體各功能的正常運轉之外，還需要保證人體的供暖。如果天氣很冷，保暖消耗的熱能增加，剩下的熱能就可能不足以供給保證人體的正常運轉。</p>\n<p>心臟問題有諸多種類，我們今天主要來談談西醫所說的“心肌梗塞”（Myocardial infarction简称MI）。心肌梗塞，西醫理解為膽固醇(cholestrol)等雜物堵塞冠狀動脈，中醫解釋是冠狀動脈有濕，使得其中的血液無法通行，出現心肌缺血（Myocardial ischemia）。心臟的的血包括（一）傳送到全身的血。（二）支持心臟本器官正常工作的血。成人的心臟只有一個拳頭那麼大，但血量卻占全身的5%，因為心臟本身需要大量的血不斷的泵血供給全身細胞能量。若是充當引擎作用的心臟的自身能量供給減弱的話，心肌就會缺血壞死，最後心臟就停止跳動。不過，心臟並不會毫無徵兆地停止跳動，心梗的警示徵兆包括（一）胸痛、心跳加速。很多人有被“鬼壓床”的經歷，除了歸結為幻覺之外，另外一個可能的原因就是心臟病，因為病人的心臟感覺到有壓力在。當心肌堵塞，心臟能量減弱後，心臟正常的跳動無法提供足夠的血量，導致心臟只能加速跳動。這種情況下，病人自己會感覺到心慌。若是脈搏跳到120、130，西醫是要送急診的。（二）冒冷汗。心主五液（包括汗液），中西醫都認為心臟病患者會流冷汗。莫名奇妙流冷汗的患者，要及早就醫檢查，嚴重者有猝死的危險。</p>\n<p>下面我們分別來談談中、西醫是怎麼治療冠狀動脈堵塞、心肌梗塞的。</p>\n<p>西醫治療方法：</p>\n<p>（一）冠狀動脈搭橋手術。研究表明，搭橋手術只能短期內讓病人舒服一些，長期來看患者的存活率很低，做與不做該手術差別並不大。另外，搭橋手術屬於很大的手術，次數有限制，在美國很少有人做超過三次。</p>\n<p>（二）用血液稀釋劑 (Esprin, Warfarin)。壞處至少有兩個，一是病人受傷後難止血；二是長期服用造成血管壁脆。</p>\n<p>（三）醫療微型機器人（microbot ）清理血管裡的堵塞。大於50%的心肌梗塞是由於血管外面的壓力增大造成血管變小。中醫的的祛濕去瘀不僅僅侷限在血管裡面，也包括血管壁外面的濕瘀。</p>\n<p>中醫的治療方法：</p>\n<p>（一）祛濕去瘀。短期內用紅花、丹皮去瘀，因為攻血藥用太久心臟會衰弱，心血和心臟的功能都要補回來，可以重用蜜炙甘草強心，飲食上可以吃些紅肉（牛、羊肉）補血。</p>\n<p>（二）增強心臟功能。</p>\n<p>1.     “六根針”針灸療法。中醫對心臟病的急救，無論是心肌梗塞、心臟肥大、或是心臟虛弱，雖然辯證用藥上差別很大，針灸的“六根針”急救都很有效。這六根針指的是公孫（左右各一個）、內關（左右各一個）、巨闕（一個）、關元（一個）。公孫和內關為一對八脈交會穴（十二正經與奇經八脈交會的特定穴），這對穴負責加強上焦從橫膈膜到咽喉的部位。巨闕為心的募穴（臟腑之氣匯聚於胸腹部的腧穴，可用來治本臟腑的疾病），位於心蔽骨下一寸。關元是小腸的募穴，位於肚臍下三寸，也是俗話說的丹田；心火為君火，君火下傳小腸，小腸的火稱為相火，君火委託相火處理事物，因此該針法包括小腸的募穴關元。臨床上觀察，病人經過“六根針”的治療後，原本不見的心脈搏動（位於左手腕關節的寸脈處）就恢復搏動了。臨床案例一則：一硅谷名人，說話時舌頭偏向一邊，還不由自主地圖舌頭。李醫師告知他可能有心臟病，可當事人並不相信天天跑步的自己會有什麼心臟病，於是置之不理。兩年後，果然心臟病發作前來就診，下針後病人表示舒服很多。心臟為“君主之官”，若不是馬上有性命之憂的病人若心臟有問題，一定先把心臟治好，再治其它病。君主要是倒下了，其他大將再強大也無濟於事。</p>\n<p>2.     利用中醫的五聲功法急救。西醫大力宣傳心臟病發作的時候用力咳嗽可以暫時打通堵塞。中醫認為每個內臟都有一個對應的聲音， 對應“心、肝、脾、肺、腎、心包”的五聲分別為“嘘、呵、呼、嘶、吹、嘻”。心臟病發作時自行急救的一個方法是：離牆3寸左右，背對牆壁，使勁發出“呵”聲，就像打空手道發出的聲音，同時弓背撞牆，注意別傷到頭和脊椎。這樣做的效果要比西醫推薦的有力咳效果更佳。</p>\n<p><strong>總結：</strong>冬天屬水，對於屬性為火的心臟本來負擔就很重。西醫統計也認為冬季是心臟病多發的季節。以上所述的一些急救方法希望對大家有幫助，但是心臟有病要及早找專業的醫生治療，不宜拖延。</p>\n<p><strong>（語音檔案由FM96.1電台提供，文章摘錄自語音檔案內容，部分文字略有異同，敬請見諒。）</strong></p>",
  "article_time": "2017年01月03日 22:34",
  "comments": [
    {
      "id": "e1de9b911d2b0784c72e9d6bfeb39172",
      "author": "Behappy",
      "time": "2017年02月05日 20:35",
      "content": "<p>李医师您好，自觉身体有很多问题，很瘦，消化不好，心跳过速，一排大便，肚子就会马上饿，如果不马上吃饭，就会心慌，有脐上悸，这种情况，估计连生孩子都困难，但是也到了要生孩子的年龄了。</p>\n<p>很想来美国看诊，由于我在国内，所以短期内只能飞来诊所一次。请问这种情况，能接受看诊吗？谢谢。</p>",
      "level": 0,
      "highlight": false,
      "children": [
        {
          "id": "33ace751761801b84409dc9cbe707e68",
          "author": "andy",
          "time": "2017年02月06日 10:13",
          "content": "<p>當面看診一次，比較能深入了解病情，之後以遠程視訊看診，雖然不是最理想的方式，還是可以幫助到病人，有不少亞洲的病人以遠程視訊看診。</p>",
          "level": 1,
          "highlight": true,
          "children": [
            {
              "id": "db71d5fa511c91c83d977d7b9d4c4cac",
              "author": "了了",
              "time": "2017年02月06日 20:47",
              "content": "<p>李医师，您好，身体不舒服很久了，看了很多中医效果都不太好，想问下诊所远程视讯看诊怎么进行，可以预约吗？有联系方式吗？拜托了</p>",
              "level": 2,
              "highlight": false,
              "children": [
                {
                  "id": "6589226658a243bd5fddfb316529b930",
                  "author": "andy",
                  "time": "2017年02月06日 21:00",
                  "content": "<p><a href=\"mailto:info@youngQi.com\">info@youngQi.com</a></p>",
                  "level": 3,
                  "highlight": true,
                  "children": []
                }
              ]
            }
          ]
        }
      ]
    },
    {
      "id": "f83a6e4058f39cffef3307609eec44f7",
      "author": "小H",
      "time": "2018年11月23日 16:13",
      "content": "<p>李博士，請問老人家心臟總感覺空空的，涼涼的，可能的原因是什麽？</p>",
      "level": 0,
      "highlight": false,
      "children": [
        {
          "id": "add18dd22b68db6f36a7835cf69622a7",
          "author": "andy",
          "time": "2018年11月26日 20:00",
          "content": "<p>常聽到老人家有這樣形容的感覺，大多和心陽不足有關，但是，真的治療還是得仔細看診才行。</p>",
          "level": 1,
          "highlight": true,
          "children": []
        }
      ]
    },
    {
      "id": "fc8913f9f57bec66bb42f43e6e4f5247",
      "author": "闫中天",
      "time": "2023年11月01日 01:16",
      "content": "<p>老师，我一直理解不了为什么桂枝芍药知母汤能去神经血脉的湿，能解释一下吗？</p>",
      "level": 0,
      "highlight": false,
      "children": [
        {
          "id": "c35feb0abe322a695562a0f091be4f15",
          "author": "李宗恩",
          "time": "2023年11月07日 09:27",
          "content": "<p>不要隨便想到什麼問題就一直在這裡發問，你自己應該先好好研讀倪老師的中醫教材。</p>",
          "level": 1,
          "highlight": true,
          "children": []
        }
      ]
    },
    {
      "id": "f7450706d37a22705ecfeb7b98eecbb1",
      "author": "明遠",
      "time": "2023年11月06日 14:10",
      "content": "<p>李醫師 您好:<br/>\n在案例中有提到鬼壓床，我想請問有沒有比較新的了解?我這五年來有過幾次鬼壓床，共同的情況是人突然清醒但不能動，大部分無法說話，只有一次用盡全力勉強說出救命，但聲音非常微弱，白天晚上都發生過。幾天前下午又出現一次鬼壓床，人清醒但全身不能動，說不出話，身旁有奇怪的聲音，眼睛能全部張開，但靠近下眼瞼的視線是黑的，感覺胸口橫膈附近，有很多手壓著且不斷的快速游移，讓人感到恐懼不安，不知多久可能是幾分鐘後，症狀消失恢復正常。事後想來，胸口有壓迫感且不斷游移，似乎像是奔豚那種氣亂衝的現象，但不是由少腹往上衝，而是一直在胸口橫膈附近亂衝。我認為應該不是鬼，因為白天也發生過，不像是幻覺，因為人是完全清醒，而且周遭背景聲音都聽得到。我怕這種情況如果嚴重或許會癱瘓或猝死。</p>",
      "level": 0,
      "highlight": false,
      "children": [
        {
          "id": "6570b029a9fe57039fcb0ce50b753e8f",
          "author": "李宗恩",
          "time": "2023年11月07日 11:28",
          "content": "<p>大多數的「鬼壓床」是頭腦部分清醒部分仍未清醒的結果。</p>",
          "level": 1,
          "highlight": true,
          "children": []
        }
      ]
    }
  ],
  "page": 41,
  "order": 5,
  "filename": "data\\page41\\page41_order4_f83a6e4058f39cffef3307609eec44f7.json"
}