{
  "article_url": "https://andylee.pro/wp/?p=13344",
  "title": "第十四屆國際經方班 – 新加坡 12月7～8日",
  "content": "<p>幾週前，廣州中醫藥大學李賽美教授來函，再度邀請我參加今年的國際經方班。這次國際經方班和新加坡有關單位共同在新加坡舉辦大會，希望我能親自飛往新加坡參加，而不是像前幾次因新冠疫情而改為預錄視頻。主辦單位盛情難卻，我會特地飛往大會現場演講教學。這次演講教學的主題為中醫抗癌與防癌，配合目前正在撰寫的新書內容，期待讓與會者及讀者藉由抗癌防癌的思路來認識中醫。</p>\n<p><strong>《高层论坛》：2024</strong><strong>’新加坡国际中医药高层论坛暨</strong><strong>第十四届国际经方班（新加坡站）</strong></p>\n<p>由新加坡中医师公会、新加坡中医研究院、广东省中医药学会、广州中医药大学与广州中医药大学第一附属医院共同主办，新加坡中医学院承办，中华医院、中华医药研究院与中华针灸研究院共同协办的2024’新加坡国际中医药高层论坛暨第十四届国际经方班，定于<strong>2024年12月7 – 8日</strong>，在新加坡滨海湾金沙举行。现将有关事宜通知如下：<br/><br/>一、<strong>论坛主题：</strong>中医循证、整合医学与中医药防治疑难病、慢性病新进展<br/><br/>二、<strong>论坛目的：</strong>中医学发展的关键在于临床疗效的提高，本届论坛针对中医循证、整合医学与中医药防治疑难病、慢性病新进展和特色疗法的临床应用进行广泛的国际交流与研讨。以冀促进我国中医循证、整合医学与中医药防治疑难病、慢性病学术及临床治疗水平的进一步提高，从而造福广大民众。<br/><br/>三、<strong>论坛地点：</strong>新加坡滨海湾金沙（Sands Expo and Convention Centre, Level 4, Roselle &amp; Peony Junior Ballroom, 10 Bayfront Ave, Singapore, 018956）。<br/><br/>四、<strong>论坛时间：</strong>12月7日 – 8日全天<br/><br/>五、<strong>论坛形式：</strong>12月7日现场，12月8日可选择线上或现场参与。（费用一致）<br/><strong><br/></strong>六、<strong>论坛规模：</strong>拟组织国内外中医药专家及同行约500人参加。<br/><br/>七、<strong>会议议程：</strong><em>请等待第二轮通知。</em><br/><em><br/></em>八、<strong>CPE学分：</strong>待批<br/><em><br/></em>九、<strong>征文通知：</strong>请阅读<strong>第一轮通知 –</strong><strong>【</strong><strong><a href=\"https://1drv.ms/b/c/3757afc80d42525b/ESXGMJJavktHimyuTw7RpfgBnQanphNnuz_t-B56jafRZw\" rel=\"noreferrer noopener\" target=\"_blank\">https://1drv.ms/b/c/3757afc80d42525b/ESXGMJJavktHimyuTw7RpfgBnQanphNnuz_t-B56jafRZw</a></strong><strong>】</strong>。<br/><br/>十、<strong>论坛费用：</strong>请按照身份查看费用。</p>\n<ul class=\"wp-block-list\">\n<li>学院在籍学生：$240（优惠价），$300（标准价），含9%消费税</li>\n<li>公会理事、驻院医师、义务医师、学院讲导师、中华中医药中心医师或职员：$300（优惠价），$380（标准价），含9%消费税</li>\n<li>公会会员：$380（优惠价），$480（标准价），含9%消费税</li>\n<li>学院短期课程校友、往届生（非医师）：$380（优惠价），$480（标准价），含9%消费税</li>\n<li>注册中医师/针灸师、海外中医师/针灸师、其他：$480（优惠价），$600（标准价），含9%消费税</li>\n</ul>\n<ul class=\"wp-block-list\">\n<li><strong>10月20日</strong>之前报名将享有提早报名优惠价。</li>\n<li><strong>10月1日</strong>之前报名者，将免费享有【第十四届国际经方班 <strong>· </strong>中国山西站】（10月25 – 27日）线上直播学习。</li>\n</ul>\n<p>              注：山西站需自行申请学分；1天4分，3天12分。</p>\n<p>十一、<strong>赞助报名：</strong>请阅读此文件 -【<strong><a href=\"https://1drv.ms/b/c/3757afc80d42525b/EQtYBvgHgt5CkqKjWzVC1hgBACxk754lB5A2TKQ9IqmloQ\" rel=\"noreferrer noopener\" target=\"_blank\">https://1drv.ms/b/c/3757afc80d42525b/EQtYBvgHgt5CkqKjWzVC1hgBACxk754lB5A2TKQ9IqmloQ</a></strong>】</p>\n<p>十二、<strong>机构团体报名（5人及以上将享有优惠价）：</strong>请用此文件 -【<strong><a href=\"https://1drv.ms/x/c/3757afc80d42525b/Ecdbtxp3UeBFgtEXUu7_RbAB8C1TSCdgYPyGPb1SyRwN4w\" rel=\"noreferrer noopener\" target=\"_blank\">https://1drv.ms/x/c/3757afc80d42525b/Ecdbtxp3UeBFgtEXUu7_RbAB8C1TSCdgYPyGPb1SyRwN4w</a></strong>】<br/><strong><br/></strong><strong>讲座退费规定：</strong><br/>1. 学术大会如果无故取消或更改日期，导致报名者无法出席大会，均可申请退费或选择调换其他讲座。<br/>2. 报名者因个人原因不能出席学术大会，可以申请退费，但须在大会开始前的<strong>30天</strong>前提出申请。如申请少于30天，报名费已计入开办学术大会的保本成本核算，故恕不接受退费申请。<br/>3. 申请退费须提交付款收据。</p>\n<p><strong>录像和照相通知：</strong><br/>当您参加由新加坡中医学院举办的活动时，即表示您同意接受采访、照相、录音、录像并将其发布、出版、展览或被复制于新闻、网络、宣传活动、电视广播、广告及社交媒体上，或学院及其附属机构和代表要求的任何其他目的。</p>\n<figure class=\"wp-block-image size-medium\"><a href=\"https://andylee.pro/wp/wp-content/uploads/2024/08/QRCode-for-2024JINGFANG.png\"><img alt=\"\" class=\"wp-image-13342\" decoding=\"async\" fetchpriority=\"high\" height=\"300\" sizes=\"(max-width: 300px) 100vw, 300px\" src=\"https://andylee.pro/wp/wp-content/uploads/2024/08/QRCode-for-2024JINGFANG-300x300.png\" srcset=\"https://andylee.pro/wp/wp-content/uploads/2024/08/QRCode-for-2024JINGFANG-300x300.png 300w, https://andylee.pro/wp/wp-content/uploads/2024/08/QRCode-for-2024JINGFANG-1024x1024.png 1024w, https://andylee.pro/wp/wp-content/uploads/2024/08/QRCode-for-2024JINGFANG-150x150.png 150w, https://andylee.pro/wp/wp-content/uploads/2024/08/QRCode-for-2024JINGFANG-768x768.png 768w, https://andylee.pro/wp/wp-content/uploads/2024/08/QRCode-for-2024JINGFANG-1536x1536.png 1536w, https://andylee.pro/wp/wp-content/uploads/2024/08/QRCode-for-2024JINGFANG.png 1890w\" width=\"300\"/></a></figure>",
  "article_time": "2024年08月15日 13:56",
  "comments": [
    {
      "id": "8a5e160e79ce10900aa6c24d0dfe6b71",
      "author": "李梁",
      "time": "2024年08月15日 14:50",
      "content": "<p>请问宗恩老师，10月25-27号的线上教学单独参加的话，费用是多少？本次的的国际经方班会有视频录音档吗？</p>",
      "level": 0,
      "highlight": false,
      "children": [
        {
          "id": "abde41dcdf382544b39f67d3bd79f9a8",
          "author": "y",
          "time": "2024年08月15日 20:00",
          "content": "<p>费用文中不是写得很清楚了吗</p>",
          "level": 1,
          "highlight": false,
          "children": [
            {
              "id": "8adfbc951eb9607cafae5bead52abf4f",
              "author": "李梁",
              "time": "2024年08月16日 07:44",
              "content": "<p>我说单独的山西站！</p>",
              "level": 2,
              "highlight": false,
              "children": []
            }
          ]
        },
        {
          "id": "69db261ee8c27e14a7590bc14f48b4fa",
          "author": "李宗恩",
          "time": "2024年08月17日 18:39",
          "content": "<p>這種事情，你應該自己去問主辦單位。</p>",
          "level": 1,
          "highlight": true,
          "children": [
            {
              "id": "80d060f96a9f9f82a3ac471f112ed101",
              "author": "釋昌恆",
              "time": "2024年12月07日 14:15",
              "content": "<p>李老师 请问在台湾能看到您的诊吗？或者线上看诊，人在台湾</p>",
              "level": 2,
              "highlight": false,
              "children": [
                {
                  "id": "f69d99065b2a63eef74a369b0868a0a1",
                  "author": "李宗恩",
                  "time": "2024年12月10日 14:32",
                  "content": "<p>只能線上看診，網頁上不是有診所資料嗎？</p>",
                  "level": 3,
                  "highlight": true,
                  "children": []
                }
              ]
            }
          ]
        },
        {
          "id": "311cdf9dcb6ee38b35386339e6155f52",
          "author": "黄子聪",
          "time": "2024年08月20日 05:17",
          "content": "<p>老兄，我想和你聊聊是否可以？我微信13411488621</p>",
          "level": 1,
          "highlight": false,
          "children": []
        }
      ]
    },
    {
      "id": "df3556f8c1001bfad02ea16199db83f2",
      "author": "送你座帆船",
      "time": "2024年08月15日 19:34",
      "content": "<p>时间过得真快啊，现在还依稀记得13届讲的什么</p>",
      "level": 0,
      "highlight": false,
      "children": []
    },
    {
      "id": "0132a8218f28ecd363b3928a9af64934",
      "author": "小冉",
      "time": "2024年08月15日 23:53",
      "content": "<p>期待李医师的精彩讲授！</p>",
      "level": 0,
      "highlight": false,
      "children": []
    },
    {
      "id": "ebb8029c74a5f905e70225083f58c609",
      "author": "哈啰",
      "time": "2024年08月16日 01:50",
      "content": "<p>这次的录像李医生您会上传吗</p>",
      "level": 0,
      "highlight": false,
      "children": [
        {
          "id": "87863b8c60a76402ab0161d80af1f6f3",
          "author": "李宗恩",
          "time": "2024年08月17日 18:39",
          "content": "<p>不會。</p>",
          "level": 1,
          "highlight": true,
          "children": []
        }
      ]
    },
    {
      "id": "c37433827c028f4de98aa875f3ff783a",
      "author": "秦瑞锋",
      "time": "2024年08月16日 19:38",
      "content": "<p>参会的授课老师都有谁呢？</p>",
      "level": 0,
      "highlight": false,
      "children": [
        {
          "id": "e6edb69668290d13ce690e5f2d7835bf",
          "author": "李宗恩",
          "time": "2024年08月17日 18:40",
          "content": "<p>你應該自己去問主辦單位。</p>",
          "level": 1,
          "highlight": true,
          "children": []
        }
      ]
    },
    {
      "id": "05af74d6803a12624099afda337061fb",
      "author": "小宇宙",
      "time": "2024年08月17日 08:57",
      "content": "<p>期待李医师的演讲，再请教一下，对于刚进入青春期的男孩，单纯艾灸身柱穴是能明显提高身高吗，如果能，大约会什么程度的帮助，谢谢李医师。</p>",
      "level": 0,
      "highlight": false,
      "children": [
        {
          "id": "617de68b951348553a4661c8908eaf1a",
          "author": "李宗恩",
          "time": "2024年08月17日 18:41",
          "content": "<p>早睡、營養均衡、少玩手機及遊戲，是最主要的方法。</p>",
          "level": 1,
          "highlight": true,
          "children": [
            {
              "id": "3548624a7fffae5ff4fa53d3d9ca1982",
              "author": "一壶酒",
              "time": "2024年08月18日 16:56",
              "content": "<p>李博士，意思是单纯艾灸身柱穴这个方法其实不是那么有效，效果不是那么明显吧？</p>",
              "level": 2,
              "highlight": false,
              "children": [
                {
                  "id": "f03d3f843a906cbb510761c3ca17157b",
                  "author": "朱强生",
                  "time": "2024年08月18日 20:09",
                  "content": "<p>李宗恩老师今年出版的新书《养儿育女必备中医知识》推荐给你，关于养儿育女的主题里面聊了很多，对于长高问题也有论述，希望能帮到你。</p>",
                  "level": 3,
                  "highlight": false,
                  "children": []
                },
                {
                  "id": "b12c48d7fac17807ba7b2a3f3d6c7452",
                  "author": "古中医学者",
                  "time": "2024年10月28日 20:11",
                  "content": "<p>天人合一，顺其自然<br>\n合理膳食，养精蓄锐，减少内耗，护卫元神，精神充沛，艾灸身柱，怕你不懂，再简单点，打铁还需自身硬。Commonsense，</br></p>",
                  "level": 3,
                  "highlight": false,
                  "children": []
                }
              ]
            }
          ]
        }
      ]
    },
    {
      "id": "0c96d403a184dcb71d7db53f0fc0589b",
      "author": "笑盈盈",
      "time": "2024年08月18日 03:54",
      "content": "<p>李医生、 吃了抗抑郁药后， 没有情感、现在是情感淡漠、来信就是想问一下吃过西药后、能否治疗， 如果可以愿意去美国</p>",
      "level": 0,
      "highlight": false,
      "children": [
        {
          "id": "46c9f0aba4e29460e385bd80c25cc4d6",
          "author": "李宗恩",
          "time": "2024年08月18日 12:50",
          "content": "<p>同樣的問題，不要在不同文章下重複問。</p>",
          "level": 1,
          "highlight": true,
          "children": [
            {
              "id": "d88b7bced7bbbab2e6fb6666c59f05eb",
              "author": "笑盈盈",
              "time": "2024年08月18日 18:23",
              "content": "<p>李医生不好意思，因为发表时候有网络延迟， 以为没有发布成功</p>",
              "level": 2,
              "highlight": false,
              "children": []
            },
            {
              "id": "bb0285295f0f79f8eedb0c1ffe766858",
              "author": "杜生",
              "time": "2024年08月28日 05:26",
              "content": "<p>请教李医生，有个困惑想请教你，一吃黄芪脸上就起疹子都是一点点白色的像豆豆一样是什么原因。</p>",
              "level": 2,
              "highlight": false,
              "children": [
                {
                  "id": "096cd73a83711d84d2d93d2547247987",
                  "author": "李梁",
                  "time": "2024年08月28日 12:00",
                  "content": "<p>那你先得问你自己，为啥要吃黄芪？</p>",
                  "level": 3,
                  "highlight": false,
                  "children": []
                },
                {
                  "id": "d8418a165f563fc2a1d9f983e5e69ba3",
                  "author": "李宗恩",
                  "time": "2024年08月29日 14:25",
                  "content": "<p>中醫不是以單一症狀來診斷。</p>",
                  "level": 3,
                  "highlight": true,
                  "children": []
                }
              ]
            }
          ]
        }
      ]
    },
    {
      "id": "4235f6cdd9096823fcd103a424d3f6d6",
      "author": "dhshdhjs",
      "time": "2024年08月18日 06:16",
      "content": "<p>祝老师一切顺利！</p>",
      "level": 0,
      "highlight": false,
      "children": []
    },
    {
      "id": "edd65188abf83fddf92888548c05cc4d",
      "author": "朱强生",
      "time": "2024年08月18日 20:05",
      "content": "<p>李老师您好，按您说的把生附子放进烤箱40度烘烤24小时后得到的炮附子，看起来和生附子好像没有什么不同，只是原本的气味变淡了许多，请问这种方式炮制出的附子就是这样的吗？有什么炮制“到位”的标准可以细说一下吗？</p>",
      "level": 0,
      "highlight": false,
      "children": [
        {
          "id": "214e64fa37f8e1728c1b793ebdf79471",
          "author": "李宗恩",
          "time": "2024年08月19日 21:50",
          "content": "<p>130攝氏度，2～3小時。</p>",
          "level": 1,
          "highlight": true,
          "children": [
            {
              "id": "eab6c01404eeb8e7097d3911403efe1e",
              "author": "朱强生",
              "time": "2024年08月24日 05:32",
              "content": "<p>谢谢老师！</p>",
              "level": 2,
              "highlight": false,
              "children": []
            },
            {
              "id": "0da3eac794bc597ec87bcfb81662c1f2",
              "author": "Yingnan",
              "time": "2024年12月05日 18:24",
              "content": "<p>请问李博士，烤箱制作炮附，您回复提到的’生附子’指的是新鲜采摘带水份的那种生附子，还是指在药商手里买到的已经风干脱水的生附子呢？谢谢。</p>",
              "level": 2,
              "highlight": false,
              "children": [
                {
                  "id": "a7e8f08800984496deda030796cbe5fe",
                  "author": "一壶酒",
                  "time": "2024年12月06日 15:47",
                  "content": "<p>从出口到进口再到李博士手里需要多长时间？</p>",
                  "level": 3,
                  "highlight": false,
                  "children": []
                },
                {
                  "id": "44d327624ce578ea648e0b392e8f25f7",
                  "author": "李宗恩",
                  "time": "2024年12月10日 14:24",
                  "content": "<p>乾的生附子</p>",
                  "level": 3,
                  "highlight": true,
                  "children": []
                }
              ]
            }
          ]
        }
      ]
    },
    {
      "id": "0a4cf429b3839c98baab5234d9dd88cd",
      "author": "颜瑞香",
      "time": "2024年08月19日 04:10",
      "content": "<p>李医生，今天是中国医师节，虽然您的国籍是美国籍，但是您一直默默的在为宣传正统的中医文化在努力，而且救人无数！大爱无国界。祝您节日快乐！平安幸福！</p>",
      "level": 0,
      "highlight": false,
      "children": [
        {
          "id": "bebc54e9d2bf91ca2b9d4a39454ba345",
          "author": "李宗恩",
          "time": "2024年08月19日 21:50",
          "content": "<p>謝謝你的祝福。</p>",
          "level": 1,
          "highlight": true,
          "children": []
        }
      ]
    },
    {
      "id": "64c590b27cac3a1ffd1bad0895180e09",
      "author": "王嘉俊WJJ",
      "time": "2024年08月20日 07:24",
      "content": "<p>李醫生你好，請問</p>\n<p>對於「天柱穴」、「風池穴」，倪老師的定位與醫學院以及一般針灸教材相比，兩穴位置反過來了，令人困惑。此外，風池穴針刺朝向有說朝向顴骨安全，有說朝向眼睛安全，就您臨床經驗，何種更安全。</p>\n<p>「申脈」也是各家爭議。在定位上，上下能差一寸。在手法，斜刺還是直刺有異議。</p>\n<p>謝謝</p>",
      "level": 0,
      "highlight": false,
      "children": [
        {
          "id": "20f68458f336f756b4aefd329d705d3e",
          "author": "李宗恩",
          "time": "2024年08月21日 12:03",
          "content": "<p>倪老師錄製針灸教學時，有些地方有口誤，正版學生早就收到校正。針灸許多細節，一直都不是統一的，譬如中國、日本、韓國教導針灸的穴位及使用細節，往往有差異。</p>",
          "level": 1,
          "highlight": true,
          "children": []
        }
      ]
    },
    {
      "id": "3a2cf2ab6f2d4a3aef3a2a383e17c2e1",
      "author": "Jelly",
      "time": "2024年08月20日 08:22",
      "content": "<p>李医生您好，想请教您，如果母亲没有母乳，您说过不建议喝牛奶，那奶粉是否也不建议？请问您建议婴儿喝什么呢？</p>",
      "level": 0,
      "highlight": false,
      "children": [
        {
          "id": "ac4c8d1bf1f2d6a23fe549459f6a58d3",
          "author": "李宗恩",
          "time": "2024年08月21日 11:46",
          "content": "<p>不是說不能喝牛奶，而是不要以為牛奶是很好的食物，刻意一直喝。牛奶比奶粉好一些。</p>",
          "level": 1,
          "highlight": true,
          "children": []
        }
      ]
    },
    {
      "id": "3aef850df20e6034aee687ece38429c6",
      "author": "llau",
      "time": "2024年08月21日 01:16",
      "content": "<p>李医生好：</p>\n<p>    请教李医生筋膜炎是气滞血瘀的一种表现吗？</p>",
      "level": 0,
      "highlight": false,
      "children": [
        {
          "id": "566bc2da580eaba595a135600c82d22e",
          "author": "李宗恩",
          "time": "2024年08月21日 11:52",
          "content": "<p>中醫不是以西醫病名來對應。</p>",
          "level": 1,
          "highlight": true,
          "children": []
        }
      ]
    },
    {
      "id": "58b058f09a9f6171f0e457ca12d8f32a",
      "author": "曾",
      "time": "2024年08月21日 03:57",
      "content": "<p>李老师您好，请教您个问题。西医所谓的皮肤划痕症，就是用指甲或钝器划过皮肤时，会发生与划痕一致的条状隆起（无痒痛），造成这种问题的原因和治疗思路是否和您书里《养儿育女必备中医知识》描写皮疹时所述一致？</p>",
      "level": 0,
      "highlight": false,
      "children": [
        {
          "id": "42f1ec0b97cb0472169359510de9cb23",
          "author": "李宗恩",
          "time": "2024年08月21日 11:53",
          "content": "<p>不一樣。</p>",
          "level": 1,
          "highlight": true,
          "children": [
            {
              "id": "23b2bac16490f4ab3d10d30ef20991c6",
              "author": "曾",
              "time": "2024年08月22日 07:06",
              "content": "<p>好的。那您是否可以提供一个关于所谓皮肤划痕症的一个治疗思考方向？</p>",
              "level": 2,
              "highlight": false,
              "children": [
                {
                  "id": "b46c7041f119b4a2d97849868fd1cdb8",
                  "author": "李宗恩",
                  "time": "2024年08月26日 15:31",
                  "content": "<p>已經說過很多次，中醫不是以單一症狀來診斷治療。</p>",
                  "level": 3,
                  "highlight": true,
                  "children": [
                    {
                      "id": "d5b3ff0150a1085e273f60bee7a48c13",
                      "author": "曾",
                      "time": "2024年08月30日 19:32",
                      "content": "<p>好的李老师，是我想浅薄了，感恩您的回复。</p>",
                      "level": 4,
                      "highlight": false,
                      "children": []
                    }
                  ]
                }
              ]
            }
          ]
        }
      ]
    },
    {
      "id": "acc48e2fffdad93a9f5454e63de88667",
      "author": "图书门童",
      "time": "2024年08月21日 09:15",
      "content": "<p>李医师，我想请问您怎么看陆九芝说的“阳明无死症”？<br>\n倪师说艾滋病初期是阳明症，根本不会致命，是吃了西药治疗后传的经。<br>\n李医生也同意这个看法吗？您怎么看待阳明无死症这个问题？和艾滋病的问题？</br></br></p>",
      "level": 0,
      "highlight": false,
      "children": [
        {
          "id": "fb06af69e05b8b2427fb570719823941",
          "author": "李宗恩",
          "time": "2024年08月21日 11:58",
          "content": "<p>陽明本身無死症，然而，病人很少只有單一問題，其它的問題會讓原本單純的陽明症複雜化，轉移到陽明之外，或者一開始就已經不是單純的陽明證。愛滋病初期，有陽明證的表現，但往往不只是陽明證。除了西藥治療外，許多其它原因也會讓其超出陽明證的範疇。</p>",
          "level": 1,
          "highlight": true,
          "children": [
            {
              "id": "71d987a3e3c71920339f69077950f506",
              "author": "dhshdhjs",
              "time": "2024年08月22日 03:04",
              "content": "<p>中医的辨证论治能否治疗好西医所谓的艾滋病吗？李老师</p>",
              "level": 2,
              "highlight": false,
              "children": [
                {
                  "id": "0411947676327e815f08f623c1ed6e7f",
                  "author": "李宗恩",
                  "time": "2024年08月26日 15:30",
                  "content": "<p>倪老師和我都沒有足夠的愛滋病病例，無法證實中醫能否治癒愛滋病。</p>",
                  "level": 3,
                  "highlight": true,
                  "children": []
                }
              ]
            },
            {
              "id": "3325d528e84ee57960ac5a49d24c0db9",
              "author": "图书门童",
              "time": "2024年08月22日 11:52",
              "content": "<p>李医师您好，感谢您的回复。其实我们都很想知道，您是否有遇到类似的病例？就是说中医，或者说是您使用中医药遇上阳明症初期的艾滋病真的可以治愈吗？我的意思是您有治愈成功的案例吗？因为现实大多数人都不知道中医能做的有多少。</p>",
              "level": 2,
              "highlight": false,
              "children": [
                {
                  "id": "d8487558b99077090d748232e17fae5f",
                  "author": "李梁",
                  "time": "2024年08月23日 07:56",
                  "content": "<p>本人之前也想过艾滋病遇到中医，到底会碰撞出怎样的火花！以下纯属个人愚见！我个人的理解是，艾滋病本身并不致命，站在中医的角度，有点类似于先天不足，比如一个人本来是100分，但结果出生下来结果只有70分，而各种平衡点一旦低于70分，可能人就会出现各种反应！而你缺乏的那30分，已经让你站在70分上面踩钢丝！而中医只能把你拉到70分位置，因为你的上限就在这里！可能过一段时间70分又会立刻往下掉！这时候各种问题接踵而至！所以艾滋病可怕的就是直接让你永久扣除30分，让你各种平衡点卡在70分去踩钢丝！那这个时候稍微的风吹草动就会引起人的各种症状！</p>",
                  "level": 3,
                  "highlight": false,
                  "children": [
                    {
                      "id": "d6d30805fc4eed5263c22017d7b6b3fb",
                      "author": "李宗恩",
                      "time": "2024年08月26日 16:02",
                      "content": "<p>治學要嚴謹，除非你治癒過許多愛滋病病例，這樣猜測沒有意義。</p>",
                      "level": 4,
                      "highlight": true,
                      "children": []
                    }
                  ]
                },
                {
                  "id": "b9f3b8a379ddd3a098d932dcb826f68f",
                  "author": "李宗恩",
                  "time": "2024年08月26日 15:33",
                  "content": "<p>倪老師和我都沒有足夠的愛滋病病例，無法證實中醫能否治癒愛滋病。</p>",
                  "level": 3,
                  "highlight": true,
                  "children": [
                    {
                      "id": "8c6a603c69b85f67041a9a5fc1dbab30",
                      "author": "李梁",
                      "time": "2024年08月27日 11:47",
                      "content": "<p>惭愧！宗恩老师！治学的确需要非常严谨！学生还是有很长的路要走，您每次传授的东西每一次的领悟都能带来更深刻的体会！学习了您以后再去看倪老师的东西理解也更加深入了，之前存在的很多问题自己融会贯通了许多，也能站在一定的高度去看待自身的问题，而不是纠结局部一个思维，做到了一定程度上的整体辩证的思维！最重要的是，能够使得出来，这是最让人值得欣慰的！说到这里，我还是忍不住多说感慨一下，回过头再来看本人自学中医初期找的一些中医师开的一些处方，现在拿起来再看，却是一副摇头苦笑的姿态！偶然看到一张处方单上面，辩证意见愕然写着湿热中阻四个字，给予三仁汤加减！我没记错的话，当时就是因为皮肤的问题！有没有效，就不用我明说了！现在如此看来，先前的那位中医师功底实在不堪入目！说到这里！再次跟部分刚接触中医的学者(甚至包括部分岐黄学员)提个醒，我发现无论是网络中医科普，还是门诊中医辩证！很多皮肤的问题大陆医家通常直接与湿热挂钩，而三仁汤可谓是万金油的出现在各个角落！无处不在！在此奉劝一句，先把三仁汤中的杏仁，白豆蔻，半夏，厚朴，竹叶，薏苡仁，滑石，通草这几味药背后的含义组合搞清楚了再说，这几味药到底这么搭配可能背后的含义生理病理要做什么？然后搞清楚后再来定夺！而不是拿着所谓三焦不通，湿重于热的那些定义解释做为下手的依据！我想这个问题，对于部分宗恩老师学者来说，应该是不难的！就不用我过多再去解释了！</p>",
                      "level": 4,
                      "highlight": false,
                      "children": []
                    }
                  ]
                }
              ]
            }
          ]
        }
      ]
    },
    {
      "id": "a7e1dc865d8e1abaf0907f820c80a536",
      "author": "君荷",
      "time": "2024年08月21日 18:19",
      "content": "<p>李老师，您好！我想给您提个建议:有时候您一下子回复很多留言，之后可能又有别的读者留言，但是留言板显示最新40条，所以我们有可能看不到您的部分留言。您的留言也是非常好的学习资料，我每条必读。建议留言板分为三页，每页显示40条。万分感谢！</p>",
      "level": 0,
      "highlight": false,
      "children": [
        {
          "id": "5bac47b8c3f7de7817a9a4bb40edaf49",
          "author": "李宗恩",
          "time": "2024年08月26日 15:25",
          "content": "<p>已增加到100條留言。</p>",
          "level": 1,
          "highlight": true,
          "children": []
        }
      ]
    },
    {
      "id": "d52fc13299204896b2fd8af52c864c26",
      "author": "橙子",
      "time": "2024年08月21日 20:41",
      "content": "<p>李博士，您好！<br>\n我想了解一下，您在这次的演讲教学和新书里会有关于平滑肌肉瘤等罕见恶性肿瘤的相关内容吗？</br></p>",
      "level": 0,
      "highlight": false,
      "children": [
        {
          "id": "936947068a5d19c624f3ce963b479e02",
          "author": "李宗恩",
          "time": "2024年08月26日 15:27",
          "content": "<p>還不確定，還沒時間整理演講內容。</p>",
          "level": 1,
          "highlight": true,
          "children": []
        }
      ]
    },
    {
      "id": "aa223d9814a2f74ccfafc67d44f0ba73",
      "author": "yefeng",
      "time": "2024年08月22日 11:33",
      "content": "<p>李医师，尘螨过敏性哮喘中医有说法吗？百度搜的根本看不懂全是专业词</p>",
      "level": 0,
      "highlight": false,
      "children": [
        {
          "id": "128d7e8e48435b4134db250022719b0b",
          "author": "李宗恩",
          "time": "2024年08月26日 15:32",
          "content": "<p>中醫不是以西醫病名來診斷治療。</p>",
          "level": 1,
          "highlight": true,
          "children": []
        }
      ]
    },
    {
      "id": "c6dc7272ce8789d05d1acae599caae48",
      "author": "图书门童",
      "time": "2024年08月22日 12:18",
      "content": "<p>李医师您好，我还有一个问题，就是这个月21号的时候我看了刘力红在微信平台上的直播，他回答了有关倪师的问题，肯定了倪师的中医水平，然后说：倪师的美中不足就是太喜欢和西医较劲，他觉得这样不好。<br>\n    在我看来倪师抨击西医和温病派的医术是因为倪师实在是看得太透了，知道的太多就很痛苦。可能也和他的性格有关。我的问题来了：我感觉李医师在网络上回答问题还是比较保守的，我想问您怎么看倪师性格上的美中不足？</br></p>",
      "level": 0,
      "highlight": false,
      "children": [
        {
          "id": "bc9f2b4188cc08f0c138e3c0744143f3",
          "author": "李宗恩",
          "time": "2024年08月26日 15:35",
          "content": "<p>如果倪老師不大力批評西醫不對的地方，你大概也不會聽過倪老師。每一個人在歷史上有自己的責任，做法自然會不一樣。</p>",
          "level": 1,
          "highlight": true,
          "children": []
        },
        {
          "id": "90cacd8c1e2fb4b946b0545ab4ac2a28",
          "author": "广文",
          "time": "2024年08月26日 23:25",
          "content": "<p>个人拙见<br>\n这个也是倪师的风格，人纪和天纪都有体现—“开蒙”</br></p>\n<p>在大陆这个屋檐下，刘力红也不得不，低头，迎合<br>\n各种人际关系，还有某些说不得的<br>\n虽然 西医已经臭大街了 但是耐不住人多<br>\n“乌合之众” 不好 “鹤立鸡群”<br>\n酒逢知己饮 适时论信仰，直指人心，教外别传<br>\n中医在大陆还需要更大的力量，吾辈需自勉<br>\n届时就不会有什么美中不足了</br></br></br></br></br></br></p>",
          "level": 1,
          "highlight": false,
          "children": []
        }
      ]
    },
    {
      "id": "d16b5147107b13a3b44fa68b1281a7e7",
      "author": "图书门童",
      "time": "2024年08月22日 12:53",
      "content": "<p>李医师您好，我想请问一下，中医怎么看待现代的狂犬病？狂犬病病毒至死率是百分之百，现代只能用疫苗预防，中医有能力解决狂犬病的问题吗？应该如何辩证论治？</p>",
      "level": 0,
      "highlight": false,
      "children": [
        {
          "id": "16a4e370d942cf657a7ef2c2b5efd90d",
          "author": "李宗恩",
          "time": "2024年08月26日 15:41",
          "content": "<p>中醫的極限，大概是一個身心非常健康的人，在好好休養下可以自癒的限度，或許再往極限推一些。神經毒素、化學武器、極端的病毒等等，並非人類幾萬年來演化上可以對抗的。因此，不要過度提高中醫的極限，以為可以治癒這些情況。另外，你問狂犬病、愛滋病等等，意義不大，如果你連一般病人都沒看過幾個，那麼，問狂犬病、愛滋病等，只是紙上談兵。</p>",
          "level": 1,
          "highlight": true,
          "children": [
            {
              "id": "4170d0adf444160a22d2cccff2df8f69",
              "author": "图书门童",
              "time": "2024年08月27日 08:25",
              "content": "<p>谢谢李老师的回复</p>",
              "level": 2,
              "highlight": false,
              "children": []
            }
          ]
        }
      ]
    },
    {
      "id": "83fdd7a6a1541d3c579cd9c26ad3b4cb",
      "author": "yefeng",
      "time": "2024年08月24日 12:42",
      "content": "<p>双相情感障碍 是不是西医乱搞的名词。前几年根本没有这个说法，最近几年才开始听到有抑郁症、双相情感障碍！李医师中医是跟肝郁有关系吗</p>",
      "level": 0,
      "highlight": false,
      "children": [
        {
          "id": "26758b79cf4efb39761ff414949fe7ab",
          "author": "李宗恩",
          "time": "2024年08月26日 16:04",
          "content": "<p>不要老是拿著西醫病名來對應中醫的解釋，聽到這些情志問題，就直接連結到肝鬱。</p>",
          "level": 1,
          "highlight": true,
          "children": []
        }
      ]
    },
    {
      "id": "e6579aa74d99c34deb27b08f8b7f273a",
      "author": "王卓",
      "time": "2024年08月25日 08:38",
      "content": "<p>请问李医师，倪师的伤寒论注解的里的条文和宋本里的伤寒论条文有点不一样，是倪师决的有些地方不合理，有意修改的吗</p>",
      "level": 0,
      "highlight": false,
      "children": [
        {
          "id": "02fe9d5fd739faf763f944b3dc86ed89",
          "author": "王卓",
          "time": "2024年08月25日 20:52",
          "content": "<p>因为最近在看伤寒论，发现有一些不一样的地方，因为一字之差可能就不太一样，我不知道应该遵循哪个来，因为最近想背伤寒论</p>",
          "level": 1,
          "highlight": false,
          "children": []
        },
        {
          "id": "93da9baf348336dbb1ebb687a8b585c7",
          "author": "李宗恩",
          "time": "2024年08月26日 23:23",
          "content": "<p>傷寒論在歷史上有許多版本，宋本只是其中之一，這點你自己可以上網查詢及研究。</p>",
          "level": 1,
          "highlight": true,
          "children": []
        }
      ]
    },
    {
      "id": "9742f48ec305de5ca0ebac3561d2d6a2",
      "author": "dhshdhjs",
      "time": "2024年08月26日 03:17",
      "content": "<p>老师，金匮要略里面有一条辩是以脉诊来诊断阴实的位置。这个条辩认为附骨脉在哪只手的寸关尺上就在身体的哪一侧，(我们仅仅说脉诊好了，不综合其他症状)比方说肝阴实，但实际肝在人体右侧，传统脉诊认为左边主血左关才是肝脉，可这一条辩认为却在右关的位置。老师临床上怎么看呢？是同时两只手都有附骨脉吗？</p>",
      "level": 0,
      "highlight": false,
      "children": [
        {
          "id": "657cf0b3320d32c28f6dd63d451d8c04",
          "author": "李宗恩",
          "time": "2024年08月26日 23:26",
          "content": "<p>以寸口脈對應臟腑的位置為依據。</p>",
          "level": 1,
          "highlight": true,
          "children": []
        }
      ]
    },
    {
      "id": "0d038b8f14fba481dfaf22f53d92deae",
      "author": "暗香疏影",
      "time": "2024年08月26日 05:56",
      "content": "<p>李博士请教您：治肝时倪师很多时候不用龙胆草用青皮，我知道龙胆草消炎去毒素、青皮是理气，那应该如何从眼诊判断出来？看了倪师医案并没有症状上的说明，只有眼诊描述！另外龙胆草比黄芩还要寒凉，什么情况下不用黄芩却要用龙胆草？感谢您百忙之中不吝赐教</p>",
      "level": 0,
      "highlight": false,
      "children": [
        {
          "id": "845a57c646dd51c05947cd2a6403b4a6",
          "author": "李宗恩",
          "time": "2024年08月26日 23:29",
          "content": "<p>倪老師青皮和龍膽草都會使用。龍膽草和黃芩的用處不一樣，為什麼會有這樣的問題？</p>",
          "level": 1,
          "highlight": true,
          "children": []
        }
      ]
    },
    {
      "id": "67d6a45eee26bb4a7d5c92324b89b110",
      "author": "图书门童",
      "time": "2024年08月27日 11:55",
      "content": "<p>李醫師您好，我想請問一下您怎麼看待味精呢？倪師說味精吃了會變成白虎湯證，真的有那麼嚴重嗎？</p>",
      "level": 0,
      "highlight": false,
      "children": [
        {
          "id": "723e4dc1693468ccf95da33d257ba9ab",
          "author": "李宗恩",
          "time": "2024年08月29日 14:24",
          "content": "<p>味精一直有爭議性，也有不同的製作方法。有些人對味精有不良反應，有些人並沒有，而有反應的也不一定是白虎湯證。</p>",
          "level": 1,
          "highlight": true,
          "children": []
        }
      ]
    },
    {
      "id": "65894213743c9eceda7b15a3d8e542ab",
      "author": "黄玲玲",
      "time": "2024年08月28日 02:21",
      "content": "<p>喜欢看诊疗日志，病例讨论和行医有感栏目，希望李医生多多更新啊！</p>",
      "level": 0,
      "highlight": false,
      "children": []
    },
    {
      "id": "ca371180ff35f5f60fa9f41f6d5d405c",
      "author": "空灵小石潭",
      "time": "2024年08月28日 05:49",
      "content": "<p>以前有人吃了含有关木通的龙胆泻肝丸导致肾衰竭罹患尿毒症，倪海厦老师以前讲课就把木通和关木通拎的清楚么？现在网上的龙胆泻肝丸都用木通代替关木通了，可以当他非处方药买来吃吗？</p>",
      "level": 0,
      "highlight": false,
      "children": [
        {
          "id": "6c55103ae743cdb9ebf9cb79235efbbb",
          "author": "李宗恩",
          "time": "2024年08月29日 14:29",
          "content": "<p>關木通含有馬兜鈴酸，被很多國家禁用，目前使用川木通。你的問題在於為什麼要服用龍膽瀉肝湯，如果自己長期亂服用，自然會造成身體的傷害。</p>",
          "level": 1,
          "highlight": true,
          "children": [
            {
              "id": "76fca8bd07d533c6b7873a59d508fda1",
              "author": "子淇",
              "time": "2024年08月29日 19:56",
              "content": "<p>其实成药龙胆泻肝丸里的木通用的是关木通还是白木通，消费者都是搞不清的，只有药厂清楚，记得张伯礼院士说过，虽有毒但要注意剂量。得了蛇盘腰的患者，医生都会让吃这个药，最少要吃一个月的</p>",
              "level": 2,
              "highlight": false,
              "children": []
            }
          ]
        }
      ]
    },
    {
      "id": "1975cd506df8f78c5738d3d76ca26c2a",
      "author": "空灵小石潭",
      "time": "2024年08月28日 05:51",
      "content": "<p>请问如何理解眼结石的成因？中医如何治疗？平时预防靠玻璃酸钠滴眼液和加替沙星滴眼吗？</p>",
      "level": 0,
      "highlight": false,
      "children": [
        {
          "id": "b7f9c99c6a2d89d6b19b9c568cd0908b",
          "author": "李宗恩",
          "time": "2024年08月29日 14:30",
          "content": "<p>中醫不是以單一症狀來診斷及治療。</p>",
          "level": 1,
          "highlight": true,
          "children": []
        }
      ]
    },
    {
      "id": "24dcaacd66fd1c65d647f88986dff9e8",
      "author": "Grace",
      "time": "2024年08月28日 08:34",
      "content": "<p>李醫師您好，聽說猴痘類似天花，令人聞之色變，是否有辦法防治呢？謝謝！</p>",
      "level": 0,
      "highlight": false,
      "children": [
        {
          "id": "b0937fc36cf89da5204c85c85cff29ae",
          "author": "李宗恩",
          "time": "2024年08月29日 14:31",
          "content": "<p>不知道，目前還沒有看到猴痘的病例，不過，通利水道通常有幫助。</p>",
          "level": 1,
          "highlight": true,
          "children": [
            {
              "id": "98ae826d4c90709ce4c8174559d2e8ed",
              "author": "Grace",
              "time": "2024年08月31日 22:45",
              "content": "<p>感謝答覆</p>",
              "level": 2,
              "highlight": false,
              "children": []
            }
          ]
        }
      ]
    },
    {
      "id": "166bb57df78c782bd8db22907cb9a187",
      "author": "windy",
      "time": "2024年08月28日 22:10",
      "content": "<p>写书，演讲，直播，教学，门诊，还要恢复网友的问题，李医师真的很辛苦。希望你多注意休息，保重身体。</p>",
      "level": 0,
      "highlight": false,
      "children": []
    },
    {
      "id": "e6713850cc9fdf7b136f133fedaab710",
      "author": "dhshdhjs",
      "time": "2024年08月28日 23:17",
      "content": "<p>老师，子宫内膜增厚是因为寒不被温化掉，而月经来时却没有将其顺带而下造成久而久之累积造成的？<br>\n如果是的话可以用治疗卵巢囊肿的方式治疗吗？</br></p>",
      "level": 0,
      "highlight": false,
      "children": [
        {
          "id": "edf5ee3a494aa9be3fa5ff5a3a56722d",
          "author": "李宗恩",
          "time": "2024年08月29日 15:32",
          "content": "<p>中醫不是以單一症狀來診斷治療，更不要用西醫的病名硬來對應中醫簡單的幾個字，而不去思考中醫的整體觀。</p>",
          "level": 1,
          "highlight": true,
          "children": []
        }
      ]
    },
    {
      "id": "cc84155afd5cad7938a9aae24b399f14",
      "author": "癫痫",
      "time": "2024年08月29日 23:47",
      "content": "<p>李醫生，您好！很慶幸有緣接觸到您的廣播，我是湖北的一名癲癇患者，32歲，目前在外地打工，吃了六年的抗癲癇藥物，今年開始中醫治療，从針灸，艾灸開始就停藥了，目前在吃五苓散，藥物質量能保證。但是我是不定期發作，最近是14天或者26天發一次，有時候發作祇有口吐白沫，有時候會伴隨四肢抽搐，發作都有拍視頻記錄，奈何不知道怎麼發給您觀察，眼白處按倪師講的有血絲，但不確定是不是倪師講的雞腳絲。我睡眠期間，通過監控觀察，每天晚上都是翻来覆去，基本上間隔十幾分鐘就會動一下。因為家庭經濟實在是太差，實在是不具備去美國找您診治的條件，但是這個病確實又嚴重影響我的生活結婚，我也看您關於癲癇治療的醫案，但我不清楚您說的五苓散配合陳皮半夏具體的劑量，希望您可以指導一下，萬分感謝！</p>",
      "level": 0,
      "highlight": false,
      "children": [
        {
          "id": "09858c7542674b57a9ac893f1a1be0b6",
          "author": "李宗恩",
          "time": "2024年09月01日 10:28",
          "content": "<p>我不在網上針對個案一一討論。</p>",
          "level": 1,
          "highlight": true,
          "children": []
        }
      ]
    },
    {
      "id": "8d0df4be60db6b85ac930a42ea52c9ef",
      "author": "long",
      "time": "2024年08月30日 03:24",
      "content": "<p>李医生，您好<br>\n    1)倪师在本草里讲牛膝时，说的是川牛膝还是怀牛膝呢？您在用牛膝时分川牛膝还是怀牛膝吗<br>\n    2)在运动中补充蛋白质和肌酸，谷氨酰胺这种营养品，会不会也像倪师视频中说维生素那样对身体反而不好呢<br>\n    感谢您每次百忙中都能回复留言</br></br></br></p>",
      "level": 0,
      "highlight": false,
      "children": [
        {
          "id": "f523c47d13df857887dc6c05954a75d3",
          "author": "李宗恩",
          "time": "2024年09月01日 10:29",
          "content": "<p>（1）兩者有不同用處（2）會對身體不好。</p>",
          "level": 1,
          "highlight": true,
          "children": [
            {
              "id": "49da5b2f974bd1be5160b67a9c1b314a",
              "author": "long",
              "time": "2024年09月03日 01:43",
              "content": "<p>倪师视频讲的是哪种牛膝？</p>",
              "level": 2,
              "highlight": false,
              "children": [
                {
                  "id": "8f4ea31b466b873250e7386363f130a9",
                  "author": "李宗恩",
                  "time": "2024年09月19日 09:33",
                  "content": "<p>不要沒頭沒腦地隨便問一句，倪老師視頻那麼多，你在問那一段？同時，如果你好好從頭看到尾，自己就會知道答案。</p>",
                  "level": 3,
                  "highlight": true,
                  "children": [
                    {
                      "id": "884ccea042f7636bdb5d91c5fd4a3c74",
                      "author": "long",
                      "time": "2024年09月27日 04:58",
                      "content": "<p>抱歉，没有表达清楚，我的意思是神农本草视频里讲的牛膝是怀牛膝还是川牛膝</p>",
                      "level": 4,
                      "highlight": false,
                      "children": []
                    },
                    {
                      "id": "e356335201e8ccf400d199942c7c740c",
                      "author": "李宗恩",
                      "time": "2024年09月30日 22:14",
                      "content": "<p>代表你不了解兩者的差別，你應該先上網研究兩者的差異，自然會知道什麼時候用什麼，而不是問視頻說的是什麼。</p>",
                      "level": 4,
                      "highlight": true,
                      "children": []
                    }
                  ]
                }
              ]
            }
          ]
        }
      ]
    },
    {
      "id": "e53adecefb70c3cfa3c678164d9bfcd0",
      "author": "中医至上",
      "time": "2024年08月30日 03:57",
      "content": "<p>您好李宗恩医生，您临床中是否有治疗过心脏肥大患者，西医所谓的心室扩张，二尖瓣三尖瓣闭锁不全这种病。可否上传一下这方面的治疗医案。期待您的回复！</p>",
      "level": 0,
      "highlight": false,
      "children": [
        {
          "id": "854e3b42386a2fa52f57319aecc3e65a",
          "author": "李宗恩",
          "time": "2024年09月01日 10:29",
          "content": "<p>中醫不是以西醫病名來診斷治病。</p>",
          "level": 1,
          "highlight": true,
          "children": []
        }
      ]
    },
    {
      "id": "37b2b5905f4e48247c8a0b09d155143d",
      "author": "黄子聪",
      "time": "2024年08月30日 07:22",
      "content": "<p>李师你好，记得你在国际经方班的一次演讲里提到过，手心出汗，多数与心阳不能下行有关，本人愚昧，至今没想明白心阳无法下行是如何影响到手心出汗的</p>",
      "level": 0,
      "highlight": false,
      "children": [
        {
          "id": "1daf067dc28a638d7c56af37071971ba",
          "author": "李宗恩",
          "time": "2024年09月01日 10:32",
          "content": "<p>心陽不能順利下行，自然也就無法透達四肢末端。</p>",
          "level": 1,
          "highlight": true,
          "children": [
            {
              "id": "0812ff4a085be5f599c53da733ea00e3",
              "author": "黄子聪",
              "time": "2024年09月02日 16:44",
              "content": "<p>多谢李师！我明白了，这和表虚是一个道理，手心得不到阳，阴就得不到固守！网上说啥的都有，却没有一个直中问题的核心</p>",
              "level": 2,
              "highlight": false,
              "children": []
            },
            {
              "id": "9e1aad598d64c3fa195f7a4eb1710f70",
              "author": "C.H.Lin",
              "time": "2024年09月03日 18:29",
              "content": "<p>請問李醫師，<br>\n心陽下行，往下腹、足，很容易理解，至於往手，應該如何理解?感謝。</br></p>",
              "level": 2,
              "highlight": false,
              "children": [
                {
                  "id": "2c0a9e8650eb33595b8f98047b631231",
                  "author": "一壶酒",
                  "time": "2024年09月03日 22:36",
                  "content": "<p>是不是因为手太阴肺经循行？</p>",
                  "level": 3,
                  "highlight": false,
                  "children": []
                },
                {
                  "id": "9069078e8fa61a5af12ff9855c77b04d",
                  "author": "李宗恩",
                  "time": "2024年09月19日 10:06",
                  "content": "<p>全身的衛氣，和胃氣是息息相關的，心陽下行到小腸，小腸再維持其他內臟的熱，也包括胃。所以，不要只看手離心臟比較近，就以為心陽直接到手。</p>",
                  "level": 3,
                  "highlight": true,
                  "children": [
                    {
                      "id": "4ddc70f86f037192b566d931f73fc71f",
                      "author": "C.H.Lin",
                      "time": "2024年09月19日 19:51",
                      "content": "<p>感謝李博士。</p>",
                      "level": 4,
                      "highlight": false,
                      "children": []
                    },
                    {
                      "id": "181210ec50a00c54157a737dc17b33a0",
                      "author": "刘斌",
                      "time": "2025年02月01日 15:08",
                      "content": "<p>脚冷有很多是因为心阳无法透达四肢，而心阳无法正常下行的原因有心阳不足，中下焦有阻碍，肺家不够清凉，肝血不足，脾极虚，肾水上泛等原因。<br>\n那么如果病人是饭前容易脚冷，饭后脚就热了，在临床上，这种情况一般是哪种原因导致的心阳无法透达四肢的呢，是和胃气有关吗？<br>\n然后想问一下吃饭后脚变热的生理过程是怎么样的，是因为吃饭后胃气增强或心阳增加了吗，还是说吃饭后让内脏的阳气往四肢走了，或者还是会让中下焦的阻碍有减少。</br></br></p>",
                      "level": 4,
                      "highlight": false,
                      "children": []
                    },
                    {
                      "id": "13137f18f0913c685c76ced68e37119c",
                      "author": "李宗恩",
                      "time": "2025年02月03日 16:24",
                      "content": "<p>這得看病人情況，譬如有人喝了熱水也會手腳變得比較溫暖。</p>",
                      "level": 4,
                      "highlight": true,
                      "children": []
                    }
                  ]
                }
              ]
            }
          ]
        }
      ]
    },
    {
      "id": "ec4e5042017d2a61eff3ad4bbcd05213",
      "author": "过江之鲫",
      "time": "2024年08月30日 08:33",
      "content": "<p>请教一下李医师，我观察到一种现象，喝茶或者可乐的时候，过一会儿就会有便意，蹲下后或有大便或没有。我的理解是茶是苦寒带涩本性可降火清明头脑，而肠胃有湿受到苦寒之物故，那茶为什么和可乐关联呢？除了观察到的以外，两者都有咖啡因，能够刺激兴奋中枢神经，而胃肠有很多神经，现代医学证明这些肠胃也会跟脑有关联，特别是大肠神经。那么为什么会有上面的联想呢？更早来源于我曾经请教过一位经方医师和李医师您关于芍药的问题，吃小建中汤拉肚子（频频大便，不稀），那位医师的回答是芍药肠胃有湿吃了就会频频大便，李医师您的回答是有的病人吃桂枝汤也会，我对芍药的理解是酸苦敛阴，肠胃湿脾虚无法吸收则频频大便，我还真有位同道，他吃桂枝汤也会，最开始我还以为小建中汤只要加重桂枝就不会，没想到桂枝汤也会。所以肠胃有湿真的很容易受到刺激就想大便。这是我从现象观察到的理解，更深刻的就不懂了，也不知道这个思路对不对，李医师可以指点一下我吗？谢谢</p>",
      "level": 0,
      "highlight": false,
      "children": [
        {
          "id": "295a00fc1422994308aaa97c6d45e416",
          "author": "李宗恩",
          "time": "2024年09月01日 10:36",
          "content": "<p>咖啡因是一種胃腸興奮劑。</p>",
          "level": 1,
          "highlight": true,
          "children": []
        }
      ]
    },
    {
      "id": "b1f276e1644a3198e19836676d829dfb",
      "author": "生姜",
      "time": "2024年08月31日 04:57",
      "content": "<p>李宗恩博士您好，我这边知道不少人感染新冠病毒之后都出现了一种鼻涕倒流进咽喉的后遗症每天吐不完的痰，基本都是白痰居多。四处求医问药中西医都看钱花了多少根本就看不到一点效果，我想请问下这样的情况是否脾肺的问题，可能是肺的问题更大。</p>",
      "level": 0,
      "highlight": false,
      "children": [
        {
          "id": "db59448155f2480c0f7ed2e3eb2a9d26",
          "author": "李宗恩",
          "time": "2024年09月01日 10:42",
          "content": "<p>這樣的問題，應該不難解決，脾濕和肺寒都得考慮。</p>",
          "level": 1,
          "highlight": true,
          "children": []
        }
      ]
    },
    {
      "id": "c0caabcbd239f6751441be4f621d9425",
      "author": "polar bear",
      "time": "2024年09月08日 20:22",
      "content": "<p>评论区一群白痴在问白痴的问题，真的受不了。可能十条只有一条两条在讨论文章，在阐述论据和论点。其他全部是在询问治病之类的，建议各种问问题前，有点常识性吧，不要再问白痴问题浪费大家的时间和网络资源。我觉得至少以下几点：<br>\n1、中医不以病名论治，以病名询问该怎么治疗的建议转身去找西医，不要在中医下面问，中医讲究的症状，你和正常人不一样的地方；<br>\n2、询问一个病名或者一个症状，中医是否可以治疗的，也是白痴。一千个人有一千个哈姆雷特，一千人同样一个症状可能还有不同的病机，生活环境和习惯，甚至身体基础，比如一个人20来岁，一个70来岁，症状一样，是否可以被中医治好？答案是不知道。中医讲究千人千方，只有这个个体出现在医师面前了，经过了四诊，甚至医师经过一段时间的尝试了，才可以回答你是否可以被医治，中医是否可以帮助你。所以那些随便用一个词来询问中医是否可以治疗的，建议先去补补脑子。<br>\n3、重复的问题，不要重复问，不要重复发。看到好几个重复一样的评论，真的会火大，一条不就可以表达你的观点了吗，为什么要一直发，搞不懂。<br>\n4、还有一些倪师的课程也没看完一遍，就过来大谈中医理论的，建议先学完课程，至少大家可以在同一个层面交流再说吧。<br>\n最后一点，有点common sense,别那么白目，问一些白痴问题，好不好，真的受不了。</br></br></br></br></br></p>",
      "level": 0,
      "highlight": false,
      "children": []
    },
    {
      "id": "4aab2e8dbb799bf07e7694905ae9eeca",
      "author": "韩广荣",
      "time": "2024年09月21日 20:42",
      "content": "<p>已报名成功，期待！上天眷顾，医考通过了！感恩！李老师您好，倪海厦老师讲到下关穴时说有机会讲一下正骨，跟您们讲过吗？原版视频有正骨的相关内容吗？还是需要看哪些书籍或者怎样学习呢？</p>",
      "level": 0,
      "highlight": false,
      "children": [
        {
          "id": "33fba83874e3a5ff4830ed1393bc4818",
          "author": "一壶酒",
          "time": "2024年09月30日 16:59",
          "content": "<p>有魄力。<br>\n到时候一定过来分享视频哈。</br></p>",
          "level": 1,
          "highlight": false,
          "children": []
        }
      ]
    },
    {
      "id": "f1b8412bf1874fcd06c29358bc946c6c",
      "author": "corbinqiao",
      "time": "2024年09月22日 20:46",
      "content": "<p>李老师您好。求教您，西医所谓的小儿脑瘫，是属于痉病的范畴吗？古代中医有这方面的案例和经验可循吗？恳请您的指教</p>",
      "level": 0,
      "highlight": false,
      "children": [
        {
          "id": "daea43b8ea07ecbf5f4c49fedfcc6974",
          "author": "李宗恩",
          "time": "2024年09月30日 14:07",
          "content": "<p>中醫不是以西醫病名來診斷。</p>",
          "level": 1,
          "highlight": true,
          "children": []
        }
      ]
    },
    {
      "id": "927146b0e0f8316df7be88d6ee51866e",
      "author": "谢创毅",
      "time": "2024年09月25日 19:33",
      "content": "<p>想问一下李老师，广西有倪海厦老师的徒弟吗？您的诊所在境外，想找你看诊不太方便。</p>",
      "level": 0,
      "highlight": false,
      "children": [
        {
          "id": "90fa3cc0027d1cac401bc3eedba84ac4",
          "author": "一壶酒",
          "time": "2024年09月26日 03:08",
          "content": "<p>你们啊，你们！</p>\n<p>属地原则呀，属地原则，你在哪儿混，你不得遵守哪儿的规矩嘛？</p>\n<p>李宗师如果很生气，后果很严重。</p>\n<p>你们非要李宗师把网站关了是吗？大家谁也别玩儿了。</p>",
          "level": 1,
          "highlight": false,
          "children": [
            {
              "id": "423ea4f2e42de59bcc949c13ff4db7e2",
              "author": "谢创毅",
              "time": "2024年09月27日 05:20",
              "content": "<p>不好意思，冒失了。</p>",
              "level": 2,
              "highlight": false,
              "children": []
            }
          ]
        },
        {
          "id": "10278a780fcfbce84148d3cfd4932404",
          "author": "李宗恩",
          "time": "2024年09月30日 22:07",
          "content": "<p>已經說過多次，我不回答這樣的問題，是不是倪老師學生，根本不是重點，即使是學生，臨床功力及醫德也不一定好。</p>",
          "level": 1,
          "highlight": true,
          "children": []
        }
      ]
    },
    {
      "id": "f17db97bf246631a71791db19e4808e7",
      "author": "一壶酒",
      "time": "2024年09月26日 03:23",
      "content": "<p>大家都去看一下。看看规矩。</p>\n<p><a href=\"https://www.meipian.cn/56nmxgb9?first_share_to=copy_link&amp;share_depth=1&amp;first_share_uid=8121077\" rel=\"nofollow ugc\">https://www.meipian.cn/56nmxgb9?first_share_to=copy_link&amp;share_depth=1&amp;first_share_uid=8121077</a></p>",
      "level": 0,
      "highlight": false,
      "children": []
    },
    {
      "id": "9d332d5907614a8d7dc9f4548e6856ad",
      "author": "旧时光。",
      "time": "2024年10月19日 06:59",
      "content": "<p>李老师，您好。孩子6岁。一天几十次发呆愣神。眼睛向上看。头往后仰。请问是癫痫吗。看过好多中医吃过好多中药。都没控制发作。求您指点。或者怎么找您看诊呢。为了孩子真的什么都愿意。</p>",
      "level": 0,
      "highlight": false,
      "children": [
        {
          "id": "73a2856ef8d8ca9cfde9a130c7bcdb64",
          "author": "李宗恩",
          "time": "2024年10月24日 11:44",
          "content": "<p>聽起來是西醫所謂的失神性癲癇。</p>",
          "level": 1,
          "highlight": true,
          "children": [
            {
              "id": "5d7ca8100a093afa82c105bc1eadfe8c",
              "author": "旧时光。",
              "time": "2024年10月26日 03:39",
              "content": "<p>李老师。有看到您之前的医案。是小建中＋五苓散＋陈皮人参半夏。还有藜芦甘草汤。我女儿可否用这个方案呢。或者怎么找您看诊呢。拜托了。真的求助无门了。</p>",
              "level": 2,
              "highlight": false,
              "children": [
                {
                  "id": "783ee5cda4eebaf925a54d7e1248c427",
                  "author": "李宗恩",
                  "time": "2024年10月31日 09:12",
                  "content": "<p>請聯絡診所info@youngQi.com，遠程看診可能得等候近一年。</p>",
                  "level": 3,
                  "highlight": true,
                  "children": [
                    {
                      "id": "ec6d3559ea4d3ffeb594affede0d582d",
                      "author": "旧时光。",
                      "time": "2024年10月31日 21:31",
                      "content": "<p>李老师您好。感谢您。我现在联系门诊。因孩子小发作次数太频繁。也没有在吃西药。怕等一年耽误’孩子。求您可否先帮孩子看看。拜托了。</p>",
                      "level": 4,
                      "highlight": false,
                      "children": []
                    },
                    {
                      "id": "11338799bdb96cc0809829196c45c907",
                      "author": "李宗恩",
                      "time": "2024年11月01日 10:55",
                      "content": "<p>許多重症病人在等候看診，他們也是人家的孩子配偶父母，我們得尊重他們。</p>",
                      "level": 4,
                      "highlight": true,
                      "children": []
                    }
                  ]
                },
                {
                  "id": "cae8c9214ebb56b338d8934a5ce08545",
                  "author": "送你座帆船",
                  "time": "2024年11月01日 09:42",
                  "content": "<p>你这么做是对别的患者的不尊重</p>",
                  "level": 3,
                  "highlight": false,
                  "children": [
                    {
                      "id": "8c76d7e331ac26b468dfa3e8e611844e",
                      "author": "旧时光。",
                      "time": "2024年11月01日 19:40",
                      "content": "<p>好的。不好意思。不知道是这样子。我以为是其他原因才要等一年的。</p>",
                      "level": 4,
                      "highlight": false,
                      "children": []
                    }
                  ]
                }
              ]
            }
          ]
        }
      ]
    }
  ],
  "page": 4,
  "order": 5,
  "filename": "data\\page4\\page4_order4_80d060f96a9f9f82a3ac471f112ed101.json"
}