{
  "article_url": "https://andylee.pro/wp/?p=9976",
  "title": "後記：智慧與慈悲 – 養兒育女必須知道的21件中醫知識",
  "content": "<p>將近五年前，為人敬重的前輩、人生智慧暢銷書「當孔子遇上哈佛」作者李克明先生（前元大國際資產管理及元大創業投資董事長）鼓勵我出書。在他的催促下，我決定先開始寫淺顯實用的養兒育女系列文章，打算以後整理成書。本來計劃大半年內完稿，沒想到事情繁忙多變，這個系列文章一拖再拖，網頁同名書「當張仲景遇上史丹佛」都已經出版了，才突然覺醒，趕緊把養兒育女系列文章寫完，好對一直關注這個系列的讀者們有個交代。</p>\n<p>在養兒育女系列文章的寫作過程中，許多讀者及病人和我分享他們教養下一代的故事及問題，我們也從各種角度討論許多相關的題材。在眾多的討論中，最常跳出來的問題是「為什麼要有小孩」。是的，如果不生小孩，人生輕鬆很多，把時間和金錢留給自己，也省掉了很多年的擔心及煩惱。養兒防老，在現代社會裡早就已經不適用了，教養小孩的花費累積起來，遠遠超過支付養老年金的費用。當你年邁走不動時，兒女可能遠在世界的另一端，偶而和你視訊一下，就已經是最大的欣慰了，畢竟他的人生伴侶及小孩才是他生活的重心，這也才是生命延續的主軸。做為父母的你，早已如告老還鄉的開國功臣，在孩子的生活中越來越變得有名無實。</p>\n<p>那麼，為什麼要生小孩、養小孩？每個父母或許有不同的理由，也或許沒什麼特殊的理由，只是順著大多數人的生活軌跡，求學、上班、結婚、生子一路走下來。然而，當我們不斷地深入探討，撥開層層關連，我們會發現，養兒育女的真正意義是「讓我們更深入體會人生的真諦」。</p>\n<p>為什麼這麼說？那就得先回答一個更深奧的問題，那就是「人生的真諦是什麼」。很多人從小到大不斷思索人生的意義為何，即使我們無法確定為什麼會來到這個世界，既然已經來了，那我們人生應該尋求什麼。這不是一個簡單的問題，然而，從各種古老文化、哲學思想、宗教、甚至現代科學等等來找尋共同點，不難發現人生的真諦至少包括及環繞著「智慧」與「慈悲」兩件事，或者可以說「人生是尋求智慧與慈悲的一個過程」。</p>\n<p>「智慧」，指的是對這個世界的真實理解。無論是佛教解釋的虛幻空有和人的貪嗔痴、基督教講的上帝創造世界及人的原罪、現代科學尋求的理論和實驗證明、哲學探討的人類善良助他和貪婪自私、做人做事的道理及賺錢養生的方法等等，雖然各種路線有很不一樣的方向，都是為了人們探索這個世界背後隱藏的真實道理而產生的思想與行為。人們窮其一生，經由面對各種不同人事物的經驗來體會及理解這個世界，洞悉其背後道理的智慧，是人生最核心的指引。</p>\n<p>「慈悲」，這兩個字借用於佛教的詞句，中文翻譯有其歷史的因緣，英文翻譯為compassion。不過，中英文翻譯都不是很到位，慈悲和compassion給人的感覺是針對比自己不幸、比自己遭遇差的人的一種同情心、同理心及關懷，似乎隱藏了上對下、幸運者對不幸運者的意味。比較好的翻譯為「無條件的愛（unconditional love）」，意義是對所有形式的生命及其生存的環境都保有無條件的愛。無論是貧窮不幸或富裕幸福的人、有權勢或失落潦倒的人、熟識的親朋好友或千里之外的陌生人、喜歡或不喜歡的人、對我們有回報或沒有回報的人，我們都保持「All is one」的心態，給予基本的尊重及關懷。基於大家言語的習慣，在這裡我們還是使用「慈悲」這兩個字來代表其中的含義。</p>\n<p>當我們了解人生的真諦在於尋求智慧與慈悲後，我們就不難理解養兒育女的過程裡，我們會有更多的機會、自願或被迫地去體會人生的智慧與慈悲。雖然小孩子不一定算是父母的老師，父母會經歷一個生命從微小脆弱到完整自主的整個過程，由自己成長的主觀角度轉變為旁觀小孩子成長的客觀角度，一步一步地往前走，父母自己的學習遠大於小孩子成長的學習。換句話說，生小孩並不是為了傳宗接代、延續人類的生命，畢竟這個世界沒有了人類也還是會繼續往下運行。養小孩更不是為了增加自己擁有的東西及快樂，畢竟父母不斷地付出後，終究得學會放手，讓小孩子獨立尋求他們的人生。</p>\n<p>當然，不生小孩不代表無法深入探討人生的真諦，人生有很多不同的機緣來尋求智慧與慈悲。然而，養兒育女就好像參加了不可退出的長期課程，不管你高興還是不高興、精神飽滿還是精疲力盡，每天都得上課，也常常有意想不到、焦頭爛額的事情跳出來激發你的毅力。</p>\n<p>總而言之，養兒育女，不要老想著「我這麼辛苦養育孩子，孩子為什麼不知道感激與回報」，因為生養小孩本來就不是為了孩子的感激與回報。當一個生命從老天的手中轉到你的手中，教養這個生命是你的責任，最大的回報是豐富了你的人生、強化了你的人生探索。如果孩子感激你的教養，成為你一輩子最親近的人，那是錦上添花，或許代表你做對了什麼事情。如果孩子與你越走越遠，也不要太難過，回頭好好思索人生該尋求的智慧與慈悲，下一次做好一點唄 ….. 如果下一次還有意願和機緣再從老天的手中接來一個生命。</p>",
  "article_time": "2021年05月01日 19:28",
  "comments": [
    {
      "id": "a3f2571b38fea2648dc324a8efbe663d",
      "author": "小宇",
      "time": "2021年05月04日 01:22",
      "content": "<p>李医生好！请问运动时双手肿胀是什么原因？</p>",
      "level": 0,
      "highlight": false,
      "children": [
        {
          "id": "a836d5828ef64d24ca647c69e568cbc3",
          "author": "李宗恩",
          "time": "2021年05月09日 10:13",
          "content": "<p>單一症狀無法診斷。</p>",
          "level": 1,
          "highlight": true,
          "children": []
        }
      ]
    },
    {
      "id": "6d9c28b8cf8f00c7f1613dd4fd024e90",
      "author": "Super",
      "time": "2021年05月08日 12:24",
      "content": "<p>受益匪浅，谢谢李医生！</p>",
      "level": 0,
      "highlight": false,
      "children": []
    },
    {
      "id": "d6c6cf9000fb140ef21c369f04d16667",
      "author": "小宇",
      "time": "2021年05月08日 20:14",
      "content": "<p>机缘巧合看到了李医生的网页，拜读您的文章后，才知道您不仅智商高，医术高，最重要是您的三观非常正！您的文字就像一盏明灯指引着我们上山的路。谢谢您的无私分享！</p>",
      "level": 0,
      "highlight": false,
      "children": [
        {
          "id": "c1a965203166386a916411573886d204",
          "author": "李宗恩",
          "time": "2021年05月09日 10:17",
          "content": "<p>謝謝你的反饋及支持！</p>",
          "level": 1,
          "highlight": true,
          "children": []
        }
      ]
    },
    {
      "id": "77fffc11c09410f74025a3516ac84a9b",
      "author": "小宇",
      "time": "2021年05月13日 01:53",
      "content": "<p>李医生好！关于静脉曲张请教您：患者形瘦，手脚凉时，血管收缩变的细小沉在皮下，手脚温或热时血管变的粗大像蚯蚓一样鼓在皮肤上，手背上的血管尤其粗大，这种情形是属于静脉曲张还是痨症？静脉曲张的上肢是否和下肢的治疗同理？</p>",
      "level": 0,
      "highlight": false,
      "children": [
        {
          "id": "57130449212a334fdffc2e1184bc781a",
          "author": "李宗恩",
          "time": "2021年05月18日 11:14",
          "content": "<p>靜脈曲張是西醫名稱，癆症是中醫名稱。另外，中醫不是看到靜脈曲張或癆症就如何治療，而是得針對病人的整體情況來討論。</p>",
          "level": 1,
          "highlight": true,
          "children": []
        }
      ]
    },
    {
      "id": "66e0cecef4f42c20c9861c7e9901b784",
      "author": "許冬華",
      "time": "2021年05月16日 02:51",
      "content": "<p>李醫生︰<br/>\n我是一名香港中醫，無緣拜見你和倪師，卻從你的網頁和倪師以前的網頁獲益良多，特來表達感謝！</p>\n<p>今天你寫了智慧和慈悲，讓我深有所感。身為中醫，絕對相信中醫藥治療，比西醫藥好十萬九千倍，雖有一腔熱誠，有時面對病人的問題，仍束手無策，因此經常來李醫生的網頁學習，謝謝你。</p>\n<p>香港和加洲不太遠，希望疫情過去，有朝一日，有機會來加洲拜會，親聆教益。</p>",
      "level": 0,
      "highlight": false,
      "children": [
        {
          "id": "8d8e7175acc38e86a01f3682911c3592",
          "author": "李宗恩",
          "time": "2021年05月18日 11:38",
          "content": "<p>謝謝你的支持及鼓勵。</p>",
          "level": 1,
          "highlight": true,
          "children": []
        }
      ]
    },
    {
      "id": "febc0d9c6b91ad19f3bedc1cf8f2c50c",
      "author": "明遠",
      "time": "2021年05月27日 07:00",
      "content": "<p>李醫師 您好:</p>\n<p>慈悲的悲在佛法中是智慧的意思，智慧由悲而生，慈也可以說是愛，慈悲即智慧的愛。佛菩薩大慈悲度化眾生，除了完全無條件，還充滿無量智慧。</p>\n<p>人生的真諦，以佛法來說是為了修行，而修行需要涵容智慧和慈悲。</p>\n<p>謝謝</p>",
      "level": 0,
      "highlight": false,
      "children": []
    },
    {
      "id": "0ce4a683d8949391495d45d3985c1f22",
      "author": "小K",
      "time": "2021年08月08日 08:48",
      "content": "<p>李醫師，八九歲的小男子包皮過長，龜頭沒能完全伸出來，計劃做切包皮手術。但醫院說低於14歲以下的小孩必須全麻醉，不能局部麻醉。現在比較糾結的是，全麻醉會不會對小孩的智商帶來負面影響，損傷記憶力。切包皮手術能否等小孩長到14歲以上再做？麻煩提供下參考意見。謝謝！</p>",
      "level": 0,
      "highlight": false,
      "children": [
        {
          "id": "a13020eb22c2e90563f5189fe95a22db",
          "author": "小K",
          "time": "2021年08月10日 08:06",
          "content": "<p>李醫師您好！關於全麻醉會不會對小孩的智商帶來負面影響的問題，您發的鏈接，似乎沒有找到答應。</p>",
          "level": 1,
          "highlight": false,
          "children": [
            {
              "id": "58974614f9623e91611ad30d3e0fb3bf",
              "author": "李宗恩",
              "time": "2021年08月10日 13:10",
              "content": "<p>一般而言不會，但極少數病人有有副作用，通常麻醉醫生會評估。</p>",
              "level": 2,
              "highlight": true,
              "children": []
            }
          ]
        }
      ]
    },
    {
      "id": "57a8b4df97c826f2155d36ad86139887",
      "author": "嘟嘟",
      "time": "2025年07月25日 09:36",
      "content": "<p>李医生您好。我看了您的写的文章养育小孩的21件事其中吃太多- 我女儿今年两岁半，出生至今没有吃过西药，只打过两针疫苗。 现在两岁半只有18斤，身高80公分，按照中国小孩的标准是属于瘦小类型。   我带她看过几个中医，说她脾虚，胃强脾弱。 也吃过中药但是没什么太大的作用。 现在她脸色很黄，从出生到现在都属于肤色很黄的，胃口很大，吃完饭立刻就想吃东西，从小是吃母乳，大了就喝粥吃面食米饭。 零食基本上很少给，因为她经常吵着吃东西，会有松子，麦芽糖，山楂糕，水果很少吃，如果吃了也是加热整熟了给她吃。 鸡内金会偶尔给她放入面试或者和山药泡水给她喝，因为她偶尔会有口臭积食的表现。 但是她就是吃了不长肉，冷饮没给她吃过，垃圾食品没有给她吃过，之前是爷爷嬷嬷给她吃一点，在我坚决要求下。现在是没有给，我对她的饮食很注意，吃的会比较素，肉很少给她吃，鸡蛋也是偶尔，长期早上是包子➕粥，中午米饭➕混合素菜，晚上面食或者面条，不会过量给她吃，都是控制她的量。  吃饭时间:早上6:30-7:00之间，中午11:00就要吃饭了，因为10点多就说饿了，晚饭是最迟16:30给她吃。  睡觉是晚上9:00之前会睡，睡眠可以，只要哄睡一会就睡着。  不喜欢运动。一出门就是要抱着，除非是自己喜欢的蹦蹦床才会玩几分钟，运动几乎没有。  小建中汤我自己用柴火熬制至少给她吃了两个月左右，效果不明显。是熬成膏状给她吃的。   您说脾虚有很多种，我现在也不知道她属于哪一种，您文中最后说可以开点补气补血的药，那四物汤➕四君子汤可以吗。   期待您的回复～</p>",
      "level": 0,
      "highlight": false,
      "children": [
        {
          "id": "903a6daf8438abd371669cd7a941dd6e",
          "author": "李宗恩",
          "time": "2025年07月26日 12:19",
          "content": "<p>我不在網上針對個案一一討論，不過看了你給她的飲食，太偏向米飯麵食等的碳水化合物。</p>",
          "level": 1,
          "highlight": true,
          "children": []
        }
      ]
    },
    {
      "id": "2990223f409a012cce31e685a65c1732",
      "author": "嘟嘟",
      "time": "2025年07月26日 18:25",
      "content": "<p>谢谢您的回复，饮食要多样化，主要是我怕她肉类消化不了。 肉类其实一个礼拜有两天会给她吃。她大便一直都是前干后软。</p>",
      "level": 0,
      "highlight": false,
      "children": []
    }
  ],
  "page": 16,
  "order": 3,
  "filename": "data\\page16\\page16_order2_a5fe5e05aac598c85d5f776c3056380f.json",
  "timestamp": 1755652316.2697685
}