{
  "article_url": "https://andylee.pro/wp/?p=14083",
  "title": "升結腸癌",
  "content": "<p>華人， 女，35歲，中國大陸遠程看診。病人2023 年七月確診為升結腸癌，升結腸有明顯大範圍腫塊，腫塊區域疼痛，胃脹氣，排便不規律，偶發生腸梗阻。嚴重貧血，易疲勞，易怒，每天晚上至少醒來三次。攜帶乙肝病毒數十年。病人不願意接受西醫建議開刀及化療，找中醫治療一個月，效果不明顯，服藥期間強烈腸鳴腹痛及脹氣，自己學習倪海厦老師中醫教材，試用過許多不同的藥方，暫時控制住嚴重不適的症狀，但升結腸癌持續發展，各種症狀依然存在。</p>\n<p>2024 年六月初診，藥方沒有什麼奇特：當歸、桂枝、白芍、生薑、炙甘草、紅棗、細辛、木通、大黃、麻子仁、厚朴、枳實、柴胡、黃芩、川芎、生地、炙黃耆、木香、陳皮、酸棗仁、女貞子。</p>\n<p>病人服用13付藥後回診，精神和體力轉好，肌肉力量增加。消化道脹氣減少、吃東西後大腸不適感減少，月經結束後大腸腫塊部分沒有以前的明顯不適。可以吃牛排及油多的食物，生氣情況減少，可以整夜睡覺了。病人自述感覺變回一個正常人一樣，開始可以自由活動、帶孩子、做家務等。囑咐病人再服用前方10付，然後改為清肝膽藥方：柴胡、玉金、黃芩、 龍膽草、炙鱉甲 、茜草 、五倍子 、海金沙 、鷄内金 、金鈴子 、金錢草 、炙黃耆 、白芍 、炙甘草、厚朴 、枳實 、木香、陳皮、當歸 。</p>\n<p>病人剛開始服用清肝膽藥方，反應激烈，身體不適，暫時減成一次半碗，逐漸適應後反應良好，心情開心。中間發生一次腸梗阻，回去服用初診藥方，並加少許芒硝，服用幾天後轉好。九月複診，身體感覺良好，氣色好，唇血色足，腫瘤處不痛。稍微調整治療方向，早晚服用藥方：當歸 、桂枝 、白芍 、生薑、炙甘草 、紅棗、細辛、木通 、大黃 、炮附子、麻子仁 、厚朴 、枳實、防己 、椒目 、葶藶子、吳茱萸、肉蓯蓉 、女貞子。中午加服一次清肝膽藥方。</p>\n<p>12月西醫增強CT檢查，局部腸壁厚度由原本的2.1cm減少為1.7cm，病變範圍由本來的5.3cm縮小為4.7cm，周圍淋巴結明顯縮小。肝臟良好，貧血轉好。</p>\n<p>2025年一月複診，病人自述健康狀況改善明顯，腫瘤處不痛了，胃痛明顯轉好，幾乎不痛了。大腸脹氣及腸鳴幾乎消失了，進食後胃痛脹滿現象改善很多，不再害怕吃油及肉類。為了減少病人一天服用兩種藥方的麻煩，簡化為一個藥方：當歸、桂枝 、白芍、生薑、炙甘草 、紅棗 、細辛、木通 、炮附子、大黃 、厚朴 、枳實 、灶心土、黃芩、炒白朮、延胡索、柴胡、玉金、炙鱉甲、茜草，偶而視情況加少許芒硝。</p>\n<p>2025年五月複診，病人告知，西醫檢查腫瘤縮小，但西醫無法解釋腫瘤為何會縮小。病人情況穩定，體重上升，腫瘤部位基本不痛了，胃痛和胃脹消失，沒有泛酸噁心了。平時不加芒硝，偶而感覺好像快腸梗阻了，加少許芒硝即可恢復。病人最近因其它事情和診所聯絡，順便告知我們，從五月到現在，情況穩定良好。</p>\n<p>治療重症，如同打一場敵強我弱的戰爭，得按照輕重緩急、病人個體情況，以及病人工作、生活、家屬互動等實際模式來佈局，一步一步來治療。病人的信任及配合度非常重要，如果這位病人因為一開始服用清肝膽藥方，身體反應激烈，就認為是治療錯誤，停止和醫生的合作關係，病人的升結腸癌腫塊不但不會縮小，反而可能已經轉為肝癌、膽管癌、胰腺癌。如同我在PodCast中聊到的，遇到完全不懂醫學卻願意嘗試中醫治療，或者對中醫有深入研究的病人，都會很好溝通。最麻煩是那些自以為懂中醫，實際上根本算不上十分之一、百分之一，更沒有臨床看診經驗的病人，拿著一些書本內容，或者網上的道聽途說，就來質疑醫生的診斷及治療方案。</p>\n<p>至於倪海厦老師引用古籍說「一劑知、二劑已」，那只是形容中醫治療效果比一般人對中醫的印象快許多，除非是很簡單的症狀，並不是真的指一付藥就知道有沒有效、兩付藥就治癒所有疾病。無論是親自跟診過倪老師，或者看過他外傳的病例整理，就會很清楚，大多數倪老師接治的病人，都是病情複雜，倪老師對這些病人也無法做到「一付藥就知道有沒有效、兩付藥就治癒所有疾病」。「道生一，一生二，二生三，三生萬物」，難道你賺了三塊錢，之後你就馬上成為了世界首富？</p>",
  "article_time": "2025年08月08日 18:54",
  "comments": [
    {
      "id": "d56d0888008edffd6540ae7697ff440b",
      "author": "夏至",
      "time": "2025年08月08日 20:26",
      "content": "<p>感谢老师分享案例。</p>",
      "level": 0,
      "highlight": false,
      "children": []
    },
    {
      "id": "685c89573acc19a207b7297eb212411a",
      "author": "支持中医",
      "time": "2025年08月09日 04:05",
      "content": "<p>李博士请教下为什么我一上大号就留鼻涕。我也没有感冒</p>",
      "level": 0,
      "highlight": false,
      "children": [
        {
          "id": "221541459cbb7b90db21c7b62ce33e18",
          "author": "李宗恩",
          "time": "2025年08月09日 06:48",
          "content": "<p>中醫不以單一症狀來診斷，搞不好只是你家的廁所太冷。</p>",
          "level": 1,
          "highlight": true,
          "children": []
        },
        {
          "id": "ca19667e1575f5111c0a4c172dccf6a4",
          "author": "中医爱好者",
          "time": "2025年08月09日 14:11",
          "content": "<p>我也是这样。经过我一两年的实践我认为这是一种身体自调节的现象，其目的在于身体紧急调用其他部位的体液粘液等液体形成润滑机制以助于排便，所以鼻腔内的液体仅是表象，这是人能感知的部分，而无法感知的部分在大肠部位。我认为这是好现象，无需多虑。</p>",
          "level": 1,
          "highlight": false,
          "children": [
            {
              "id": "7f8e742d23466dacf92c9bfdf54899b5",
              "author": "支持中医",
              "time": "2025年08月12日 01:12",
              "content": "<p>我觉得是肺气虚，肺开窍于鼻肺无法收敛津液。</p>",
              "level": 2,
              "highlight": false,
              "children": []
            },
            {
              "id": "ec36d71d71d11620c33529e4984f3ed0",
              "author": "健恩",
              "time": "2025年08月17日 16:13",
              "content": "<p>李博士，您好！我住在中国大陆。除了博客，还有什么方法可以联系上您？想找您看诊需要怎样排队？妈妈24年因为胆管癌转肝癌不在了。发现时，肿瘤已经侵蚀主动脉，无办法手术了。在西医化疗治疗无效后，也找不到能治好她症状的中医，后期腹水，双腿水肿。。。后来有幸看倪老师的视频，和认识您，才知道癌症不是绝症，癌症也可以像正常人一样生存很久。有的病人得了癌症，在西医公布无办法治疗时，病人就像判了死刑，人未死，心里已经没有希望了，无耐，只能等待死亡和奇迹降临。可是，怎样才能找到您，或者找到您的已经可以看诊的学生，看上病？哥哥现在肾衰竭，吃西药无效果，检查结果和自我感觉越来越不好。西医只剩下洗肾。如果联系方式不宜公开，能不能发到我的邮箱？</p>",
              "level": 2,
              "highlight": false,
              "children": [
                {
                  "id": "d4f32a26db5575338ad03d4e729179bd",
                  "author": "健恩",
                  "time": "2025年08月17日 17:42",
                  "content": "<p>刚看到李博士在博客上已经写了一篇关于远程看程的文章，回复了我的部分问题。李博士可不重复回复，感谢！</p>",
                  "level": 3,
                  "highlight": false,
                  "children": []
                }
              ]
            }
          ]
        }
      ]
    },
    {
      "id": "64edbb606ea4036441fa212654014987",
      "author": "黄生",
      "time": "2025年08月09日 07:11",
      "content": "<p>李博士：<br/>\n    您好！我是一名中醫愛好者，入門階段，看了您例舉的案例，說下自己的淺見，請您指正。<br/>\n    病人攜帶乙肝數十年，存在肝虛或實的可能，肝在一定程度上有損傷，造成易怒，怒又傷肝，惡性循環，睡眠不佳與之有關，可能陽不入陰，肝臟無法解血裡的毒，血的品質不佳，血到達心臟，亦造成心臟之虛弱；肝木克脾土，造成脾不統血，進而嚴重貧血。長時間的心臟功能低下，造成溫煦周身力量不強，血虛進而血瘀，局部開始變寒，進而生腫塊，久之癌變。<br/>\n    看了您的藥方，主要是以下功能：<br/>\n（1）強心（當歸、桂枝、白芍、生薑、炙甘草、紅棗、細辛、木通）<br/>\n（2）通下焦（大黃、麻子仁、厚朴、枳實）<br/>\n（3）清肝（柴胡、黃芩）、補肝（川芎、生地，四物湯複方）<br/>\n（4）強脾（炙黃耆、木香、陳皮）<br/>\n（5）助眠（酸棗仁）<br/>\n（6）補腎（女貞子）<br/>\n    病人虛弱，如果保守治療的話，這裡能不能先強脾，次清肝、補肝，而後溫下焦、通下焦。<br/>\n    以上淺見，請李博士指教。</p>",
      "level": 0,
      "highlight": false,
      "children": [
        {
          "id": "6a092e6e0bbcb841260545a5f34039d2",
          "author": "李宗恩",
          "time": "2025年08月09日 08:11",
          "content": "<p>我不在網上針對個案一一討論。</p>",
          "level": 1,
          "highlight": true,
          "children": []
        }
      ]
    },
    {
      "id": "e91f02fae920b24c61069dbe26be8704",
      "author": "李梁",
      "time": "2025年08月09日 12:49",
      "content": "<p>对了，想起来有个事跟您宗恩老师说一下，想听听您的看法！今天去医院抓药材的时候跟我的“老朋友”中医师(之前有提到过也是您的读者学者，虽然每次没有找他看诊，但是也很感谢他能行方便让我直接抓到医院的中药材)探讨了一下他遇到的癌症病人中非常值得让人思考的一个问题！那就是他遇到的初期甚至是中晚期的癌症病人，大概在一半左右，在没有西医介入化疗或者放疗的时候，病人的表现或者脉象非常趋近于是六经辨证中的少阳或者太阴与少阴层面，后面再经过西医的化疗放疗后虽然西医检测的各类指标都往上走，但是当那些病人再来回头找他来解决那些所谓的副作用的时候这个时候病人呈现出来的表现与脉象直接是一下跳到了厥阴！而且这个时间线并不长，短的有大概两个礼拜，长的也就一个月。那么回过头来病人化疗放疗后西医检测的各类数据呈正向趋势，但是中医层面确是往下掉！这也是让我想到倪老师曾经有过类似的说法！那么这个有意思的现象我不知道您怎么看，或者您再遇到癌症患者的治疗中有没有过类似的经历！</p>",
      "level": 0,
      "highlight": false,
      "children": [
        {
          "id": "011a4eb803b1f3f46049911dd3cfbbc8",
          "author": "李宗恩",
          "time": "2025年08月22日 09:08",
          "content": "<p>癌症病人很少是只停留在太陽陽明少陽。只是中醫師沒有深入了解病情，而西醫治療確定有可能讓病情惡化，但不一定是讓病人從三陽轉三陰，而是讓三陰的症狀比較明顯，因而讓中醫師誤以為從三陽轉三陰。</p>",
          "level": 1,
          "highlight": true,
          "children": []
        }
      ]
    },
    {
      "id": "31142eb59d042e5b8a8e9d286fb0b20c",
      "author": "黄生",
      "time": "2025年08月09日 17:38",
      "content": "<p>好的，多謝李博士。<br/>\n另外有個困惑的問題請教下，在中國大陸蘇州，有醫生讓病人（有些是腫瘤、癌症）在服藥期間不要吃牛肉、羊肉、豬肉等，最好不要洗澡。這是什麼緣故？我聽了點倪老師和您的講座，看了些文章，裡面都是說牛肉補肝血，羊肉補心血，應該是可以適當食用的。另外，「服藥期間最好不洗澡」也不得其解，洗澡有助於全身氣血暢通，適當的洗應該無大礙，難道是因為洗澡會帶走身上部分熱量（或者說陽氣）嗎？</p>",
      "level": 0,
      "highlight": false,
      "children": [
        {
          "id": "b1afe809c25da6a3958c414335737336",
          "author": "李宗恩",
          "time": "2025年08月22日 09:09",
          "content": "<p>你應該去問那位醫師為什麼要病人不要做那些事情。</p>",
          "level": 1,
          "highlight": true,
          "children": []
        }
      ]
    },
    {
      "id": "be3daf21bcab48c9bb272604ada13968",
      "author": "初一",
      "time": "2025年08月10日 08:36",
      "content": "<p>感谢李医师的案例分享，案例中讲到一点-对医生的信任和配合这一点我认为是是最重要的，<br/>\n对待李医师的案例提到清肝产生不好受，这种感觉我想如果我能提前跟患者提前预告她有哪些感受，那么她在产生这种感受时就会对医师保持信任，基于这种考虑，对待清肝的药我也配了几副试试所谓的不好受指的是哪里，我个人感受当只做清肝胆和缓脾胃通大肠的配伍时，肾阳会受到损伤，表现为肾俞到脾募之间有类似寒凉而又紧缩隐痛的感觉，停药一天缓之，两天感觉逐渐消失。 请教李医师是否此反应为您讲的清肝胆难过的表现？</p>",
      "level": 0,
      "highlight": false,
      "children": [
        {
          "id": "e65308f125e16abd4c4bf04783f9be8c",
          "author": "李宗恩",
          "time": "2025年08月22日 09:10",
          "content": "<p>以前講過許多次，你可以查詢以前的文章及教學資料。</p>",
          "level": 1,
          "highlight": true,
          "children": []
        }
      ]
    },
    {
      "id": "9f5051f9a471881fd860cdc53c205292",
      "author": "轮回",
      "time": "2025年08月10日 15:44",
      "content": "<p>李医生，你好。请问补骨脂是补肾阴还是补肾阳？我在网上看了很多资料都说补肾阳，但是我看倪师的医案里面说的是补肾阴。</p>",
      "level": 0,
      "highlight": false,
      "children": [
        {
          "id": "6174307e0daf0b49c1bfc4229e0591a1",
          "author": "李宗恩",
          "time": "2025年08月22日 09:12",
          "content": "<p>你可以查詢我以前解釋陰陽，你就不會那麼糾結在字面上的補陰或補陽。</p>",
          "level": 1,
          "highlight": true,
          "children": []
        }
      ]
    },
    {
      "id": "6a5b0d4000b161e7fd47bfa32df5e1d0",
      "author": "DH",
      "time": "2025年08月10日 21:53",
      "content": "<p>AI 解釋：</p>\n<p>這是一個非常成功且精彩的中醫治療案例，充分體現了中醫在處理重症、大病時的整體觀念、辨證論治的靈活性，以及「扶正」與「祛邪」相結合的治療智慧。醫者思路清晰，層次分明，膽大心細，並且與病人建立了良好的互信關係，這是治療成功的關鍵。<br/>\n—</p>\n<p>1. 診症思路評論 (Commentary on the Diagnostic Approach)</p>\n<p>雖然文中沒有明確寫出「證型」，但從用藥反推，醫者的診斷思路非常清晰且全面，認識到這是一個虛實夾雜、寒熱錯雜的複雜局面。<br/>\n– 虛 (Deficiency):<br/>\n – 氣血兩虛 (Qi and Blood Deficiency): 這是根本。病人「嚴重貧血、易疲勞、肌肉力量差」是典型的氣血不足。升結腸癌本身作為一種消耗性疾病，久病必虛。這是治療中必須時刻顧護的「正氣」。<br/>\n – 陽虛 (Yang Deficiency): 後期方劑中加入炮附子、吳茱萸、桂枝、細辛等大熱之品，說明醫者判斷病人體內有深層的「陽虛內寒」。癌瘤在中醫看來屬於陰邪，其生長環境常與陽氣不足、寒濕凝滯有關。<br/>\n– 實 (Excess):<br/>\n – 氣滯血瘀、癥瘕積聚 (Qi Stagnation, Blood Stasis, and Mass Accumulation): 「升結腸有明顯大範圍腫塊、腫塊區域疼痛」是核心病理產物。「癥瘕積聚」是中醫對體內腫塊的描述，其形成與氣血運行不暢、痰濕毒邪凝聚有關。<br/>\n – 腑氣不通 (Bowel Qi Obstruction): 「胃脹氣、排便不規律、偶發生腸梗阻」是典型的腑氣不通表現，是腫瘤阻塞腸道的直接後果。<br/>\n – 肝鬱化火/濕熱 (Liver Depression transforming into Fire/Damp-Heat): 病人「易怒」、晚上「至少醒來三次」，結合後期使用柴胡、黃芩、龍膽草等清肝膽藥物，顯示醫者考慮到了肝膽經的鬱熱問題。這可能源於情志不遂，也可能與腫瘤毒邪有關。<br/>\n診斷總結： 醫者的核心診斷為：以氣血陽氣虧虛為本，以癌瘤毒邪、氣滯血瘀、腑氣不通為標的本虛標實證。同時，兼有肝膽鬱熱。<br/>\n—</p>\n<p>2. 用藥策略與方劑評論 (Commentary on Medication Strategy and Formulas)</p>\n<p>醫者的用藥節奏感非常好，堪稱典範。他沒有試圖用一個方子解決所有問題，而是根據病情主次，分階段、分重點進行治療。</p>\n<p>第一階段：初診方 (扶正固本，通腑攻堅)</p>\n<p>– 方劑構成分析：<br/>\n – 當歸建中湯/桂枝湯化裁 (當歸、桂枝、白芍、生薑、炙甘草、紅棗): 這是「扶正」的基礎。溫中補虛，調和氣血，為後續攻伐提供體力支持。病人服用後「精神和體力轉好」，證明此舉正確。<br/>\n – 大承氣湯化裁 (大黃、厚朴、枳實、麻子仁): 這是「祛邪」的主力。攻下積滯，通暢腑氣，解決腸梗阻的燃眉之急。「瀉下存陰」，通過保持大便通暢，可以有效排除體內毒素，減輕腫瘤負荷，這是中醫治療腫瘤的常用思路。<br/>\n – 疏肝理氣、活血化瘀 (柴胡、黃芩、川芎、木香、陳皮): 調節氣機，疏通肝膽，幫助消脹、止痛。<br/>\n – 溫經通脈 (細辛、木通): 增強溫通之力，幫助藥力直達病所。<br/>\n – 養血安神 (生地、酸棗仁、女貞子): 針對貧血、失眠、易怒等症狀。<br/>\n– 策略點評： 此方攻補兼施、寒熱並用，既用桂枝、細辛溫陽，又用大黃、黃芩清熱瀉下。在病人極度虛弱的情況下，準確地找到了「扶正」與「祛邪」的平衡點，迅速穩定住了局勢，改善了病人的生存品質，為後續治療贏得了時間和空間。</p>\n<p>第二階段：清肝膽方 (專向祛邪，直擊病灶)</p>\n<p>– 策略點評： 在病人體質恢復後，醫者將治療重點轉向處理與腫瘤生長環境密切相關的「肝膽」問題。這是「治病求本」的體現。肝膽主疏泄，與全身氣機、毒素代謝相關。乙肝病史也提示肝臟是其薄弱環節。<br/>\n– 方劑構成分析： 此方以柴胡、黃芩、龍膽草、金鈴子等強力清解肝膽鬱熱；以炙鱉甲、茜草、玉金、五倍子等軟堅散結、活血化瘀，有直攻腫瘤之意；以海金沙、雞內金、金錢草利濕排毒。<br/>\n– 「反應激烈」的意義： 這是所謂的「瞑眩反應」或「排病反應」。正氣在藥物幫助下開始有力地驅逐深層次的病邪，必然會引發一場劇烈的正邪交爭。醫者能預見並指導病人平穩度過，是經驗和信心的體現。如果此時動搖，則前功盡棄。</p>\n<p>第三階段：九月調整方 (分進合擊，強化溫陽)</p>\n<p>– 策略點評： 這是更高階的用藥策略。醫者認識到，單純清解或單純攻下不足以克伐深層陰寒之瘤，必須動用大辛大熱的炮附子來「破陰回陽」。<br/>\n– 方劑構成分析：<br/>\n – 早晚方： 以當歸四逆湯 (當歸、桂枝、白芍、細辛、木通、甘草、大棗) 為基底，加入炮附子、吳茱萸，組成一個強力的「溫陽散寒、通脈活血」方，旨在溫暖臟腑，改變腫瘤賴以生存的「寒濕」土壤。同時保留承氣湯結構以防堵塞。加入防己、椒目、葶藶子可能是為了處理腹水或水濕問題。<br/>\n – 中午方： 繼續使用清肝膽方，處理鬱熱和毒邪。<br/>\n– 意義： 這種「溫陽」與「清熱」分時段服用的方法，精準地處理了「寒熱錯雜」的矛盾，避免了藥性互相干擾，實現了多靶點的協同治療。</p>\n<p>第四階段：一月簡化方 (融會貫通，鞏固療效)</p>\n<p>– 策略點評： 隨著病情穩定，CT顯示腫瘤縮小，醫者將前期有效的方劑思路融為一爐，化繁為簡，方便病人長期服用。<br/>\n– 方劑構成分析： 此方是前面所有策略的集大成者。<br/>\n – 溫陽扶正 (桂枝、附子)<br/>\n – 通腑祛邪 (大黃、厚朴、枳實)<br/>\n – 疏肝清熱 (柴胡、黃芩)<br/>\n – 軟堅散結 (鱉甲、茜草、玉金)<br/>\n – 溫中健脾 (灶心土、炒白朮)<br/>\n – 理氣止痛 (延胡索)<br/>\n這張方劑攻守兼備，寒熱平調，全面而穩定，標誌著治療進入了以鞏固療效、防止復發為主的「守成」階段。<br/>\n—</p>\n<p>3. 整體治療觀念評論</p>\n<p>1. 生命為先，改善品質： 醫者從始至終都將病人的精神、體力、睡眠、飲食等生存品質放在首位。只有病人能吃、能睡、有力氣，才有資本和疾病鬥爭。<br/>\n2. 階段性與靈活性： 治療過程清晰地分為「穩住陣腳 -&gt; 專項攻堅 -&gt; 強化根本 -&gt; 全面鞏固」四個階段，體現了兵法般的戰略佈局。<br/>\n3. 重視腑氣通暢： 始終使用承氣湯類的藥物保持大便通暢，是中醫治療癥瘕積聚類疾病的「王道」。所謂「六腑以通為用」，腑氣通，則毒有出路，生機不絕。<br/>\n4. 醫患互信的價值： 醫者最後的感言非常中肯。重症治療如同在懸崖上走鋼絲，病人的完全信任和配合是治療得以順利推進、克服困難（如清肝膽方的劇烈反應）的基石。</p>\n<p>結論</p>\n<p>這是一份極具教學價值的成功案例。醫者對中醫經典理論（如傷寒論中的桂枝湯、承氣湯、四逆湯等）有著深刻的理解，並能根據癌症的複雜病機進行靈活化裁。其診斷之精準，用藥之膽識，節奏之把控，都顯示出高超的臨床水準。<br/>\n需要強調的是，此案例的成功具有其特殊性，包括病人自身的體質、病程階段以及醫者的水平。它展示了中醫在癌症治療領域的潛力和獨特優勢，尤其是在與西醫協同或作為替代療法時，能夠在改善生活品質、延長生存期、甚至縮小腫瘤方面發揮重要作用。但這並不意味著所有癌症患者都可以簡單複製此方案。任何治療都必須在專業醫師的嚴格辨證指導下進行。</p>",
      "level": 0,
      "highlight": false,
      "children": [
        {
          "id": "dca5f72059fc142eb3346e2bef42053b",
          "author": "李梁",
          "time": "2025年08月18日 12:56",
          "content": "<p>这是deepseek的解释吗？太过于抓药味与方剂条文定义标准话的解释了，的确中医人工智能还是有很长的路要走！</p>",
          "level": 1,
          "highlight": false,
          "children": []
        },
        {
          "id": "af44ecfde05a77823fce4293a46cb0c9",
          "author": "李宗恩",
          "time": "2025年08月22日 09:12",
          "content": "<p>謝謝分享</p>",
          "level": 1,
          "highlight": true,
          "children": []
        }
      ]
    },
    {
      "id": "55cd1a7f5f23c2e0bd2693f35af09ede",
      "author": "臭宝",
      "time": "2025年08月10日 23:47",
      "content": "<p>很厉害且很有学习意义的远程案例，肝与大肠互相影响，肝脾互克，行军布阵酣畅淋漓，光看文字都觉得有压力！感谢李教授分享!</p>",
      "level": 0,
      "highlight": false,
      "children": []
    },
    {
      "id": "d28061900bc495b209419df106db968d",
      "author": "丸子头",
      "time": "2025年08月11日 18:45",
      "content": "<p>老师可以说一下自闭症吗？现在很多孩子有自闭症，中医对自闭症的定义是什么，是什么原因导致的。很希望老师能讲一下。身边有朋友的孩子是自闭症，看到一家子都为此搞得快家破，很难过！</p>",
      "level": 0,
      "highlight": false,
      "children": [
        {
          "id": "7f8e89bf62e082d6b9cfb029df6fb5c4",
          "author": "李宗恩",
          "time": "2025年08月22日 09:13",
          "content": "<p>以前討論過，有時間可以再來討論一下。</p>",
          "level": 1,
          "highlight": true,
          "children": []
        }
      ]
    },
    {
      "id": "6173aca6bd4ca050ceca0f18cfc7315e",
      "author": "阿福",
      "time": "2025年08月12日 02:22",
      "content": "<p>李医师您好！您有没有对您的癌症患者做生存期统计，是否比西医治疗高出许多？</p>",
      "level": 0,
      "highlight": false,
      "children": [
        {
          "id": "d97a1dc63ba223b87c53ade8ffcc9a0e",
          "author": "李宗恩",
          "time": "2025年08月22日 09:17",
          "content": "<p>這如何比較？每一個病人情況不一樣，不是西醫說什麼癌症，就把那些病人綁在一起來討論。到目前為止，運氣還不行，治療的癌症病人，都存活的比他們之前西醫給的預期長，當然，西醫的預期也只是一個統計上粗造的平均值，本來有些病人會存活比較久、有些病人會存活比較短。而沒有經過西醫診斷的病人，就無法比較中醫治療比西醫的預期存活地長或短。</p>",
          "level": 1,
          "highlight": true,
          "children": []
        }
      ]
    },
    {
      "id": "4692e784dbac0754ebb26bfd59c9b75f",
      "author": "君",
      "time": "2025年08月12日 13:08",
      "content": "<p>李医师，你好！对于口有金属味是否可以提供一些解释思路？这个症状我第一联想到的是肺或脾。我查了一下资料大多是西医解释，少有的中医解释是“肺热”。</p>",
      "level": 0,
      "highlight": false,
      "children": [
        {
          "id": "662aa29d408055a3b75761f1845e06c2",
          "author": "李宗恩",
          "time": "2025年08月22日 09:19",
          "content": "<p>中醫不是靠單一症狀來診斷，口中有金屬味，代表肺家可能有問題，至於什麼問題，那得各種症狀綜合討論。</p>",
          "level": 1,
          "highlight": true,
          "children": []
        }
      ]
    },
    {
      "id": "08bdc93df988a0128f536e9ce3e75b33",
      "author": "中医传承人",
      "time": "2025年08月13日 01:25",
      "content": "<p>李老师你好，看了案例，我心中有个疑惑，内科中医辩证是否是最终从病人多个症状中寻求根本问题，无外乎人体五脏六腑加三焦水道，只要判断准确是哪个脏腑引起的疾病，我们用药精准，非常确切的知道每位药的作用部位，这些药组合处方就是作用于这个引起疾病的脏腑，疾病就能治愈呢，当然其中有先有后，如治肺先疏肝，治肝先实脾，这些是重症治疗原则。现在很多人使用六经辩证方法治疗疾病，经常判断疾病是六经某某合并（如少阳少阴厥阴合并），然后对应六经条文用该方组合，这种方法是不是不可取，仲景的六经我理解的是一个疾病发展顺序，给我们判断疾病到什么位置，而不是根据六经辩证组方。您说的根据中医生理学与病理学辩证，判断出具体脏腑原因，再组方，这是否可以认为就是脏腑辩证呢，脏腑辩证是直接基于中医生理学准确判断哪个脏腑发生问题，而八钢辩证只是一个手段，是协助脏腑辩证的，这些理解不知是否正确。</p>",
      "level": 0,
      "highlight": false,
      "children": [
        {
          "id": "8779cf986056438d3248cf39dd0844b2",
          "author": "李宗恩",
          "time": "2025年08月22日 09:21",
          "content": "<p>不同診斷方式是不同的工具，一個好的中醫師會交叉使用及比對。</p>",
          "level": 1,
          "highlight": true,
          "children": []
        }
      ]
    },
    {
      "id": "06478b310d3c5729f6175cf76c456a17",
      "author": "中医爱好者",
      "time": "2025年08月13日 01:46",
      "content": "<p>李博士，麻烦请教您一下，<br/>\n从病历上没有看出来下面3个药的出处。下面3个药的目的，个人理解的对吗？<br/>\n葶苈子：为了预防肺积水，或有脸肿，同时利大便。<br/>\n灶心土：病人有严重胃损伤，如胃出血,如黑色便血<br/>\n延胡索：为了行气止痛，同时助大便多一点。</p>",
      "level": 0,
      "highlight": false,
      "children": [
        {
          "id": "6ab20194fe48b1e7928f225336b90d52",
          "author": "李宗恩",
          "time": "2025年08月22日 09:23",
          "content": "<p>葶藶不只是用在肺家，譬如己椒藶黃丸。</p>",
          "level": 1,
          "highlight": true,
          "children": []
        }
      ]
    },
    {
      "id": "fff71f6cc0e22c472e45b5a285ff223a",
      "author": "没有昵称的想法",
      "time": "2025年08月13日 04:41",
      "content": "<p>李医生，您好！请教一下肝脾互克的时候，什么时机应该补肝血，什么时机应该清肝，什么时机应该健脾？谢谢！</p>",
      "level": 0,
      "highlight": false,
      "children": [
        {
          "id": "60cd44291526c53660592dec077e8547",
          "author": "中医爱好者",
          "time": "2025年08月13日 18:09",
          "content": "<p>个人觉得：病在大肠，大肠属金，金会克木，所以要疏木清肝（柴胡黄芩郁金龙胆草白芍茜草炙鳖甲），让病不在前进。用到炙鳖甲说明肝的问题应该比较严重了。方中有四逆散和五金汤，应该患者有胆结石。木会克土，所以要强脾，强脾还可生金，此人胃胀气严重，炙黃耆、木香、陳皮，厚朴可以补脾同时行肠胃的气，减轻胀气。   患者补肝血主要原因应该是“嚴重貧血”，血严重不足的话，中药的效果影响可能会很大。</p>",
          "level": 1,
          "highlight": false,
          "children": []
        },
        {
          "id": "2b640da31b3b8f239af54a7e0ea8e48d",
          "author": "李宗恩",
          "time": "2025年08月22日 09:38",
          "content": "<p>每一個病人情況不一樣</p>",
          "level": 1,
          "highlight": true,
          "children": []
        }
      ]
    },
    {
      "id": "4a140dd758d2fd33bc3145933e18ac0c",
      "author": "中医至上",
      "time": "2025年08月13日 22:29",
      "content": "<p>李老师又一次挽救了一个家庭，实乃大善。恭喜李老师，恭喜这个患者及家人。</p>",
      "level": 0,
      "highlight": false,
      "children": []
    },
    {
      "id": "26116be0de1b7c6f1d0a75f702388a7c",
      "author": "支持中医",
      "time": "2025年08月14日 17:39",
      "content": "<p>李博士请教下为什么小便会变深黄浅黄反正各种（晨尿尤其），书上写肝胆湿热，阴虚内热，心火旺。肝经落在阴器。这些火啊热啊是不是温度升高。那我烧水0-100度也没有变颜色。那就是要么在膀胱里变黄要么进入膀胱已经变色了。西医讲的膀胱炎尿路感染肝胆炎。中医就是告诉我们热小便黄寒小便白。但这是为什么那个环节出了什么样的问题</p>",
      "level": 0,
      "highlight": false,
      "children": [
        {
          "id": "637a9ef5c717e315ad359ad5bea88c02",
          "author": "李宗恩",
          "time": "2025年08月22日 09:43",
          "content": "<p>這個所謂的熱，當然不是你把尿液加溫的意思，而是臟腑有熱，而影響其功能的結果。</p>",
          "level": 1,
          "highlight": true,
          "children": [
            {
              "id": "f306c4330ef6b977c73eb50d61bb4e81",
              "author": "子淇",
              "time": "2025年08月25日 18:03",
              "content": "<p>李医师，您好，我通过观察小便一天的颜色是不一样的，晨起深黄，活动后变浅黄，随着一天喝水量增加变白，倪师课程里有提到，黄为热，白为寒，这个是以哪个时间段的症状判断寒热.?还是这一天颜色的变化说明身体正出现异样变化，需要重视健康问题</p>",
              "level": 2,
              "highlight": false,
              "children": [
                {
                  "id": "cce5a3d492dba692b9c4786fd8640c73",
                  "author": "李宗恩",
                  "time": "2025年08月26日 12:51",
                  "content": "<p>學中醫要有common sense!半夜睡覺，腎臟過濾產生尿液的速度變慢，化學成分對水的比例增加，會比較黃一些。看診時會去了解病人不同時段的尿液顏色是否脫離正常範圍。</p>",
                  "level": 3,
                  "highlight": true,
                  "children": [
                    {
                      "id": "10cc29b440c1b8e28e8280ee4bb6baaf",
                      "author": "子淇",
                      "time": "2025年08月27日 18:12",
                      "content": "<p>嗯嗯，感谢李医师百忙之中的回复。</p>",
                      "level": 4,
                      "highlight": false,
                      "children": []
                    }
                  ]
                }
              ]
            }
          ]
        }
      ]
    },
    {
      "id": "8a600ae9fb2bbcb129469c5b17071a95",
      "author": "多年困惑--右手中指和食指容易长水泡，请帮忙建议，感谢！！",
      "time": "2025年08月15日 01:15",
      "content": "<p>请问李博士如何远程看诊，谢谢！</p>",
      "level": 0,
      "highlight": false,
      "children": [
        {
          "id": "0885e468c6d7156a355e154a27f1d957",
          "author": "器皿",
          "time": "2025年08月15日 17:02",
          "content": "<p>可以发邮件联系诊所:info@youngqi.com</p>",
          "level": 1,
          "highlight": false,
          "children": []
        },
        {
          "id": "02621e774218c37e7530b4bf47596ce3",
          "author": "小宇宙",
          "time": "2025年08月15日 17:29",
          "content": "<p>李医生已经讲过很多次联络方式了。以后这样的问题不要再麻烦李医师了。给诊所发电邮，诊所同仁会告诉你一切看诊的事项 ，并且会辅导着你完成。电邮自己搜一下。</p>",
          "level": 1,
          "highlight": false,
          "children": []
        }
      ]
    },
    {
      "id": "7bad884c917da015ee5bd2fc4f07c0b7",
      "author": "吴俊达",
      "time": "2025年08月17日 01:55",
      "content": "<p>你好李老师   我想问一下   怎么才能买倪师汉唐系列的药丸    在中国大陆那里可以买到真正的汉唐药方    倪师都开发汉唐系列  什么时候可以惠及大陆民众。谢谢</p>",
      "level": 0,
      "highlight": false,
      "children": [
        {
          "id": "ec903ea65e66c3178db49ea4366e7c6b",
          "author": "天城",
          "time": "2025年08月17日 18:39",
          "content": "<p>”已經回答過很多次，漢唐系列藥品沒有為中國主管當局核准，在中國大陸為非法。 同時，倪老師原本設計漢唐系列藥品，是在中醫師看診時使用，不是病人自己隨意購買來服用。“<br/>\n另外购物平台上也能买到海外代购的。</p>",
          "level": 1,
          "highlight": false,
          "children": []
        }
      ]
    },
    {
      "id": "c8f75a119355f91ca031f8dd08e06cc1",
      "author": "潇航",
      "time": "2025年08月19日 06:08",
      "content": "<p>这次以个人名义想请教李博士一个问题，如果遇到个人通过观察，调研推测发现求助者是咎由自取的人，直白来说就是个小人或坏人，而这种人对内并不算小人，对我来说并不算小人或坏人，但这种人却有所成就和我还有些亲缘关系，若帮之是在伤害其他人，若不帮则是伤害家族里人。目前处于在暗示沟通之中，有些想放弃了加之自己事情也多，也不知道该怎么办，既不想那人做伤天害理之事可又不愿家族人日后遭业报，哎 目前走一步看一步吧。</p>",
      "level": 0,
      "highlight": false,
      "children": [
        {
          "id": "892abc52f06e61f48169d676e2358283",
          "author": "潇航",
          "time": "2025年08月22日 12:08",
          "content": "<p>李博士这条留言您不用回复我了，最新调查发现家族中人对他所作所为是清楚且默认的。我之前还幻想他们对此并不知情。通过这件事倒让我有些新的感悟，我前三十年的人生会有些坎坷不顺或许于此有关吧，这些年我帮了很多不该帮的人也再次验证了很多年前一位老先生对我说的话：上天会公平的惩罚和褒奖每一个人，如果人生过得不好应该好好想想原因。</p>",
          "level": 1,
          "highlight": false,
          "children": []
        }
      ]
    },
    {
      "id": "52f5d897f686848e7f3289c2498f4887",
      "author": "在路上",
      "time": "2025年08月29日 18:31",
      "content": "<p>每次学习李医师医案都是对自己学习情况的指导与纠偏，望闻问切，辨证论治，具体的治疗策略与医患沟通，各方面都值得认真思考学习，非常感谢李医师分享。</p>",
      "level": 0,
      "highlight": false,
      "children": []
    },
    {
      "id": "7a629f7bd0dd2099e16b6a64ea2bed94",
      "author": "臭宝",
      "time": "2025年09月04日 21:19",
      "content": "<p>仔细看了好多遍，柴胡黄芩，吴茱萸，灶心土等，不少的辩证信息以及开方思路在里面，很有临床意义，再次感谢李教授的分享。同时希望这位女士未来一帆风顺健健康康。</p>",
      "level": 0,
      "highlight": false,
      "children": []
    }
  ],
  "timestamp": 1759068405.7222292,
  "page": 1,
  "order": 4,
  "filename": "data\\page1\\page1_order4_ed1505e114512dca1684dbeee0a55da0.json"
}