{
  "article_url": "https://andylee.pro/wp/?p=10387",
  "title": "微電影《不怕》向抗疫英雄們致敬",
  "content": "<p>央視特邀研究員、知名導演歐陽國忠，耗時數個月製作了微電影《不怕》，根據通許縣人民醫院（現為通許第一醫院）對抗新冠疫情的故事創作，闡述真人真事，劇中皆由當事人飾演自己。歐陽導演表示：「了不起的中醫，了不起的中國人，以此片向抗疫英雄們致敬！」</p>\n<p>影片一開始提到，著名國畫家吳寳林花了很長的時間，把通許縣人民醫院疫情故事中相關人物一一畫下，製作成橫幅很寬的兩幅掛畫。這次抗疫成功的關鍵，追本溯源為倪海廈老師的中醫教學，吳寳林國畫家在掛畫一開始就栩栩如生地畫下倪老師的相貌。我、楊貞、湯英、婁愛芝等幾位醫生，也被畫了下來。兩幅掛畫將在中國大陸各個省市巡迴展出，以宣揚中醫抗疫的貢獻。</p>\n<p>微電影《不怕》發佈在微信上，似乎沒有適合的方法下載來和大家直接分享，有興趣的讀者可以到微信上搜尋。如果有讀者知道如何下載，麻煩請下載後轉發給我，分享給不使用微信的讀者。</p>\n<figure class=\"wp-block-image size-large\"><a href=\"https://andylee.pro/wp/wp-content/uploads/2021/07/微電影.png\"><img alt=\"\" class=\"wp-image-10385\" decoding=\"async\" fetchpriority=\"high\" height=\"930\" sizes=\"(max-width: 1024px) 100vw, 1024px\" src=\"https://andylee.pro/wp/wp-content/uploads/2021/07/微電影-1024x930.png\" srcset=\"https://andylee.pro/wp/wp-content/uploads/2021/07/微電影-1024x930.png 1024w, https://andylee.pro/wp/wp-content/uploads/2021/07/微電影-300x272.png 300w, https://andylee.pro/wp/wp-content/uploads/2021/07/微電影-768x697.png 768w, https://andylee.pro/wp/wp-content/uploads/2021/07/微電影-1536x1395.png 1536w, https://andylee.pro/wp/wp-content/uploads/2021/07/微電影.png 1977w\" width=\"1024\"/></a></figure>\n<figure class=\"wp-block-video\"><video controls=\"\" src=\"https://andylee.pro/wp/wp-content/uploads/2021/07/WeChat_20210707213204.mp4\"></video></figure>",
  "article_time": "2021年07月08日 12:44",
  "comments": [
    {
      "id": "a4c02aa3818b7b1f72f5d8295fc8c641",
      "author": "魯豆腐",
      "time": "2021年07月09日 02:04",
      "content": "<p>抗疫纪实微电影《不怕》已经收官制作不日即将播出<br/>\n據傳將等本月底才會完成後製推出<br/>\n大家就耐心等待吧！</p>",
      "level": 0,
      "highlight": false,
      "children": []
    },
    {
      "id": "d701e452dc4ad40a0020a3617ee774e1",
      "author": "秦嗷嗷",
      "time": "2021年07月09日 22:51",
      "content": "<p>期待！！！</p>",
      "level": 0,
      "highlight": false,
      "children": []
    },
    {
      "id": "9186d8d412fb8ab056623af5c51bcf04",
      "author": "RayZ睿子",
      "time": "2021年07月10日 03:44",
      "content": "<p>感谢李医师的宣传！！每位医生都是菩萨化身！</p>",
      "level": 0,
      "highlight": false,
      "children": []
    },
    {
      "id": "faea6abc1c0c150983dbe7ed657a872d",
      "author": "SCH",
      "time": "2021年07月10日 23:20",
      "content": "<p>李医师，微电影视频已下载，怎样转发给您？</p>",
      "level": 0,
      "highlight": false,
      "children": [
        {
          "id": "c552a5b8ccbeab4063fc5979c79a4dd9",
          "author": "李宗恩",
          "time": "2021年07月11日 08:16",
          "content": "<p>麻煩請email到診所info@youngQi.com，感謝！</p>",
          "level": 1,
          "highlight": true,
          "children": [
            {
              "id": "3a5009001c6532ff120e4185e10e3df0",
              "author": "SCH",
              "time": "2021年07月11日 17:20",
              "content": "<p>已发送，请查收！</p>",
              "level": 2,
              "highlight": false,
              "children": [
                {
                  "id": "5e871c64f7d69468109d901e22d4e95e",
                  "author": "李宗恩",
                  "time": "2021年07月14日 12:14",
                  "content": "<p>感謝！</p>",
                  "level": 3,
                  "highlight": true,
                  "children": []
                }
              ]
            }
          ]
        }
      ]
    },
    {
      "id": "d5708a5638a2cfd879e0efb1c17343bc",
      "author": "三三三",
      "time": "2021年08月23日 02:30",
      "content": "<p>网络找不到了，请问可以转发一份给我吗？谢谢！</p>",
      "level": 0,
      "highlight": false,
      "children": []
    }
  ],
  "page": 14,
  "order": 8,
  "filename": "data\\page14\\page14_order7_d5708a5638a2cfd879e0efb1c17343bc.json"
}