{
  "article_url": "https://andylee.pro/wp/?p=9270",
  "title": "老同學寄來的讀書感想",
  "content": "<p>今天稍早接到老同學寄給我的「讀書感想」，在這裡和大家分享。韓宜博士很多年前和我一起經由教育部特殊資優輔導計劃保送上台大物理系，後來轉向財經及企業管理，當上教授，現在還和電視劇「三十而已」中的顧佳一樣，經營高品質有機茶葉的事業，她的簡介列在文章後面，讓讀者認識她。大學畢業後，大家都忙於進修、工作、家庭等，二十多年過去了，一直沒有機會好好聚在一起聊聊。這次新書一出版，老同學不但馬上閲讀完整本書，心中感觸很深，立即寫了「讀書感想」，還多買了八九本新書來分贈親友。非常感謝韓博士的支持及鼓勵！</p>\n<p><strong>李宗恩醫師新書《當張仲景遇上史丹佛》讀後感</strong></p>\n<p><strong>韓宜 博士</strong></p>\n<p>前幾個星期才和我在英國幫我調整骨骼的大師Barry Pluke和他傳承的兒子Benjamin Raphael Pluke談到人體和重力的問題，討論到西方醫學不承認重力對人體的影響，我當時提到了在美國矽谷及華人圈以中醫赫赫有名的台大物理系同學李宗恩，於是我們開始討論中醫及許多東方傳統醫學與物理的關係，難怪一位懂物理的優秀同學可以把中醫融會貫通到極致！幾小時後，在物理系群組得知了李醫師新書要上市的消息，我馬上跟大師和所有在現場的朋友分享這個好消息。可惜他們都看不懂中文，而這也凸顯了即使西方有很多想要在中醫上面精進的有心人，若無相當的中文基礎，難以深入探討，更不用說在西方主流醫學上能夠有辦法取得任何的發言權。</p>\n<p>然而，從小在台灣長大的李宗恩醫師，大學後即赴美深造並長年居住矽谷，這本中文新書『當張仲景遇上史丹佛』至少是一個充滿希望的開始，是一位在西方土地上發揚與實踐中醫的世界級大醫師，以多年的各種案例及最近的新冠肺炎治癒成果，讓全世界各地的中文讀者可以最科學邏輯的思維進入中醫的大門。</p>\n<p>我從小在台北長大，從小到大看病都是去西醫，前公公也是知名的台大醫學院名譽教授及前連戰副總統的家庭醫生，為什麼這十年來我選擇完全拒絕西醫的醫療？</p>\n<p>當年我三歲大的女兒突然跟我說他背痛，我不想要他從小穿著矯正鐵衣，於是有位朋友介紹我去給中醫看，當時我也如同李醫師書中寫的很多人對中醫的刻版印象，認為中醫不科學、不可靠、江湖術士…..但我沒辦法之下，開始到處問人。</p>\n<p>『中醫是五千年人體試驗的結果，人類知識有限，如何能對不知道的東西說他不科學？』第一次在波士頓與一位在知名西藥廠當研發主管的朋友討論西藥和中藥的事情，他接著說『中藥是複方、西藥是單方，中藥一次可以打多個機轉、西藥一次只能打一個機轉。我們想要從中藥裡面得到有效成分去研發西藥，就算投入了巨額經費，也只知其中一兩種成分，你怎麼可以說中醫和中藥不科學？我們人類的知識太淺薄了』。這位高中老朋友給了我很多觀念的糾正。</p>\n<p>在我父親去世前一週，我和母親被台北榮總的主治醫師請到房間，他打開電腦給我們看一些難懂的數值，說『因為你父親的肺積水造成感染，我們給他用抗生素，但是他又不能喝很多水以免產生更多積水，所以腎臟的指數一直上來，預計下週就會出現紅字……』。我母親一直哭，我很生氣的問醫生說『你們早就知道會這樣的，不是今天才知道，為什麼先前一直跟我母親說你們可以治？現在擺明了就是你們沒辦法治！為什麼不早一點承認，好讓我母親可以接受我建議的中醫及第三類醫學的治療？』</p>\n<p>如同波士頓的朋友所強調，多重問題根本不可能透過西醫和單一的西藥去處理，就算不同科別的西醫會診、聯合用藥，所有的西藥研發過程與上市許可都是嚴格控制在單一機轉上，無法對交叉效果去作預測。</p>\n<p>父親的喪禮上，我沒哭，因為我還在生氣。到現在，我也很少哭，因為我還沒生完氣！一直等到看到李醫師的這本書，我才大哭，中醫和中藥一直被包括華人在內的台灣人所不信任，這本書至少得到了一次平反的契機。</p>\n<p>但誠如李醫師書中提到許多人的困惑，甚至有些有名的中醫也是故弄玄虛以賺錢為目的，以致中醫背負了許多罪名。『中醫有沒有效？你看了以後自己身體會有感覺。感覺變好，就是有效，如果兩三天都沒感覺，你就再換一個中醫』我在洛杉磯UCLA醫藥管理畢業的表妹建議我。</p>\n<p>就這樣，我與朋友介紹的一位台中的中醫師結緣，到最近這十年來，我感冒也看中醫，如果症狀很輕，一帖藥下去就好。後來我每天忙事業和學校，有一天下課後我突然暈眩，學校叫救護車來，我在救護車上要求把我送去中醫，醫護人員說一定要把我送到西醫的急診室，結果檢查搞半天弄不出所以然（我本來就知道會是這樣），給我打了一瓶點滴後，放我離開，我就直接去找中醫，他幫我緩解幾個穴道，躺了一小時後就恢復了。這也凸顯了在現代醫藥制度下，甚至在台灣這麼多優秀中醫的環境裡，我們沒有辦法完全選擇自己的醫療方式。回應到李醫師開頭寫的新冠肺炎可以100%用中藥醫治重症甚至預防的成功經驗，世界各國甚至包括台灣防疫模範生是否可以讓患者選擇使用100%中醫的治療？這真的不是是非題，寧可花大錢用昂貴的西醫西藥，讓醫護人員疲於奔命，讓重症無助地離開，我相信是中西方醫界的發言權位階問題，更是各國政治角力的問題。</p>\n<p>借用洛杉磯表妹說的，如果西醫和西藥無法改善，為什麼還要繼續去？</p>\n<p>我不能理解的是，我們總是覺得西方先進國家一切都科學，從小被洗腦，但有腦子思考的人，為什麼不問上面這麼簡單的問題，還要一直在西醫拗下去？這就是我在台北榮總生氣的原因，台中的中醫幫我爸爸治好中風，可以下床自己走動，當時也是因為在台北榮總請我中風的爸爸出院時，醫生跟我說『你父親就是要這樣躺一輩子了….』在我母親絕望下，他們願意『試看看』我說的中醫。中醫總是在西醫沒辦法下，成為那最後『試看看』的選擇，好，我也認了，但是已經幫我爸爸治好中風的醫師，為什麼我的母親和妹妹卻在最後還是要選擇那個從來就無法治好爸爸的台北榮總？</p>\n<p>後續，我也因此接觸到第三類醫學，每週固定去給一位老先生治療，這位老先生精通易經八卦和氣功，其實身體有很多西方醫學檢查不出來的問題（像是我的暈眩案例），是『氣』不通暢造成。我一直和這位老先生討論各式各樣的這些課題，讓我領悟到許多事情，其實中醫就如李醫師說的『宏觀』，人體是一整個系統，無法用西醫的『微觀』去『頭痛醫頭、腳痛醫腳』，因為頭痛可能是其他的原因造成，就像我長期開車跑農場，坐骨下半身很容易痛，但是那是因為我本來就有脊椎側彎曲問題，導致長時間坐著開車時更加壓迫，不是坐骨本身的問題。李醫師在書中寫到的許多案例，看似表象是什麼問題，但其實另有其因，都是同樣的原理。這就是西醫『治標不治本』，大家從小都聽過，但你有沒有認真想過？尤其人過中年有很多是西醫儀器測不出來的病，相信不少朋友都有經驗。</p>\n<p>長期跑農場，我深信健全的生態平衡是最好的永續。人體本身就是一個生態系，西醫的微觀出現最大的問題，就是會失掉生態系的平衡！就像我父親最後腎衰竭離世，絕對不是他的腎臟有問題，而是他的身體生態平衡嚴重失衡造成的。</p>\n<p>同樣的，新冠肺炎致死？新冠肺炎就算是世紀瘟疫，也只是身體失衡的一個促動點，和其他流感致死沒有兩樣。至於為什麼要獨厚『新冠肺炎』？為它封國封城、為它隔離、為它在家工作、為它放棄人類文明的基本尊嚴……明明中醫有有效的治療甚至防範方式，卻仍然蒙閉眼睛，告訴大家什麼西藥、什麼趕鴨子上架的疫苗？</p>\n<p>這就是我母親和妹妹當年眼看著我父親在西醫的治療下，愈來愈糟，卻仍然不承認他們選擇的錯誤，直到今天，他們還是相信西醫和西藥的『科學』。</p>\n<p>以李宗恩醫師深厚的『科學』訓練背景：台大物理系、史丹佛電機博士、矽谷科技新貴…..。他這樣有多重紮實背景的中外知名中醫寫出來的書，希望能取信更多曾經不願意面對中醫科學和有效五千年人體試驗的事實。我在英國有許多朋友也是寧死不打COVID-19疫苗、更不會去NHS（UK National Healthcare System）的。我一直相信，中醫會在海外發揚光大，因為華人自己很難相信自己五千年的智慧累積會比西方更科學，因為我們的知識太有限了。所以<a>，</a>從李醫師的這本書開始，讓我看到了『中醫史丹佛』的未來！加油！</p>\n<p><strong>作者簡介</strong></p>\n<p>韓宜博士，Dr. I Han，畢業於台大財金系與經濟系、英國University of Reading國際管理碩士、台大國際企業研究所碩士、博士，目前任職於逢甲大學國際經營與貿易學系副教授，並為亞格農時尚社會企業創辦人，協助台灣小農手作精品，以Taiwan Tea &amp; Co.品牌進軍美國和Formosan Farms品牌進軍英國與歐洲市場（<a href=\"http://www.taiwanteaco.com/?fbclid=IwAR11xQ8KhInmiHL93hZy0sz852YTXFQd78OlhkbccxW4OS53lREhOpf3nzA\" rel=\"noreferrer noopener\" target=\"_blank\">www.taiwanteaco.com</a> ， <a href=\"https://www.formosanfarms.com.tw/\">www.formosanfarms.com.tw</a>）。代表著作Social Innovation and Business in Taiwan為紐約Palgrave Macmillan邀請出版，十多年來專注於台灣農業、農村偏鄉社區、弱勢農民的研究、教學、輔導，近年研究與實踐皆以農村永續環境與商業模式，和女性社會創業為主軸。</p>\n<figure class=\"wp-block-image size-large\"><img alt=\"\" class=\"wp-image-9272\" decoding=\"async\" fetchpriority=\"high\" height=\"768\" sizes=\"(max-width: 1024px) 100vw, 1024px\" src=\"https://andylee.pro/wp/wp-content/uploads/2020/12/Han-I-1024x768.jpg\" srcset=\"https://andylee.pro/wp/wp-content/uploads/2020/12/Han-I-1024x768.jpg 1024w, https://andylee.pro/wp/wp-content/uploads/2020/12/Han-I-300x225.jpg 300w, https://andylee.pro/wp/wp-content/uploads/2020/12/Han-I-768x576.jpg 768w, https://andylee.pro/wp/wp-content/uploads/2020/12/Han-I-640x480.jpg 640w, https://andylee.pro/wp/wp-content/uploads/2020/12/Han-I.jpg 1267w\" width=\"1024\"/></figure>\n<p></p>",
  "article_time": "2020年12月04日 12:17",
  "comments": [
    {
      "id": "ae1809e2b5ce45939a27939b0beb215b",
      "author": "邱健恒",
      "time": "2020年12月04日 17:19",
      "content": "<p>心有戚戚焉！</p>",
      "level": 0,
      "highlight": false,
      "children": []
    },
    {
      "id": "ae836061ba4007d717c8555a5e5a03d3",
      "author": "无显示",
      "time": "2020年12月08日 15:57",
      "content": "<p>新冠问题？ 我儿子学校的女老师50岁左右，身体不胖不瘦。新冠阳性已15天。我问她痰是白色黄色？包括舌苔，眼白，痰色。她说是白色的。我说可以用白萝卜蒜姜汤（姜9克）一日服三次，可以加白胡椒粉和红蔗糖。用姜蒜葱汤，她说痰是白色的情况下是对的吗？安全吗？</p>",
      "level": 0,
      "highlight": false,
      "children": [
        {
          "id": "f7826e9bfc8b6b38890478b3a2342d59",
          "author": "李宗恩",
          "time": "2020年12月08日 16:01",
          "content": "<p>這樣不是治療的方法，病人應該找中醫師治療，不要耽誤病情。</p>",
          "level": 1,
          "highlight": true,
          "children": [
            {
              "id": "2421d4d5607b5d2f43f1b1e7c7f472a5",
              "author": "无显示",
              "time": "2020年12月08日 16:27",
              "content": "<p>李医师，我给了她您的联系方式，还有其他中医的，她不信中医。我才想到食疗。好的，我把您的话转告给她。感谢</p>",
              "level": 2,
              "highlight": false,
              "children": []
            }
          ]
        }
      ]
    },
    {
      "id": "612770c0ba1312d36fddbcc36c3057e5",
      "author": "无显示",
      "time": "2020年12月08日 16:25",
      "content": "<p>我刚读了李医师的书。然后得知我妈马上要去做子宫的手术（子宫下垂）我的其他家人坚持相信西医很多年，西医治了那么多年也就算了，中医可能可以治好的病，又不是急症，我气爆了，歇斯底里跟我父母叫不能去。我的恐惧来源于手术之后我65岁母亲的生活质量要下降，那么我以后连个家都没有着落了。我生气是因为西医不告诉我妈手术不是一次性的，而且帮不了什么忙，也没有找病的来源治根。看大多数的家里的老人会面对去医院检查西医治疗的问题，李医师的父亲的例子在大多数普通老百姓家里重演。我想把这本书分享给每一个我认识的人，盲目相信现代西医，辛苦筹钱治病还更要了命。</p>",
      "level": 0,
      "highlight": false,
      "children": [
        {
          "id": "7f301959e6fd6d255aa8c9056e3b6b73",
          "author": "李宗恩",
          "time": "2020年12月11日 11:50",
          "content": "<p>謝謝你的分析，世界各國的醫療系統都充滿了各種問題，常常讓病人及家屬不知所措。</p>",
          "level": 1,
          "highlight": true,
          "children": []
        }
      ]
    }
  ],
  "page": 18,
  "order": 4,
  "filename": "data\\page18\\page18_order3_2421d4d5607b5d2f43f1b1e7c7f472a5.json"
}