{
  "article_url": "https://andylee.pro/wp/?p=9255",
  "title": "新書的定位",
  "content": "<p>許多人問我，新書的定位爲何？這是出版社編輯和我一開始討論過的問題。新書《當張仲景遇上史丹佛》不是中醫教科書，因爲不像教科書硬邦邦地從基本的概念開始講起。也不是工具書，因爲不是告訴讀者做了一二三的步驟就可以得到什麽。也不是坊間遍及的養生書，因爲真正的中西醫都沒有那麽極簡化。</p>\n<p>這本新書，不是爲了出書而出書，也沒有預設一個特定的目標。出版社編輯關注我的網頁多年，認同我的理念，也看到許多讀者正面的反饋，希望我能重新整理網上的文章，加上我個人的一些故事，編輯成冊出書，幫助社會大眾及中醫愛好者更加了解中醫。</p>\n<p>怎麽解釋新書的定位？已經收到書的讀者提供了許多的反饋，其中最大的交集是「如同在李醫師身邊跟診」，跟著我臨床看到不同的病患，聽我一面看診一面説明病症及用藥，看診空擋中聽我解釋醫理及說故事，言語之間也就更加了解我個人的背景及理念。仔細想想，確實挺像多年前我在倪海廈老師身邊跟診一般，新來的學生急忙看熱鬧、抄藥方，經驗多、跟診久的學生專注在老師動作和言語中隱藏的思維，真正和老師熟識的學生，更從和老師私下互動中了解到背後的故事及人生經驗。這其實也是西醫真正學習的方式，大多數的醫生都表示，醫學院的教導僅僅為基本知識，當實習醫生、住院醫生時跟著經驗豐富的前輩臨床看診，才是真正學習的開始，那種一對一的教學、亦師亦友的關係、工作與生活錯雜的互動，才是引領人深入一個領域的關鍵。</p>\n<p>有些讀者反應，看不懂書中提到的許多中藥方劑及其他中醫名稱。這不用擔心，書裡已經提到，剛接觸中醫的讀者不需要花時間在那些名稱上，就把那些名稱當作金庸武俠小説裡的武功招式，不用了解那些武功招式也可以把小説讀得津津有味，重要的是背後的思維和理念！</p>\n<p>另外，電子書上線了，這裡列出幾個連結：</p>\n<p>電子書下載<br/>Kobo: <a href=\"https://bit.ly/2JitCJu?fbclid=IwAR1UHTI7gY8bcxHhxsblqiI80o4k1WfGdWfXOdp9fLx9_XofQlbB0p35uQw\" rel=\"noreferrer noopener\" target=\"_blank\">https://bit.ly/2JitCJu</a><br/>Google: <a href=\"https://l.facebook.com/l.php?u=https%3A%2F%2Fbit.ly%2F3678UFj%3Ffbclid%3DIwAR264sjtuYegiGcNLZENkpLN7KnVIb0Xt5HKPHGegw_-bnxRD6EvundZ148&amp;h=AT3T2e45Mjb9GWQoXd7fHcHFLgCbyRyKz3Wb7zbHcIG3rHCicAApryqfVnc7n-0a9MIIVa3F7IOfyHsotaVLBwVbDpfERZ5zT0LWQt7hGtzIXwWXEb0Yda6TdYB1DaLa5jQWhhZKadMMo3XwDP_h&amp;__tn__=-UK*F\" rel=\"noreferrer noopener\" target=\"_blank\">https://bit.ly/3678UFj</a><br/>Readmoo: <a href=\"http://moo.im/a/6foKOP?fbclid=IwAR1OnlMHR_gPGO87ie3EPizna0p2Tx6Yk8Qc9Hm2t8p1LGgzJb3VBVhnnUc\" rel=\"noreferrer noopener\" target=\"_blank\">http://moo.im/a/6foKOP</a><br/>博客來: <a href=\"https://bit.ly/05100135-B?fbclid=IwAR1tWQJlPlj6tgg0IT2YKSsM1F1cQyCemlMNNDbbfkZNn4VxhLJGkhvd3MQ\" rel=\"noreferrer noopener\" target=\"_blank\">https://bit.ly/05100135-B</a></p>\n<p>中國大陸的讀者可以到台灣的網路書店訂購，快遞到大陸各地，也可以搜尋淘寶代購，已經有大陸的讀者藉由這兩種方法而收到書了。</p>\n<p>書籍訂購（全球快遞）<br/>博客來 <a href=\"https://bit.ly/05100135-B?fbclid=IwAR13jArXSws-6puXeOJ-abMC58sx5MJ27dVkoLJxX76wO-SszOVm_SfyHL0\" rel=\"noreferrer noopener\" target=\"_blank\">https://bit.ly/05100135-B</a><br/>誠品 <a href=\"https://bit.ly/3ocbxvw?fbclid=IwAR2g9Zl3mycGEtlzKraqQ1bYir3Y2TTEzT8SexTF8589WtLBneS7RzTfrnc\" rel=\"noreferrer noopener\" target=\"_blank\">https://bit.ly/3ocbxvw</a><br/>金石堂 <a href=\"https://bit.ly/3nruSsq?fbclid=IwAR1OnlMHR_gPGO87ie3EPizna0p2Tx6Yk8Qc9Hm2t8p1LGgzJb3VBVhnnUc\" rel=\"noreferrer noopener\" target=\"_blank\">https://bit.ly/3nruSsq</a><br/>圓神書活網 <a href=\"https://bit.ly/05100135?fbclid=IwAR0m4GHW4bMxGx3RYS1EJy9KwAOSC0Dxq3easC5l_9RF7VXDVw9ZXk4QYig\" rel=\"noreferrer noopener\" target=\"_blank\">https://bit.ly/05100135</a></p>",
  "article_time": "2020年12月01日 14:50",
  "comments": [
    {
      "id": "be53ad962792aa56fb34e60b596ab105",
      "author": "无显示",
      "time": "2020年12月03日 05:02",
      "content": "<p>我前几天买您的书。并把前三分之一的内容：您个人的经历和新冠治疗的部分分享给很多人阅读。很多人说不信中医，只信科学，但您是受过西方最严格科学思维训练的人，个人经历发掘到西医治疗背后隐藏的不为人知的漏洞。我妈子宫下垂，她被逼去做手术，我有认识的中医朋友有过一些治疗子宫下垂的医案，如果我妈无知被非常懂科学的家人强逼去做手术，我内心永远不会接受的。即使做手术，她大便不通，爱生闷气的禀性以及平时太累的环境不改，手术只是医生和医院骗钱的工具。钱丢了无所谓，命减少身体受伤不可逆。</p>",
      "level": 0,
      "highlight": false,
      "children": [
        {
          "id": "5f8c5d2482ec2d2da78c63bddca06d81",
          "author": "李宗恩",
          "time": "2020年12月03日 09:56",
          "content": "<p>謝謝你的支持及鼓勵!</p>",
          "level": 1,
          "highlight": true,
          "children": []
        }
      ]
    },
    {
      "id": "16f71da37fc665b30c60e98b845e7314",
      "author": "viyiai",
      "time": "2020年12月06日 06:44",
      "content": "<p>大陆有买到的，能告知怎么买吗？找了几个淘宝店，目前都说还没法从湾买。</p>",
      "level": 0,
      "highlight": false,
      "children": [
        {
          "id": "5d1f7460558a4438d13a11c4cc950785",
          "author": "李宗恩",
          "time": "2020年12月08日 16:02",
          "content": "<p>台灣網路書店可以直接訂購，快遞到大陸各地。</p>",
          "level": 1,
          "highlight": true,
          "children": [
            {
              "id": "76571e8924ea34d16867b1c253ba9f25",
              "author": "半仙儿",
              "time": "2020年12月11日 04:34",
              "content": "<p>李宗恩医师真是中医界的一股清流。我目前正在努力学习中医，最大的愿望是见到李医师，为梦想和热爱努力着，愿自己成为一名合格的明医。</p>",
              "level": 2,
              "highlight": false,
              "children": [
                {
                  "id": "4b0ec2bb72db2c5e5e74a25b76579900",
                  "author": "李宗恩",
                  "time": "2020年12月11日 11:45",
                  "content": "<p>謝謝你的支持與鼓勵，有緣分會見到面的，加油！</p>",
                  "level": 3,
                  "highlight": true,
                  "children": []
                }
              ]
            }
          ]
        }
      ]
    },
    {
      "id": "459ecd8026156f51c087b41f001564c3",
      "author": "中医粉丝",
      "time": "2020年12月08日 23:07",
      "content": "<p>淘宝搜索台湾代购，不要去那些大书店。</p>",
      "level": 0,
      "highlight": false,
      "children": [
        {
          "id": "68ab5fa44e17963df026a779ea73e4e8",
          "author": "gordon",
          "time": "2020年12月10日 08:30",
          "content": "<p>請問淘寶台湾代购店名是什麼名字？<br>\n有沒有人一起拼單，國際運費比較貴，買4本以上比較划算。 我QQ：160636</br></p>",
          "level": 1,
          "highlight": false,
          "children": []
        }
      ]
    },
    {
      "id": "f381c1be8f58c73cf7b8cb47dbfaa1c7",
      "author": "张",
      "time": "2020年12月11日 01:32",
      "content": "<p>老师您以后准备在大陆正式出版吗</p>",
      "level": 0,
      "highlight": false,
      "children": [
        {
          "id": "7359f931d4fe7919fb6c90c9062931b0",
          "author": "李宗恩",
          "time": "2020年12月11日 11:44",
          "content": "<p>有打算出大陸簡體版，不過，因爲得經過中國主管單局審查，可能得半年以後。</p>",
          "level": 1,
          "highlight": true,
          "children": [
            {
              "id": "07560b8ed2f3a47221fa53925b5a2825",
              "author": "张",
              "time": "2020年12月12日 03:49",
              "content": "<p>太感恩了，但是如果简体版有什么删减内容，也请您告诉我们，我们也会关注，谢谢您的心血之作</p>",
              "level": 2,
              "highlight": false,
              "children": []
            }
          ]
        }
      ]
    }
  ],
  "page": 18,
  "order": 5,
  "filename": "data\\page18\\page18_order4_76571e8924ea34d16867b1c253ba9f25.json"
}