{
  "article_url": "https://andylee.pro/wp/?p=2931",
  "title": "FM 96.1: 從一個B型肝炎病例看中西醫治療效果和成本",
  "content": "<!--[if lt IE 9]><script>document.createElement('audio');</script><![endif]-->\n<audio class=\"wp-audio-shortcode\" controls=\"controls\" id=\"audio-2931-1\" preload=\"none\" style=\"width: 100%;\"><source src=\"https://andylee.pro/wp/wp-content/uploads/2015/06/dr_case_20150616_515-549m_33m40s_converted.mp3?_=1\" type=\"audio/mpeg\"/><a href=\"https://andylee.pro/wp/wp-content/uploads/2015/06/dr_case_20150616_515-549m_33m40s_converted.mp3\">https://andylee.pro/wp/wp-content/uploads/2015/06/dr_case_20150616_515-549m_33m40s_converted.mp3</a></audio>\n<p>臨床治療C型肝炎的藥劑，療程十二周至二十四周，平均費用為十萬至十五萬美金，而目前大部分的保險公司不支付這項新藥物的費用，原因在於得肝炎的人數眾多，保險公司無法負擔這龐大的數目。</p>\n<p>過去西醫認為病毒是很難消滅，尤其對於肝炎的治療沒有一個好的特效藥，反觀中醫治療肝炎的方法，我們不談消滅病毒，中醫藉由改變病患體內的環境，讓外來的病毒不適合生存，因此死亡或排出體外。最近有一位醫學博士，從小就是Ｂ型肝炎帶原者，做為一位患病多年同時又是醫學專業人士，多年來飲食控制加上生活節制，於今年二月做檢查Ｂ型肝炎病毒指標高達一萬四千，西醫也沒有好辦法幫助他，最後他選擇中醫來進行治療，從五月份開始治療，過程三個禮拜，西醫複診，由一萬四千的指數降至八千，效果明顯，成本卻比西醫的治療方式低很多。</p>\n<p>類似在西醫尋求不到好方法治療的疾病，如：紅斑性狼瘡，一位病患五十出頭，二十幾年前被西醫診斷為紅斑性狼瘡，這位患者雖然臉上沒有蝴蝶斑紋的表現，但是他體內的免疫系統開始攻擊身體的器官，平時容易肌肉無力，也容易感染流行性感冒，二十年來毫無進展，當中也不乏尋求中醫的幫助，只是過去的治療效果也不彰顯。在我們診斷之下，這位患者的紅斑性狼瘡的主要發生原因為＂心陽不足＂，身體五臟太虛弱，造成＂臟結　＂，器官彼此無法溝通聯繫，因此使用一個比較有力的方劑　＂四逆湯　＂為主，來加強他的心陽，再配合他身體的情況，加上其他的藥物，在患者服用一個月後，身體狀況好很多，患者自敘為二十年來最好的成效。</p>\n<p>生附子在這位患者身上使用的目的，就是強壯他的心陽，先抓住他的主證，將其將軍之官－心臟的功能建立起來，隨後再將枝微末節的問題統整，如此才能達到治療效果。</p>\n<p><strong>（語音檔案由FM96.1電台提供，文章摘錄自語音檔案內容，部分文字略有異同，敬請見諒。）</strong></p>",
  "article_time": "2015年06月16日 16:40",
  "comments": [],
  "page": 54,
  "order": 5,
  "filename": "data\\page54\\page54_order4_20ee272b1dc207b9b4a72acdaff02eb8.json"
}