{
  "article_url": "https://andylee.pro/wp/?p=2888",
  "title": "手腳麻四個月 臉部麻 左腳有時無力",
  "content": "<p>在網路及臉書(Facebook)上常常有文章討論手腳麻、身體麻、臉麻的原因，說那個部分麻就是那個內臟出問題，或者怎麼樣的麻就是中風的前兆、怎麼樣的麻就是心臟病的前兆等等。而我們通常聽到的故事，多半是「小小的徵兆」代表什麼「大大的問題」，把事情講的很聳動，畢竟這樣才會引起讀者的注意。其實，真正的醫學並非如此，必須從很多方面來了解病情，這類的文章把事情簡化太多，不但「不準」，反而讓很多讀者非常緊張。</p>\n<p>這位病人，華人、女、四十歲出頭，看起來很年輕，病人自述常常游泳、做瑜伽，全職上班，也得照顧小孩及家務，雖然有時也會累，病人不覺得比其他全職上班的媽媽更加特別忙碌、勞累。然而，病人四個多月前開始手腳麻，晚上睡覺時特別嚴重，半夜被麻醒，去按摩後好一兩天又不行。幾週後，有時候臉部也會麻，甚至有幾次開車的時候，左腳突然麻，同時左腳完全沒有力氣，病人說，如果是開車的右腳，那麻煩就大了。四個多月來，病人覺得情況越來越嚴重，上網查詢資料，有文章說是心臟病，有文章說是中風前兆，有文章說是頸椎病等等，搞得病人很擔心。</p>\n<p>病人來看診時，我仔細檢查了一遍，雖然病人身體手腳麻的情況確實嚴重，我不覺得病人有什麼大的問題，我認為病人只是氣血都有些虛，不需要被那些身體手腳麻的症狀給嚇壞了。所以，我開方以重用黃耆為首，以四物湯為輔，加上幾味針對病人其它情況的中藥。病人服用中藥兩三天後，感覺麻減少很多，晚上可以睡過夜了。病人斷斷續續服用了五付中藥（一週份量），病人告訴我，「99.5%」的麻都好了，只有睡覺時長時間壓到的地方，偶而會有很輕微的感覺。</p>\n<p>網路及臉書上充滿了很多「好心」的健康資訊分享，絕大部分都是「似是而非」或「過度簡化」，即使原來的訊息有其正確性，對於沒有足夠醫學知識的讀者而言，「誤導」遠大過「幫助」。所以，有健康問題，不要依賴網路及臉書上的「懶人包」，而應該做兩件事：（1）諮詢好的醫師（2）在正式醫療的資料庫網站、書籍、期刊上等做深入的研究。當然，對大多數人來說，第二點是很難做到的，那麼就應該直接找好的醫師來看診，畢竟汽車引擎出了問題，很少人會查網路自己修，那比汽車引擎複雜多的人體出了問題，為什麼還依賴網路上那些似是而非的資訊呢？</p>\n<p> </p>\n<p> </p>\n<p> </p>",
  "article_time": "2015年06月16日 16:46",
  "comments": [
    {
      "id": "5a486ba54dee46bf1a77308c8450c7f5",
      "author": "Allen Tsaur",
      "time": "2015年06月16日 17:07",
      "content": "<p>讀到症狀，腦中立刻浮現了黃耆桂枝五物湯或是還陽補五湯一類方子，但就如醫生所說，沒當面診斷之下「誤導」遠大過「幫助」，晚輩還有待再多多學習</p>",
      "level": 0,
      "highlight": false,
      "children": [
        {
          "id": "b94b847bef12154c144d14b7dcabe36e",
          "author": "andy",
          "time": "2015年06月17日 10:29",
          "content": "<p>學醫學的人在網上討論，和一般沒學醫學人的討論是不一樣的，因為發表意見的人及閱讀文章的人都有基本的醫學知識，不會以偏概全，也了解網上討論的限制，不會隨便依樣畫葫蘆或以訛傳訛。</p>",
          "level": 1,
          "highlight": true,
          "children": []
        }
      ]
    },
    {
      "id": "bf8f51c9a342d5047b0b5b30e2383d1b",
      "author": "中医太美",
      "time": "2015年10月25日 20:39",
      "content": "<p>非常受启发，谢谢李老师。在重庆学习感受到李博士的风采，特别激动，本来有准备一个礼物聊表心意，很可惜您被重点包围着，都没有机会。</p>",
      "level": 0,
      "highlight": false,
      "children": [
        {
          "id": "08c47b3680fd8c1997293b171b212d51",
          "author": "andy",
          "time": "2015年11月03日 08:27",
          "content": "<p>謝謝你的心意！很高興你能參加這次的國際經方班。</p>",
          "level": 1,
          "highlight": true,
          "children": []
        }
      ]
    }
  ],
  "page": 54,
  "order": 4,
  "filename": "data\\page54\\page54_order3_08c47b3680fd8c1997293b171b212d51.json"
}