{
  "article_url": "https://andylee.pro/wp/?p=3691",
  "title": "長篇小說「穿亞曼尼的中醫」",
  "content": "<p><a href=\"https://andylee.pro/wp/wp-content/uploads/2016/09/Screen-Shot-2016-09-02-at-10.23.58-AM.png\"><img alt=\"Screen Shot 2016-09-02 at 10.23.58 AM\" class=\"alignnone size-full wp-image-3690\" decoding=\"async\" fetchpriority=\"high\" height=\"655\" sizes=\"(max-width: 776px) 100vw, 776px\" src=\"https://andylee.pro/wp/wp-content/uploads/2016/09/Screen-Shot-2016-09-02-at-10.23.58-AM.png\" srcset=\"https://andylee.pro/wp/wp-content/uploads/2016/09/Screen-Shot-2016-09-02-at-10.23.58-AM.png 776w, https://andylee.pro/wp/wp-content/uploads/2016/09/Screen-Shot-2016-09-02-at-10.23.58-AM-300x253.png 300w, https://andylee.pro/wp/wp-content/uploads/2016/09/Screen-Shot-2016-09-02-at-10.23.58-AM-768x648.png 768w\" width=\"776\"/></a></p>\n<p> </p>\n<p>「穿亞曼尼的中醫」是一本因我而起頭的小說，我並不是作者，作者對我從高科技人轉變成中醫的故事深感興趣，和我談論了許多方面的細節，以及我內心的衝突與心靈的成長。作者從我身上得到了寫作的靈感，幾年前開始動筆寫我的故事，然而，我既沒有足夠的成就，也沒老到適合出傳記，所以，在我的建議下，作者重新架構整個故事，改寫成長篇小說。小說裡所有的人事物都是虛構的，但是卻反映了一些我和我身邊的人經歷過的事情、矽谷的生活、人生的困惑等等，以期達到外行人看熱鬧、內行人看門道的效果。作者引用了很多我文章、演講、電視廣播的內容， 我也對原稿有許多建議，所以，嚴格說來，我也算是個參與者。正因為如此，一直拖遲著這本小說的發表，我不確定會不會得罪人，或者引起一些不必要的誤會。直到前一陣子，一些電視電影界的朋友們因緣際會知道了這本小說，對內容非常感興趣，考慮是不是可以再改寫成電視或電影劇本來拍攝。似乎，這本小說開始展現了自己的生命力，我也不應該再找理由來延誤這本小說的問世。不過，我還是得強調，小說主角「唐雲漢 」 是個虛構的人物，並不是我，至少我的愛情故事<span class=\"text_exposed_show\">沒那麼複雜！</span></p>\n<div class=\"text_exposed_show\">\n<p>臉書：<a href=\"https://www.facebook.com/DoctorInArmani/\">https://www.facebook.com/DoctorInArmani/</a><br/>\n小說網頁：<a href=\"http://doctorinarmani.com/\" rel=\"nofollow\" target=\"_blank\">http://DoctorInArmani.com/</a></p>\n<p>作者 卡妮</p>\n<p><span lang=\"ZH-TW\">出生於台灣台北</span><span lang=\"ZH-TW\">，自幼熱愛文學創作，卻陰錯陽差地成了理工人。台灣大學畢業，美國工程碩士，擅長於高科技市場策略規劃及未來趨勢分析</span><span lang=\"ZH-TW\">。曾任職矽谷數家初創及跨國公司，目前為大型國際高科技公司市場</span>策略部門高層主管。</p>\n</div>\n<p>小說簡介</p>\n<p>在全球創新中心的矽谷，頂著史丹福電機博士與伯克萊加大MBA雙重光環的主角，正意氣風發地準備迎來人生的另一個高峰，卻莫名地在董事會上被出賣。從此，命運將他拋出了原有的軌道，逼著他審視過往所相信的一切： 事業、金錢、健康、愛情與婚姻。隨著事情的演變，更多的人物和他的生命有了交集：作風詭異的名創投家、美麗強悍的女律師、成了殺人犯的同事、生活順遂的老友、罹患肝癌末期的父親、分手多年的前女友、各懷心思的家人、言詞犀利的中醫大師、欲語又止的通靈人，似乎給了他不同的解答，卻又產生更多的疑問。好勝又追根究底的個性，讓他在迷惑中開展了一條意想不到的出路，他決定要讓古老的經典智慧在高科技重鎮的矽谷發揚光大。然而，人生是一個迴，擺盪出去的鐘錘，似乎注定要衝擊回來 ….. (小說所有人事物皆為虛構，如有雷同，純屬巧合。)</p>",
  "article_time": "2016年09月02日 11:38",
  "comments": [
    {
      "id": "da28c7cc660e7d33a3ce2e2925e3c78d",
      "author": "魯豆腐",
      "time": "2016年09月05日 05:57",
      "content": "<p>如果能拍攝電視劇應可以大賣</p>",
      "level": 0,
      "highlight": false,
      "children": [
        {
          "id": "af5b6ecbf040f1236059bea5a98bba34",
          "author": "andy",
          "time": "2016年09月05日 08:34",
          "content": "<p>會不會叫好叫座並不知道，不過，多一種不同的方式來推廣中醫，倒是不錯的，這也是為什麼我同意作者引用很多我文字、演講、電視廣播的內容。</p>",
          "level": 1,
          "highlight": true,
          "children": []
        }
      ]
    },
    {
      "id": "94d3616af2d961a5d58815359a5e1e36",
      "author": "魯豆腐",
      "time": "2016年09月05日 17:38",
      "content": "<p>如果能把韓劇引領的風潮轉向過來，那就大大成功了</p>",
      "level": 0,
      "highlight": false,
      "children": [
        {
          "id": "2926f72ac1a7db5ee549b599dc320d61",
          "author": "andy",
          "time": "2016年09月06日 13:07",
          "content": "<p>韓國的影藝產業鏈非常強大，自從韓國政府及民間企業在1990年代末期了解到電視電影工業竟然可以產生比科技產品更大的市場價值，努力經營十年多，韓國已經成為「文化輸出」的大國，從上游到下游的各種相關產業，連結的很好，這是台灣無法對抗的原因，大陸勉強抗衡，但是仍避免不了急功好利，一窩蜂拍攝類似的題材，導致觀眾疲乏，相關產業的連結也乏善可陳。簡單而言，台灣整體的產業創新度很差，只是跟著矽谷熱門的東西敲一敲邊鼓，即使是推廣「創新創業」，也應該在一個整體的全球市場競爭規劃框架下運營，什麼才是台灣獨特的地方？小的經濟體系缺乏了獨特性，是無法和大的經濟體系來競爭的。</p>",
          "level": 1,
          "highlight": true,
          "children": []
        }
      ]
    }
  ],
  "page": 44,
  "order": 9,
  "filename": "data\\page44\\page44_order8_a6fbc228fdad53fc8bb1f70561ab575a.json"
}