{
  "article_url": "https://andylee.pro/wp/?p=5366",
  "title": "台北粉絲會 3月31日週日下午",
  "content": "<p>時間： 3月31日週日 下午4點～6點</p>\n<p>地點：台北漢唐中醫診所，台北市忠孝東路五段242號4樓，（02）8786-2058</p>\n<p>費用：免費</p>\n<p>前幾次受邀到台灣各個機構演講時，愛好中醫的朋友及粉絲們都希望我能在台北辦一次粉絲會，和大家見面，直接面對面的聊一聊。我答應了幾次，卻一直沒有兌現，主要還是因為每次都行程匆忙，即使本來應該有空檔的時間，也在到達台灣的一兩天內被各種不同的人事物給塞滿。所以，這次三月底四月初到台灣，下定決心，3月31日上午飛抵台灣，下午就立即參加粉絲會，如此才不會又被突來的事情給擋掉了。同時，非常感謝台北漢唐中醫診所幫忙舉辦這次的粉絲會，有他們處理各項細節，我只需要在飛機上睡好覺，飛抵台灣時不受時差影響即可，感謝！</p>\n<p>再次聲明，除了應邀大學及醫療機構的教學看診以外，我在台灣不看診，台灣醫療法規嚴格，沒有任何例外。所以，請不要因為各種理由來找我看診，也不要把病人拖到會場，希望我多多少少看一下。如果需要看診，請直接找台北漢唐中醫診所的醫生們看診。</p>\n<p> </p>\n<p> </p>",
  "article_time": "2019年03月06日 12:15",
  "comments": [
    {
      "id": "e96d10348dde79ddb2c5e48c688098f9",
      "author": "Oboe",
      "time": "2019年03月12日 06:24",
      "content": "<p>多謝李醫師持之以恆的更新，讓中醫愛好者有機會學習。<br/>\n希望有緣分能相見。</p>\n<p>如何才能改善眼睛的健康呢？<br/>\n當代人近視非常普遍。<br/>\n比如我自己的視力就不好，戴了很多年的眼鏡。<br/>\n而且常常感覺眼睛乾澀，尤其在晚上和冬天。</p>\n<p>自己的體會是使用電子產品過多。因為工作需要長時間盯著屏幕。</p>\n<p>有時候週日的早上，跟朋友們在戶外踢球，不戴眼鏡。感覺非常舒服。<br/>\n但是波士頓的冬天很冷，活動的機會有限。</p>\n<p>倪師推薦過經常遠眺。<br/>\n另外還有清肝，補肝血，如何做到呢？是不是與脾也有關係呢？<br/>\n我們一般10點前就睡覺了，避免熬夜傷肝。</p>",
      "level": 0,
      "highlight": false,
      "children": [
        {
          "id": "664fc1e7229b2fc9e77388bf7a224fd9",
          "author": "andy",
          "time": "2019年03月12日 10:03",
          "content": "<p>如果你的生活習慣正常，視力卻不斷惡化，你得找中醫師看診，身體上可能有其它的問題，導致視力惡化、眼睛乾澀等，不是你自己吃個什麼食物、按個什麼穴位就能逆轉的。</p>",
          "level": 1,
          "highlight": true,
          "children": []
        }
      ]
    },
    {
      "id": "fa3c3f865cc0c264ae46752fc99d0254",
      "author": "Oboe",
      "time": "2019年03月12日 17:20",
      "content": "<p>謝謝Andy回复。<br/>\n視力倒是沒有惡化。<br/>\n只是期望不需要戴眼鏡了。</p>",
      "level": 0,
      "highlight": false,
      "children": []
    },
    {
      "id": "1f26528fd70e1386609ae005636858c8",
      "author": "Jessie",
      "time": "2019年03月13日 08:09",
      "content": "<p>李醫師您好!我是從最近關注倪先生之後找到了您的部落格,非常感恩倪先生後繼有人!然後我就幾乎讀遍了您部落格裏所有的文章, 非常的敬佩和感恩您將真正的中醫帶給大家，本來我對尋找一名真正的中醫都快失望了。<br/>\n       我目前居住在加拿大東部的蒙特利爾，去年5月小產之後腰一直特別酸，已經嚴重到影響我正常的生活。9月回大陸想調理身體的，不成想，回去時差還未倒過來就遭遇一場長達3個多月的咳嗽。在此之前我很少咳嗽。咳嗽到我回來加拿大。回來之後我發現身體變的特別虛弱，隨時會感冒。小產之後還有一個問題就是，我發現有時候心臟那裏會有點發緊不舒服的感覺，但是感覺不明顯。這兩周開始，發緊的問題開始變得明顯，墜墜的感覺，站著或走路更明顯。<br/>\n       因爲我正在申請美國簽證，預計5月初才能過去找您看診。我也已經發郵件給診所預約5月初的看診時間，丙炔向診所詢問您能否在我去灣區找您看診之前的這段時間先幫忙我網上看診治療緩解一下。在周圍實在沒有辦法找到好的中醫師，不然也不想這麽打擾到您和診所的正常工作。對於這樣的請求和打擾我内心也是非常抱歉和不安的，生怕給您帶來麻煩和干擾。先在這裏說聲抱歉與感謝了。</p>",
      "level": 0,
      "highlight": false,
      "children": [
        {
          "id": "c6ac652b7dfffedf4bd8f825729521a3",
          "author": "andy",
          "time": "2019年03月13日 12:36",
          "content": "<p>診所同仁告訴我，他們已經回覆你了。</p>",
          "level": 1,
          "highlight": true,
          "children": []
        }
      ]
    },
    {
      "id": "3fe03ba6967455770dabdd7b43b61518",
      "author": "Jessie",
      "time": "2019年03月13日 08:17",
      "content": "<p>感恩李醫師將正統的中醫帶給大家，並傳承下去!</p>",
      "level": 0,
      "highlight": false,
      "children": []
    },
    {
      "id": "333e8558dccdd340e3d7eb279ad00daa",
      "author": "Jessie",
      "time": "2019年03月14日 06:04",
      "content": "<p>感謝您的回復!已向診所預約時間!</p>",
      "level": 0,
      "highlight": false,
      "children": []
    },
    {
      "id": "12db4de1fac5fdc09cec918973ce5468",
      "author": "virginia",
      "time": "2019年05月19日 07:19",
      "content": "<p>多年前我的身體狀況很差,但因友人傳來一封潘朵拉盒子的文章(當時並不知道是倪海廈先生所寫).所以我沒有去西醫院<br/>\n作任何檢查動作,其實當時的心境是怕知道自己不想知道的結果,所以選擇用中醫處理,但是我又犯了錯誤,後來才知道這位<br/>\n中醫師用的是瀉法,我吃藥吃到聞到味道就會發抖(因為裡面有很多大黃),我覺得越來越痛苦,也開始覺得吃飯時左邊臉的咬合越來越慢,我心裡知道我快出問題,但我對中醫並沒有放棄,運氣很好的我終於等到一位認真的中醫師,她請我回去多閱讀倪海廈先生的文章(那時才知道潘朵拉的文章原來是倪師所寫),從那時開始我大量閱讀及列印倪先生網站上的文章,去體會自己身體所發生的許多事,每晚都在等倪先生的新文章,直到有一天一直等不到,他往生的消息證實後,我覺得失去精神糧食,真得難過了很長的一段時間,但為了應證倪先生所講的真理,我一直在中醫師的協助(後來成為好朋友)往經方的道路前進,在治病的過程中,我很深切的體會中醫之美及人體的奧妙,也體會出病患要治病除了要找到適合自己的中醫師之外,也要<br/>\n改變自己的飲食習慣及生活型態,還要有一顆慈悲及關懷他人的心.</p>",
      "level": 0,
      "highlight": false,
      "children": [
        {
          "id": "cd87060ec0639b4c971f9c3d1013768e",
          "author": "andy",
          "time": "2019年05月21日 20:24",
          "content": "<p>感謝你的分享！</p>",
          "level": 1,
          "highlight": true,
          "children": []
        }
      ]
    }
  ],
  "page": 31,
  "order": 6,
  "filename": "data\\page31\\page31_order5_3fe03ba6967455770dabdd7b43b61518.json"
}