{
  "article_url": "https://andylee.pro/wp/?p=5347",
  "title": "嚴重的全身性關節炎",
  "content": "<p>這大概是我看過最嚴重的關節炎病患之一，華人，女，55歲左右，幾個月前初診時，她的肩頸、手肘、腕關節、手指、膝關節、腳踝、腳板、腳趾等等的關節，全部都有嚴重的關節炎。病人自述，這些關節都痛到不行，又非常僵硬，她每天都得服用大量的止痛藥才能勉強睡幾個小時。十根手指都變形為「W」形狀，短短的手指先往內側彎曲，再往外側彎曲，再往內側彎曲，然後再往外側彎曲，無法正常活動，只能大拇指和其它四隻手指像螃蟹夾子一樣的夾住東西。膝蓋、小腿、腳踝、腳板、腳趾水腫明顯，部分呈現紫色，僵硬，脹痛嚴重。肩頸和上臂僵硬到無法忍受，眼睛和嘴巴非常乾。</p>\n<p>初診時看到病人，大概只能用「慘不忍睹」來形容。我問病人，關節炎通常得發病十多年以上才會變得那麼嚴重，為什麼拖了那麼久才來看診？她說才沒有十多年，她幾個月就變得如此嚴重，我非常驚訝，於是花很多時間來了解病人背景及故事。病人說她幾年前就得了西醫所謂的「乾燥症」（一種全身性的風濕免疫性疾病），眼睛和嘴巴非常乾，西醫給她開了西藥，告訴她得終身服用，可是病人服用以後，副作用非常多，非常不舒服，無法正常生活，只好停西藥，自己堅強的忍受乾燥現象。大約三年多前，病人突然出現視覺重複影像，西醫很擔心，要求她做全身MRI，當時醫生提醒她，有少部分病人會對MRI顯影劑產生反應，而導致關節疼痛的副作用，要她簽責任豁免條款（liability wavier），她也沒多想，也就做了全身MRI。結果，沒檢查出來什麼問題，重複影像問題幾週後自己好了，然而，全身的關節果真開始疼痛了。沒多久，兩隻手指變形，關節炎專科醫生告訴她不用太擔心，大概需要十年，其它手指才會如此一樣的變形。很可惜，和西醫猜測的大不相同，幾個月後。不但十隻手指都變形了，肩頸、手肘、腕關節、膝關節、腳踝、腳板、腳趾等等的關節也都出現嚴重的關節炎症狀！</p>\n<p>病人一開始尋求西醫的治療，關節炎的西藥導致她更多的問題，無法正常生活，只好放棄西醫治療。再過來的兩年中，她前後找了兩位中醫來長期治療，沒有什麼療效，病情繼續惡化，兩位中醫都宣告放棄，直到去年下旬才來找我看診。</p>\n<p>怎麼治療？確實是個頭大的問題，雖然在中醫辨證論治下，有許多的辦法治療西醫所謂的關節炎，但是，手指關節炎、膝蓋關節炎、腳趾關節炎等等，不同部位及不同症狀，使用的中藥組合都不一樣，同時，一個引藥往手走，另一個引藥往腳走，一起使用就分散了藥力。因為如果無法使用手指，人等於半廢了，許多事情都無法自己做，所以，一開始我們以手指為主，一個月後手指有些改進時，病人希望改為攻下半身，膝蓋、小腿水腫等等改進了一些後，病人又希望能減輕她肩頸與手臂的僵硬及疼痛。就這樣，專注在一部分一陣子，改為專注在另一部分一陣子，一邊治本，一邊像救火一樣的治療病人的抱怨，到現在已經有五六個月了。</p>\n<p>目前，病人整體狀況進步，沒有服用任何止痛藥，可以好好睡覺六七個小時。全身各個關節不再疼痛，依然有僵硬感，手指活動能力增加，生活比較便利。膝關節鬆了不少，小腿水腫從膝蓋降到腳踝下方，已經沒有呈現紫色。本來起身走路很困難，現在可以緩慢的自由走動。肩頸僵硬，放血後好幾天，還撐不過一整週。眼睛乾好不少，口乾好一些，但仍很乾。基本上套用西醫的說法，病人自身免疫系統攻擊自己身體的現象，已經好轉很多，整體病情穩定下來了。</p>\n<p>使用了什麼中藥方劑？這是一個很頭大的病例，生附子、炮附子、生硫磺、烏頭蜜等等的重藥都分別或一起上陣了，細節我不想多解釋，以免讀者們，甚至中醫師們，在經驗不足的情況下使用這些重藥，導致嚴重的問題。而我使用這些重藥治療這位病人時，偶然還是會遇到病人心跳不適等問題，不過，山不轉路轉，路不轉人轉，總是得想辦法繞過問題，達到想要的療效。當然，藥方不是一成不變，也不是只靠這些重藥，還是得搭配其它君臣佐使、後勤補給等等的藥物，不能只是一昧的進攻。</p>\n<p>又一個題外話，病人有一次告訴我，她的朋友來家裡探望她，看到她還沒有痊癒，竟然告訴她說，這個中醫師太爛了，幾個月還沒把她治好，要她換一個醫師。我聽了差點昏倒，有這樣的進展，應該要謝天謝地了，說真的，這樣的進展在關節炎及免疫系統疾病專科醫師看來，已經是不可思議了，一個不懂醫學的門外漢竟然信口開河、隨意亂說，就像現在一大堆網路亂象一樣，把這個世界搞得烏煙瘴氣。自從那次開始，每次病人來複診，我和她打招呼的第一句話改成：「嘿，妳還活著啊！不錯嘛！」讓她知道她的病情是多麼的複雜難治。不過，開玩笑歸開玩笑，我確實要求病人簽責任豁免條款（liability wavier），因為我擔心病人心急，為了加快療效，自己偷偷服用兩三倍的中藥劑量，造成更大的問題。</p>",
  "article_time": "2019年02月22日 15:43",
  "comments": [
    {
      "id": "c5c8acac9685b129ce637e6841db8dc2",
      "author": "Ferry瑞芳",
      "time": "2019年02月22日 20:36",
      "content": "<p>奇怪，为什么MRI会造成部分患者关节疼痛的副作用</p>",
      "level": 0,
      "highlight": false,
      "children": [
        {
          "id": "410724c99865499f48f597ed9495c6da",
          "author": "andy",
          "time": "2019年02月22日 20:53",
          "content": "<p>是MRI使用的顯影劑造成的，我修改了一下原文，以免誤導。</p>",
          "level": 1,
          "highlight": true,
          "children": [
            {
              "id": "a6d6c8ff8ede4636aea47dce45e97d94",
              "author": "小宝宝",
              "time": "2019年02月23日 02:11",
              "content": "<p>用硫磺是去三焦的毒吗.<br/>\n现在很多膝盖里有骨刺有办法治疗吗？谢谢</p>",
              "level": 2,
              "highlight": false,
              "children": [
                {
                  "id": "d79597479e17904ab04538499a1434b6",
                  "author": "andy",
                  "time": "2019年02月23日 08:25",
                  "content": "<p>生硫磺去寒、行水。膝盖裡有骨刺，得下針、外敷、內服一起使用，你得去找中醫師直接看診。</p>",
                  "level": 3,
                  "highlight": true,
                  "children": []
                }
              ]
            },
            {
              "id": "745c36b6401e65ecc084c517e46143be",
              "author": "Ferry瑞芳",
              "time": "2019年02月23日 05:15",
              "content": "<p>噢，这就懂了，我还以为是charges  cyclotron引起的呢，原来是显影剂的问题</p>",
              "level": 2,
              "highlight": false,
              "children": []
            }
          ]
        }
      ]
    },
    {
      "id": "c0072298ec7ccf5ddb077aee7617e004",
      "author": "lmc",
      "time": "2019年02月25日 03:19",
      "content": "<p>真是不容易，又要补后勤，又要攻，还要四面八方攻，真是难为李医生了，医者仁心，估计为这样的病人，费心不少。</p>",
      "level": 0,
      "highlight": false,
      "children": []
    },
    {
      "id": "e60875dac68358794de6958befeaf84b",
      "author": "Jaron",
      "time": "2019年03月01日 06:45",
      "content": "<p>我的母亲也有很严重的关节炎。看了好多西医和中医都没治好。请问有哪些可以帮到她呢? 看到她痛的不能走路和弯手指，心里好心疼。</p>",
      "level": 0,
      "highlight": false,
      "children": []
    },
    {
      "id": "f1172ecbfed31d7e0917577f3e7fb4dc",
      "author": "王彦强",
      "time": "2019年03月04日 20:30",
      "content": "<p>记得李医师说过吃饭咬口腔的病例，我摘录一下《灵枢经口问二十八》一段文字“黄帝曰，人自啮舌者，何气使然？岐伯曰，此厥逆走上，脉气辈至也。少阴气至则啮舌，少阳气至则啮颊，阳明气至则啮唇矣。视主病者，则补之”不知道这一段怎么理解，针刺这些经络的哪几个穴位。</p>",
      "level": 0,
      "highlight": false,
      "children": [
        {
          "id": "c81dab57df70d5a508fe3afb6602a945",
          "author": "andy",
          "time": "2019年03月12日 10:00",
          "content": "<p>中醫古書的語法有一個邏輯上得注意的地方，無論是黃帝內經或傷寒雜病論，常常使用A症狀是B原因引起的語法，然而，後面又提到同樣或類似的A症狀是C原因引起的，之後又再度提到同樣或類似的A症狀是D原因引起的等等。換句話說，B、C、D原因都有可能導致症狀，他們的關係並非「exclusive」，研讀時得看該篇該段是在討論什麼問題、其它症狀等等。其實，這也是為什麼目前許多中醫專家系統及人工智能做不好的原因，那些程序想辦法在古書中找尋症狀與病因的連結關係及比重，卻未能真的了解整個診斷的「big picture」及「context」。</p>",
          "level": 1,
          "highlight": true,
          "children": []
        }
      ]
    },
    {
      "id": "bff4558446e1e7c1832d4322d56460b3",
      "author": "apple",
      "time": "2019年03月11日 07:49",
      "content": "<p>李医师，您好！请问一下，为什么我早上一起床就会打喷嚏、流清涕？大约半小时后就没事了。</p>",
      "level": 0,
      "highlight": false,
      "children": [
        {
          "id": "bc1aa495c9558deec16f5c1d8cb48a74",
          "author": "andy",
          "time": "2019年03月12日 10:00",
          "content": "<p>多半是肺寒。</p>",
          "level": 1,
          "highlight": true,
          "children": [
            {
              "id": "efc3baa8fe88dad1c5d0ce9819c6ab54",
              "author": "apple",
              "time": "2019年03月20日 05:40",
              "content": "<p>请问，肺寒与肺阳不足有什区别？</p>",
              "level": 2,
              "highlight": false,
              "children": [
                {
                  "id": "7768eaf51c5a5d5d504ce65869239e3a",
                  "author": "andy",
                  "time": "2019年03月20日 07:10",
                  "content": "<p>陽不足，自然會寒。</p>",
                  "level": 3,
                  "highlight": true,
                  "children": []
                }
              ]
            }
          ]
        }
      ]
    },
    {
      "id": "fb6f677efb395aea6e130e15f7ef5829",
      "author": "ET",
      "time": "2019年03月21日 19:19",
      "content": "<p>李医师，您好！我想请您看一看这个部落格https://ggenereux.blog/。这是一位加拿大的工程师，六年前因为得了湿疹，西医无法治疗而自行寻找答案。他发现许多自体免疫的疾病症状都和维他命A中毒的症状很像，并大胆的提出自体免疫疾病是慢性维他命A中毒的症状。为了测试，他把在自己的饮食中完全避开维A。结果，三天后他的湿疹开始痊愈，三个星期后脑雾和倦怠感也消失了。后来他在业余时间里继续研究并写了3本免费下载的电子书,里面也referenced了大量的研究论文来支持他的观点。</p>\n<p>当我阅读他的理论时，我的第一感觉是“天啊，这根本就是倪师所说的，那些天天吃维他命、喝牛奶的死得最快！”<br/>\n低维A的饮食不能吃的东西：青菜、水果就是中医里寒凉的食物；鸡蛋、奶制品、猪肉就是中医里生痰的东西！</p>\n<p>我在想李医生的病人里有些会时有反复可能就是饮食上没有把好关，如果能让他们知道这些资讯可能会有帮助。当然中医治病是辨证论治的，但是病人饮食上配合的话肯定有食半工倍的效果。</p>\n<p>我为什么会在这里提出来呢？因为根据您的描述，这个病人得了“干燥综合症”，书里提到眼睛干是维A中毒最普遍最早的症状。“视觉重复影像”Double Vision 也是维A中毒症状。最后，外来的“显影剂”引起了体内免疫系统的攻击造成全身性的关节炎。用中医的话来说，她体内已经很阴寒了，加上不当治疗引发了疾病。</p>",
      "level": 0,
      "highlight": false,
      "children": [
        {
          "id": "58db63b90cf8000beb5d47c6c763ffdb",
          "author": "ET",
          "time": "2019年03月22日 04:32",
          "content": "<p>对不起，应该是“事半功倍”不是“食半工倍”。</p>",
          "level": 1,
          "highlight": false,
          "children": []
        },
        {
          "id": "5dd6ccf7a9b033fd9bf6d915e4aa6784",
          "author": "andy",
          "time": "2019年03月22日 10:16",
          "content": "<p>這樣的研究精神很好，深入了解不同角度的觀察。不過，把問題簡單化到單一因素是很危險的，這樣極簡化的理論，造就了許許多多保健品的神話，淪為不肖商人斂財的工具，導致更多的問題。中醫所謂的寒涼食物也不是單單和維生素A多少的對應，或許可以說從觀察中發現某種相關性，值得去多加了解，但是把某個單一因素當成「Holy Grail」，是非常危險的。重症病人反反覆覆是很常見的，無論病進病退，重症病人都是處在不穩定的平衡點，好比人工智能中很難解決的「saddle point」一樣，當然，生活飲食、心情、工作等等，都得考慮進去，只是病人很少會乖乖聽話，交代三件事，有一件事好好做到，就已經是個好病人了。</p>\n<p>你把某一個疾病的可能症狀列表去比對病人的各種症狀，這是一個很容易被誤導的方法。你在網上隨便查詢一個疾病的各種可能症狀列表，譬如多發性硬化症（Multiple Sclerosis），你發覺病人症狀好像挺符合的，然後你再去查肝癌的可能症狀列表，又發覺好像也挺符合的，然後你再去查敗血症的可能症狀列表，又覺得好像也挺符合的。這種事情在對病情焦慮的病人身上常常發生，他們自己去網上查這個查那個，本來只是小小的健康問題，他們緊張得來問，是不是這個絕症那個絕症！當然，這個病人也可能真的是維生素A中毒，值得把它列為一個應該去審視的項目，但是太快做結論是不行的，其實，這位病人做過各種檢驗，並沒有維生素A過高的現象，或許可以告訴病人再和她的西醫討論一下維生素A中毒的可能性。</p>",
          "level": 1,
          "highlight": true,
          "children": [
            {
              "id": "4b7a0e48e7ab03ba6a427d4881d76a85",
              "author": "ET",
              "time": "2019年03月24日 03:21",
              "content": "<p>我完全同意您的看法，不应该把问题都简单化到单一的元素，而且有些高维A的食物如玉米、红萝卜在中医里属于平性食物，不是寒凉食物。没病的人什么都吃，有病的人常常感觉要吃得健康点或者觉得要补充营养，谁知道可能吃出更多问题却完全没有头绪。</p>\n<p>看完他的陈述，会有种电影或小说里面说的“最危险的地方就是最安全的地方”或者“身边的人就是出卖你的人”的那种感觉，呵呵。</p>\n<p>至于您的病人就没必要做检验了，因为现在的血液检查通常查不出什么问题。而且西医根本不会相信是维A是毒。作者因为是工程师才敢提出这样的理论，如果是医药界的人根本不敢说（看疫苗界就知道了）。可能看看她有没有服用维他命的习惯啊或者吃高维A的食物（华人有吃内脏的习惯）啊，暂时三四个月戒除含维A的食物。到时再吃一点，如果不良反应强烈，就知道饮食习惯是其中很大的因素了。</p>\n<p>祝 安康。</p>",
              "level": 2,
              "highlight": false,
              "children": []
            }
          ]
        }
      ]
    }
  ],
  "page": 31,
  "order": 9,
  "filename": "data\\page31\\page31_order8_c81dab57df70d5a508fe3afb6602a945.json"
}