{
  "article_url": "https://andylee.pro/wp/?p=2994",
  "title": "電視節目：《當張仲景遇上斯坦福》（六）中藥越名貴越好？",
  "content": "<p><iframe allow=\"accelerometer; autoplay; clipboard-write; encrypted-media; gyroscope; picture-in-picture; web-share\" allowfullscreen=\"\" frameborder=\"0\" height=\"281\" referrerpolicy=\"strict-origin-when-cross-origin\" src=\"https://www.youtube.com/embed/jIFg71jH20E?feature=oembed\" title=\"《當張仲景遇上斯坦福》（六）中藥越名貴越好？\" width=\"500\"></iframe></p>\n<p> </p>",
  "article_time": "2015年08月31日 16:46",
  "comments": [],
  "page": 52,
  "order": 6,
  "filename": "data\\page52\\page52_order5_3bd115a1fd12c529a984b2136018024a.json"
}