{
  "article_url": "https://andylee.pro/wp/?p=2979",
  "title": "電視節目：《當張仲景遇上斯坦福》（五） 中醫用秘方、偏方治病？",
  "content": "<p><iframe allow=\"accelerometer; autoplay; clipboard-write; encrypted-media; gyroscope; picture-in-picture; web-share\" allowfullscreen=\"\" frameborder=\"0\" height=\"281\" referrerpolicy=\"strict-origin-when-cross-origin\" src=\"https://www.youtube.com/embed/zhC1baqXXmc?feature=oembed\" title=\"《當張仲景遇上斯坦福》（五）中醫用秘方、偏方治病？\" width=\"500\"></iframe></p>",
  "article_time": "2015年08月15日 21:59",
  "comments": [
    {
      "id": "c31ef1edfdc4af46e1d4d94b6ec387a1",
      "author": "魯豆腐",
      "time": "2015年08月15日 22:47",
      "content": "<p>有些人或許是沒時間或不方便，最喜歡去問人家的治好病的方子拿來亂試，殊不知對症下藥才能解病，而亂用藥。這有時可能會害了別人又被説中藥沒效，這對中藥是天大的污衊</p>",
      "level": 0,
      "highlight": false,
      "children": []
    },
    {
      "id": "e96eb50a6e796076ac2e9caacd33b617",
      "author": "David",
      "time": "2016年03月11日 18:29",
      "content": "<p>中國祖傳專治癌症秘方<br/>\n藥方：半枝蓮２兩、白花蛇舌草２兩、金線蓮２錢、白朮１錢、大黃１錢、黃柏１錢、川朴３錢、大卜皮１錢、淮七１錢、北茵陳３錢、酸棗仁５錢、檳榔１錢、風杞１錢。<br/>\n<a href=\"http://buzzlife.com.tw/article/1454147007\" rel=\"nofollow ugc\">http://buzzlife.com.tw/article/1454147007</a></p>\n<p>KingNet國家網路醫院 – 中國祖傳治癌秘方是真是假？<br/>\n<a href=\"http://hospital.kingnet.com.tw/essay/essay.html?pid=5\" rel=\"nofollow ugc\">http://hospital.kingnet.com.tw/essay/essay.html?pid=5</a></p>\n<p>請問Andy醫師對此方有何看法？</p>",
      "level": 0,
      "highlight": false,
      "children": [
        {
          "id": "750a6035124e90c3e4d3aff1ce566883",
          "author": "andy",
          "time": "2016年03月11日 20:33",
          "content": "<p>正統中醫是不講什麼「秘方」「偏方」，人體很複雜，每個病人都不一樣，每一種癌症都不一樣，更何況中醫得辨證論治，一百個肝癌病人，可能使用一百個不一樣的方劑。同時，治療過程中，就好像打仗一樣，也得按部就班一步一步的改變方劑來對付。這樣以訛傳訛，不但幫助不了人，反而害人耽誤了病情，同時，會讓略有醫學知識的人誤解中醫、瞧不起中醫。</p>",
          "level": 1,
          "highlight": true,
          "children": []
        }
      ]
    }
  ],
  "page": 52,
  "order": 10,
  "filename": "data\\page52\\page52_order9_7c78ed94ef52399bdfe7c65ea14e04d6.json"
}