{
  "article_url": "https://andylee.pro/wp/?p=7764",
  "title": "灣區中文電台 「灣區好聲音」節目採訪",
  "content": "<p>灣區電視廣播知名主持人鄭家瑜上週採訪，在她的節目「灣區好聲音」裡播放，有興趣的讀者可以在網路上收聽：</p>\n<p>FM96.1/AM1400/AM1450，03/14/2020，3pm，「灣區好聲音」：</p>\n<p><a href=\"http://www.bayareachineseradio.com/?fbclid=IwAR3r5OytosM8h7yYTrZ98BswPDaA7vBa_uQOanY9yRuGwC-1dHVeyIFOvHM\" rel=\"noreferrer noopener\" target=\"_blank\">http://www.bayareachineseradio.com/</a>  》網上收聽 》03/14/20 （沒有直接連結URL)</p>\n<p></p>",
  "article_time": "2020年03月20日 11:39",
  "comments": [
    {
      "id": "3b4a004015c67e107bd6419643f9a763",
      "author": "alexchan",
      "time": "2020年03月20日 17:10",
      "content": "<p>李老师好,有打算在纲上转授中課程吗?若有请通知我报名,感恩.</p>",
      "level": 0,
      "highlight": false,
      "children": [
        {
          "id": "c961f136f45699b1c383a52d5d448c68",
          "author": "李宗恩",
          "time": "2020年03月22日 12:18",
          "content": "<p>如果開課，會在我的網頁公佈。</p>",
          "level": 1,
          "highlight": true,
          "children": []
        }
      ]
    },
    {
      "id": "7cfd033e3fb8d1f7c186b76ca1947048",
      "author": "出師未捷身先死",
      "time": "2020年03月21日 17:09",
      "content": "<p>期待李博士能夠分享中醫在急救方面的故事，因為現在很多人看到路人因為突發疾病倒地竟然見死不救，這種風氣實在令人感覺世風日下，人性竟然冷漠到如此程度。西醫一直強調人工呼吸和通過按壓心臟進行心肺復甦，但是效果不盡人意。</p>",
      "level": 0,
      "highlight": false,
      "children": [
        {
          "id": "9643e839fbb820d3497cc15f973ec591",
          "author": "汪汪",
          "time": "2020年03月22日 07:20",
          "content": "<p><a href=\"https://www.hantang.com/chinese/ch_Articles/brain4.htm\" rel=\"nofollow ugc\">https://www.hantang.com/chinese/ch_Articles/brain4.htm</a><br/>\n取左邊頭角的髮, 燒成髮灰, 從耳朵吹進腦袋, 即可破腦中瘀血</p>",
          "level": 1,
          "highlight": false,
          "children": [
            {
              "id": "9c5eeeef1dc502e6d7e72a6d55135adc",
              "author": "李宗恩",
              "time": "2020年03月22日 12:30",
              "content": "<p>嚴重的腦溢血癱瘓，這樣還是沒辦法救治回來的。</p>",
              "level": 2,
              "highlight": true,
              "children": []
            }
          ]
        },
        {
          "id": "e378b32bf04b34002419a60cf688d9c9",
          "author": "李宗恩",
          "time": "2020年03月22日 12:25",
          "content": "<p>我有許多急救的醫案，不過，重病急救不是那麼容易，需要有足夠的臨床功力，不想誤導大家以為按哪個穴位就可以救人，反而耽誤了急診時間。</p>",
          "level": 1,
          "highlight": true,
          "children": [
            {
              "id": "24cea196e96f2f78f67547d85332e9fa",
              "author": "宇",
              "time": "2025年03月03日 07:30",
              "content": "<p>李医师不好意思打扰您，虽然中医不是一一对应，还是想请教您中风的治疗经验，因为似乎大多数病人中风都是有相同的问题，多是气血两虚造成的，猜测中风在治疗上应该的有很大的一致性，那么在急性期是否多以活血化瘀、提升清阳治其标为主，检索过您的网站没有详细的病案，当然您已经太忙了，所以还是希望您能多休息，或许在有闲暇之余有机会再来和我们讲讲您急救的案例，感谢您！</p>",
              "level": 2,
              "highlight": false,
              "children": [
                {
                  "id": "d0a5e3097eab0607cc324211450cd7af",
                  "author": "李宗恩",
                  "time": "2025年03月08日 07:52",
                  "content": "<p>有時間可以來寫篇文章討論。</p>",
                  "level": 3,
                  "highlight": true,
                  "children": []
                }
              ]
            }
          ]
        }
      ]
    },
    {
      "id": "cdc3158654c08eaada4e40127d3e8438",
      "author": "出師未捷身先死",
      "time": "2020年03月22日 21:09",
      "content": "<p>西醫的急診完全憑借儀器來進行診斷，這種檢查往往浪費了很多寶貴時間，導致很多人喪命在儀器面前。中醫的針灸效果是立竿見影，常常可以起死回生，以前流傳的扁鵲華佗孫思邈救死扶傷不計報酬的故事，即使人已經進了棺材，但如果脈還在，也能救救回來。但是現在的西醫在用手電筒照射病人的瞳孔之後，只要一看見瞳孔放大，不管有沒有脈，就斷定病人的死期。期待李博士能夠普及中醫在急救方面的知識，因為現在能夠做到立竿見影的中醫很少，老一輩人不信中醫，年輕一輩也對中醫嗤之以鼻。西醫除了人中外，對穴位知之甚少，這樣怎能能急救呢?</p>",
      "level": 0,
      "highlight": false,
      "children": []
    }
  ],
  "page": 22,
  "order": 8,
  "filename": "data\\page22\\page22_order7_0369d60d5ea5559fc2994e4c3c4ab9c3.json",
  "timestamp": 1742702637.608026
}