{
  "article_url": "https://andylee.pro/wp/?p=7830",
  "title": "如何自製N95等級口罩",
  "content": "<p>美國政府開始建議居民出門戴口罩，不過，因為N95及外科手術口罩嚴重缺乏，必須留給醫療人員，美國政府建議居民戴布做的口罩。確實，N95及外科手術口罩應該留給醫療人員，如果醫療人員感染了，不僅僅會傳染給很多人，更會減少對抗瘟疫的人手。然而，許多人擔心布口罩沒有辦法達到專業口罩的防護作用，而一般人想在網上購買N95或外科手術口罩，不但價錢昂貴，還得等上一兩個月。那怎麼辦？</p>\n<p>其實，有便宜又簡單的方法自製N95等級左右的口罩，我本來以為是我先想到的，上網查了一下，原來早就有人推薦，研究比較過濾效能，甚至已經有不少人當義工，大量製作來捐給附近的醫院！</p>\n<p>美國大部分的家裡都有暖氣或冷氣機（furnance or AC），必須固定時間換新空氣過濾網（air filter），這些家用的空氣過濾網，本身就有過濾功能，雖然通常只有大約20英寸乘25英寸左右大小，拆開後拉直，4英寸厚的過濾網可以拉到八九英尺長，足夠製作幾十個高效能口罩。而目前這些家用空氣過濾網的貨源仍然非常充裕，在Amazon上很容易買到，價錢也未提高，非常適合大家自製N95等級左右的口罩，更希望很多人能製作後，捐給醫院、老人看護機構、郵差、清潔人員等等，為對抗新冠肺炎盡一份力量。</p>\n<p>怎麼製作，網上很容易查到，YouTube上也有人教，我在這裡提幾個重點：</p>\n<p>（1）空氣過濾網有不同的等級，為了盡可能達到N95的等級，必須使用MERV 13或以上的等級（MERV13等同於MPR 1500~1900或FRP 10）。另外，得確定空氣過濾網的品質，沒有玻璃纖維（fiberglass）或其它對人體有害的材質。</p>\n<p>（2）空氣過濾網主要是靠靜電原理，有方向性，過濾網外面都會標示空氣流動的方向。記得這個空氣流動的方向得指向戴口罩的人，也就是空氣從外面流向戴口罩人的口鼻。</p>\n<p>（3）一層過濾網就夠了，不要用好幾層，免得空氣流通阻力過大，無法順利呼吸。</p>\n<p>（4）剪裁成小塊的過濾網，可以直接穿戴、放在布口罩中間夾層、或者放在施工用塑膠口罩空的過濾盒裡。如果講究一些，外面可以加一層衛生紙，先擋掉一些水氣、口沫。</p>\n<p>在此特別強調，不是每一個人都適合長時間戴口罩。口罩會明顯增加呼吸的困難度，肺功能不好、年紀很大的老人、年幼的小孩等等，都不適合長時間戴口罩，不然還沒感染新冠肺炎，就先出問題了。</p>\n<figure class=\"wp-block-image\"><img alt=\"\" class=\"wp-image-7832\" decoding=\"async\" fetchpriority=\"high\" height=\"905\" sizes=\"(max-width: 1024px) 100vw, 1024px\" src=\"https://andylee.pro/wp/wp-content/uploads/2020/04/MERV-Ratings-Chart_1024x1024-1024x905.jpg\" srcset=\"https://andylee.pro/wp/wp-content/uploads/2020/04/MERV-Ratings-Chart_1024x1024.jpg 1024w, https://andylee.pro/wp/wp-content/uploads/2020/04/MERV-Ratings-Chart_1024x1024-300x265.jpg 300w, https://andylee.pro/wp/wp-content/uploads/2020/04/MERV-Ratings-Chart_1024x1024-768x679.jpg 768w\" width=\"1024\"/><figcaption>（網路下載的圖片說明）</figcaption></figure>",
  "article_time": "2020年04月04日 14:01",
  "comments": [
    {
      "id": "0e191c907ac60cc491610bfb05fd01ea",
      "author": "罗瑞芳",
      "time": "2020年04月05日 12:55",
      "content": "<p>戴口罩本来就很憋气，不利于呼吸</p>",
      "level": 0,
      "highlight": false,
      "children": []
    },
    {
      "id": "6e5288295477b57c5c37b6f3c5488661",
      "author": "chan",
      "time": "2020年04月08日 08:29",
      "content": "<p>在香港,  紫色的filter已缺貨.</p>",
      "level": 0,
      "highlight": false,
      "children": []
    }
  ],
  "page": 22,
  "order": 2,
  "filename": "data\\page22\\page22_order1_6e5288295477b57c5c37b6f3c5488661.json"
}