{
  "article_url": "https://andylee.pro/wp/?p=5887",
  "title": "FM96.1：春季養肝知多少？",
  "content": "<figure class=\"wp-block-audio\"><audio controls=\"\" src=\"https://andylee.pro/wp/wp-content/uploads/2019/06/S-20180320春季養肝知多少？.mp3\"></audio></figure>\n<p>（語音檔案由FM96.1電台提供，文章摘錄撰寫中，請稍加等待謝謝。）</p>",
  "article_time": "2018年03月20日 11:52",
  "comments": [],
  "page": 36,
  "order": 4,
  "filename": "data\\page36\\page36_order3_991c3107dc200c7db58748d5fefbc7fc.json"
}