{
  "article_url": "https://andylee.pro/wp/?p=8992",
  "title": "文學與歷史的重要性 – 養兒育女必須知道的21件中醫知識 題外話",
  "content": "<p>今天本來想繼續寫一篇「養兒育女」系列的文章，然而，心思被幾件事情觸動，想改來討論和「養兒育女」有關，但不是醫學的題外話。</p>\n<p>最近忙於新書的校訂，非常感謝圓神出版社、方智出版社編輯群及其他同仁的幫忙，我們有許多討論，我也得到了很多反饋。我們遇到了一個難題，那就是現在的讀者大多不太了解歷史，不知道「張仲景」是何許人也，甚至連「東漢」距離當今大約多少年也不清楚。另一方面，現在的讀者也習慣於淺顯白話的文字，稍微有些典故的修辭就搞不清楚了。擧個例子，暢銷書「當孔子遇上哈佛」作者李克明董事長在推薦序文中用到「親炙」兩個字，「親炙」的意思是親自受到教導、親承教誨，譬如「孟子」用到「親炙」兩字：「非聖人而能若是乎？而況於親炙之者乎？」，「紅樓夢」也寫到：「久仰芳名，無由親炙」。然而，編輯們認爲一般讀者很難理解，得改成白話的敘述。而翻開現在的報章雜誌，常常看到錯別字，網路上的文章更不用説，往往文字粗淺、語法錯誤、邏輯顛倒，正確引用經典字句及歷史故事的更是少之又少。</p>\n<p>或許有人會説，這又有什麽關係？語言文字是用來溝通的，只要聽得懂，淺顯雜亂沒有什麽不對，更何況現在是科技時代，數學好、懂電腦就行，文學和歷史根本不重要！</p>\n<p>這其實是大錯特錯的。文學與歷史是人類文明發展的基石，也是人腦運作的核心，用字遣詞直接影響到思維的深度及精準度，而人類思考是建築在過去的經驗上，歷史是人類經驗的宏觀故事。文學和歷史兩者常常相伴相輔，歷史造就了文學，文學記載了過去及現在的故事。給大家一個題目來試一試，仔細觀察自己現在所處的四周，看看眼前的物件及顔色，聽聽耳裡接受的各種聲音，聞聞入鼻的氣味，更重要的是傾聽你心裡對這四周一切的感受，然後，用文字寫下來告訴其他人你看到的、聼到的、聞到的、心裡感受到的思緒。當你對文學及歷史有一定程度的了解，你的敘述就不會只是「前面有張黑色的椅子」、「外面傳來汽車的噪音」等等，你會依循文學與歷史對你的潛移默化，思考四周那些景色、聲音、味道帶給你怎麽樣的感受，精準地轉化你的感受到文字上，讓人好比活生生地被帶到了現場，而這個寫作的過程裡，再次提升你的思維能力，不僅僅局限在文學及歷史方面，對你在數學、科學等其它方面的頭腦運作發展也非常重要。</p>\n<p>我記得小時候上中學時，得背誦很多文章，除了教科書裡所有的文章都得背誦，論語、孟子、詩經等也得背，就連厚厚的「古文觀止」也背上大半本。那個時候每天都抱怨爲什麽要背誦那麽多「沒有用」的東西，然而，這麽多年過去了，我才了解到，那些文學與歷史才是一個人靈魂的根基、思考力的動能，在我跨越的不同領域裡，都有莫大的幫助。其實，在我認識各行各業的大師級人物中，沒有一位對文學、歷史、哲學等人文知識不深感興趣的，也都表示那些看起來「沒有用」的東西是他們成就背後無形的推手。</p>\n<p>回到「養兒育女」的話題，我想表達的是，做父母的不要太功利，急著要小孩子學英文、補數學、上各種不同的才藝班，反而應該培養小孩子閲讀的習慣，多接觸古典文學及歷史。打個比方，無論你學習哪門哪派的功夫，如果沒有足夠的内力，也只會流為表演，無法真的自我防衛或比賽對打。而文學及歷史就像在培養小孩子的内力，雖然十年下來也不一定看得出什麽大差別，當小孩子進入他們的專業領域後，這個内力才是決定他們是否能從「工」「匠」昇華為「師」「家」的主要關鍵。</p>\n<p>任何一個社會或教育系統，如果忽略了古典文學及歷史的教育，這個社會注定走向日本學者大前研一講的「社會群體弱智化」！</p>",
  "article_time": "2020年10月29日 17:40",
  "comments": [
    {
      "id": "c564f2a248f49275d1e2a691d7f140e2",
      "author": "明遠",
      "time": "2020年10月29日 22:35",
      "content": "<p>李醫師所言甚是!無奈眾生心邪故與邪法相應，現在的社會以庸俗化為正見，大多數人以怪異、低俗、荒謬為高，像您這樣的想法已屬甚難稀有。</p>",
      "level": 0,
      "highlight": false,
      "children": []
    },
    {
      "id": "6f81532e387aff9e3b58614094516661",
      "author": "古中医爱好者",
      "time": "2020年10月31日 19:44",
      "content": "<p>李医师，您好，分享一个真实的医案，西医用检测数据说话，不算数。朋友的父亲因咳嗽，镇医院诊断为肺炎，然后转到市医院，诊断为心脏问题，治疗几天后咳嗽和气喘依然不减，但从症状而言，在仲景先师的《伤寒论》有讨论过，是因为肺积水造成喘和咳，然后和医生讨论后，改变治疗方向，以排肺积水为目标，事实上肺部的扫描也显示肺部有积水，几天后，西医用利尿方式把肺积水排出来，喘和咳改善很多，但人体会虚弱，也是津液丧失，用食补方式补充津液。古经方的源头是几千年以来的经验积累，而不是实验室和数据的结论，差别就是如此。祝福朋友的父亲早日康复。当然数据也是有用的，差别在行业。后学也非常注重数据，在医家而言，症状超过数据。</p>",
      "level": 0,
      "highlight": false,
      "children": [
        {
          "id": "64bbf2cef7d777d635ba6e6ee51a8125",
          "author": "李宗恩",
          "time": "2020年11月03日 13:26",
          "content": "<p>謝謝你的分享。</p>",
          "level": 1,
          "highlight": true,
          "children": []
        }
      ]
    },
    {
      "id": "e21d013786d48674a1021161ad7d07ca",
      "author": "四川 颜永信",
      "time": "2020年11月03日 12:40",
      "content": "<p>消灭一种文化，就不学古籍，只学白话文，英语不学外国编的。结果学了市几年，不懂历史，不懂古文，不懂英语，就是这种效果。</p>",
      "level": 0,
      "highlight": false,
      "children": []
    },
    {
      "id": "768438088a2e9076f2b1d7c65fccac4c",
      "author": "四川 颜永信",
      "time": "2020年11月03日 01:17",
      "content": "<p>倪海厦讲天纪紫薇斗数排盘，好像没讲，但书里面有表格。倪师说排盘是一个程式，用电脑软件一下就排出来了，于是就可以根据命盘算命。学习伤寒论也一样，倪师说伤寒论是最好的系统。是系统就可以用电脑程式变现出来，如输入「少阴病」，下利，电脑马上输出「白通汤」主之。白通汤方 葱白四茎,干姜一两,附子一枚，生用，去皮破八片。<br/>\n右三味，以水三升，煮取一升，去滓，分温再服。供医生临症选用。通过程式，把倪海厦的思想完全表现出来。目前排名世界第一的编程软件是PYTHON,用python语言与计算机交流，让计算机懂得人的意思。有句说法赞扬这款全球排名第一的计算机编程软件：生命苦短，我用PYTHON。希望该软件能包含倪海厦全部思想，人工智能模仿倪海厦全部思维。现在的人是懂伤寒不懂电脑软件，懂电脑软件编程的又不懂伤寒论，就是倪海厦注解和讲解的伤寒论。张仲景遇到史丹福，可能是伤寒论碰到电脑大数据。国内各大中医学院联合推出中医机器人，也是跟风，但不以倪海厦正统中医来编程，这电脑机器人可能治病效果差。</p>",
      "level": 0,
      "highlight": false,
      "children": [
        {
          "id": "6501b48cbd1deef09dc0de6405af1078",
          "author": "李宗恩",
          "time": "2020年11月03日 14:23",
          "content": "<p>電腦軟件排盤是一回事，依據排盤來算命是另一回事，排盤完全按照每個星的規定來計算，自然可以用電腦軟件來排盤，算命是活的，需要智慧的，電腦軟件算命是很難做到的，等哪一天你算命的功力到了一個程度，你就會了解其中的原因。你說的電腦看診也是一樣的，目前可以做到的是搜尋加權對應的功能，並沒有任何智慧可言，Python只是一個軟件語言，和程序的功能及能力無關。</p>",
          "level": 1,
          "highlight": true,
          "children": []
        },
        {
          "id": "16815117cfa8f3bc6c31e15dcf8f658c",
          "author": "ieitZYB",
          "time": "2020年11月03日 16:47",
          "content": "<p>正看到一个新发布，C/Python/Java：<br/>\n<a href=\"https://www.tiobe.com/tiobe-index/?20201103\" rel=\"nofollow ugc\">https://www.tiobe.com/tiobe-index/?20201103</a></p>",
          "level": 1,
          "highlight": false,
          "children": []
        }
      ]
    },
    {
      "id": "69e7c7f5d1c9aa7c9be367b75f6879fd",
      "author": "四川 颜永信",
      "time": "2020年11月03日 01:49",
      "content": "<p>国内倪海厦天纪人纪学习群有个误区：不允许说倪海厦仍然活在世间写地纪，说了会被踢出微信群。其实国内还有更多倪海厦中医群可以参与。在群内只不过宣传倪海厦人纪而已，这也耽过许多学习时间。群内有的所谓大医，自以为超过倪海厦，是一条所谓“潜龙”，自不量力，威逼群主将宣传倪师观点的人踢出微信群，其做法是可耻的。</p>",
      "level": 0,
      "highlight": false,
      "children": [
        {
          "id": "5814db37c51a02ea1cf490a5dd225745",
          "author": "李宗恩",
          "time": "2020年11月03日 14:25",
          "content": "<p>中國大陸以倪老師名義開設的群很多，絕大多數都和倪老師及其主要弟子沒有關係。</p>",
          "level": 1,
          "highlight": true,
          "children": []
        }
      ]
    },
    {
      "id": "2684afe6ebbc270f9e67c3d42a9406f7",
      "author": "Gary",
      "time": "2020年12月01日 05:54",
      "content": "<p>宗恩老師，希望您一切都好，每相隔一段時間都會來看您的blog，有一種充電的療愈感。您往後越來越忙了，乾貨少點也沒關係，但請繼續更新分享，因為這也是一種對讀者的義診感恩</p>",
      "level": 0,
      "highlight": false,
      "children": [
        {
          "id": "e3fdc4840975985bbd717c157329d860",
          "author": "李宗恩",
          "time": "2020年12月03日 09:56",
          "content": "<p>我盡量，另一方面，會逐漸開始正式教學工作。</p>",
          "level": 1,
          "highlight": true,
          "children": []
        }
      ]
    },
    {
      "id": "debe586fecdcb5bfeca16d5708c9f5e8",
      "author": "CAT",
      "time": "2021年01月11日 07:44",
      "content": "<p>很認同李醫師的觀點。請教李醫師，是否可以聊聊對於在美國長大的孩子學中文時這些中國文學歷史觀點的拿捏。</p>",
      "level": 0,
      "highlight": false,
      "children": [
        {
          "id": "2004683411863bfb4a693c431f727d7c",
          "author": "李宗恩",
          "time": "2021年01月13日 15:12",
          "content": "<p>最好的辦法是上中英雙語學校（Immersion Bilingual Education），這樣中文程度比較能和中國大陸及台灣的小孩子相比，文化方面也就比較容易有興趣及學習。</p>",
          "level": 1,
          "highlight": true,
          "children": []
        }
      ]
    },
    {
      "id": "d1894b91ce34f5712af6ee7e1f561080",
      "author": "慕中",
      "time": "2021年01月14日 01:53",
      "content": "<p>朋友带着孩子在家背唐诗背三字经弟子规等等 孩子中学以后到美国 老师都惊讶于她的文学底蕴 长大后顺利进入州政府工作 我自幼也是在家要背古文观止 並且父亲指定了要挑韓愈的背 不过资质不好 背不来 但还是读了 等到大学以后 接触圣经 也读了几遍 其中包罗万象 其实各种学问都可互联 文史特別是人际交往中不可或缺 否则张飞打岳飞 或以为现代人才有文明 对许多人事物错误估值了</p>",
      "level": 0,
      "highlight": false,
      "children": []
    }
  ],
  "page": 19,
  "order": 1,
  "filename": "data\\page18\\page18_order10_e3fdc4840975985bbd717c157329d860.json"
}