{
  "article_url": "https://andylee.pro/wp/?p=8635",
  "title": "以果決行",
  "content": "<p>「以果決行」是句很實用的話。你知道往北走會到舊金山、往南走會到洛杉磯，那麼，如果你想要去舊金山，除非有特殊原因非得繞個路，不然你當然會選擇往北走。倪海厦老師教導天紀時，常常拿這句話來提醒學生，譬如，如果你知道你明年很可能會因為貪財而招來嚴重的麻煩，那麼，即使在法律容許下，你也不該為了錢而失去了做人做事的原則，這不僅僅是個人道德的問題，更是不要讓自己往火坑裡跳，不但錢留不住，還賠上了大好的前程。當然，不是每個人算命都準，也不是每個人都相信算命，然而，很多事情不需要算命也可以清楚地知道未來的結果。</p>\n<p>這位病人，男，十八歲，五六年前念國中的時候，開始有了幻覺，頭腦中不斷有奇怪的幻聽、幻影，「看到」、「聽到」一位女同學喜歡他、糾纏他，其他同學排擠他、說他壞話等等。逐漸沒有辦法專心學習，也無法與人相處，只好休學。病人在家養病，病情並沒有好轉，反而出現更多奇奇怪怪的幻覺，卻又不是眼睛聽到、耳朵看到，反而像是做白日夢一般，頭腦裡有許多的「感覺」，就這樣什麼事情都不做，在家裡待了好幾年。中間曾經服用過精神科藥物，也被迫住院過許久，沒有什麼改善。</p>\n<p>幾個月前，病人媽媽請我遠程看診，也希望我鼓勵病人找回自己的人生。我仔細了解了一下病人的情況，其實，病人大部份時間是清醒的、有行為能力的，然而，病人不願意做什麼事情，更別說刻意幫忙自己走出來。病人早上起床，不想吃東西，媽媽從外面買五六樣早餐讓他選，他吃兩口就不吃了，中餐直接跳過，晚餐勉強吃一些。整天無所事事，一直看抖音、玩手機，爸爸媽媽不敢限制病人使用手機的時間，病人會大發脾氣，鬧個沒完。唸書、做運動等等，那就更不在話下了。雖然爸爸媽媽都在大學裡教書，對病人一點辦法也沒有，更像是管家、保母一樣，聽從病人的任性及脾氣。</p>\n<p>幾次看診下來，我不斷地告訴病人及媽媽，醫生只能像教練一樣從旁幫忙，他們自己也得幫助自己，如果自己不一步一步地改變，人生是不可能回轉的。一開始，他們還挺合作，媽媽不再買五六樣餐點，有什麼病人就吃什麼，而病人腸胃本來就沒有什麼大問題，即使不想吃正餐，也能吃掉一半的份量。手機時間減為一半，其它時間出去走走，身體動一動。有幻覺就寫下來，病人自己分辨得出來，哪些是真實世界，哪些是幻聽、幻想來的。準時服用中藥，準時上床睡覺，多多少少幫忙做些家事，提供一些價值給身旁的家人等等。</p>\n<p>看診的過程中，病人開始有些起色，正餐可以多吃一些，看一些勵志書籍，下午出去散步，自己控制玩手機的時間，幻覺開始減少些、變淡些。然而，病人和父母都無法堅持下去，病人又開始鬧脾氣，媽媽又開始寵溺病人，擺明著病人想要玩手機也就只能讓他整天玩手機，又是幫病人準備五六樣早餐，讓病人吃兩口就不吃了。</p>\n<p>今天遠程看診時，我生氣了，把話講明白了。這樣下去病人的未來會是如何？我直接告訴他們，他們在大陸不是富二代、官二代，沒有足夠的錢讓病人一輩子這樣下去，爸爸媽媽遲早會老了、累倒了。如果事情不改變，病人未來只有一條路，那就是被送去精神病療養院，爸媽是不可能照顧他一輩子的，而以病人這樣的任性及脾氣，明的是被迫服用一堆精神科藥物，暗的是被療養院工作人員關起門來毒打。當爸爸媽媽過世了，或再也沒錢負擔療養院費用了，那病人就會被趕出去，沒有哪個親戚朋友會收留，只能流落街頭行乞過日。</p>\n<p>病人媽媽聽了我的話，深深知道確實會如此，轉過頭對病人說：「兒子啊，你要聽醫師的話，不然以後 …..」然而，媽媽還是一副「求」病人的樣子，無法放下對孩子寵溺的心態。病人聽了我的話，一臉沈重的表情，似乎感受到了什麼，或許我的話會變成他幻覺的一部份，不斷提醒他得改變。如果自己不想改變、不去改變，什麼名醫幫忙都是枉然，還不如把看醫生的錢省下來，以後可以多住幾天療養院。</p>\n<p>「以果決行」。很多時候，幾種不同的「果」已經明明白白擺在眼前，你現在選擇怎麼做，就已經決定未來會有怎樣的結果。大家都知道這個道理，實際執行上卻喜歡避重就輕、投機取巧、短視近利，到頭來還問為什麼會這樣、老天為何不公平，其實，你十年前就知道會有今天了。</p>",
  "article_time": "2020年09月08日 22:09",
  "comments": [
    {
      "id": "ba6d1fbad20e92e0a743e8a6d7e27cf0",
      "author": "明遠",
      "time": "2020年09月09日 02:54",
      "content": "<p>李醫師 您好:</p>\n<p>能否稍微說明此案例治療的思路與處方</p>\n<p>謝謝!</p>",
      "level": 0,
      "highlight": false,
      "children": [
        {
          "id": "9eeededd7e0a60ccb87d052fefdff385",
          "author": "李宗恩",
          "time": "2020年09月09日 21:42",
          "content": "<p>等治療改善到一定程度後再來討論，</p>",
          "level": 1,
          "highlight": true,
          "children": []
        }
      ]
    },
    {
      "id": "fe9fef5754fa974d2280214f381e73a4",
      "author": "四川 颜永信",
      "time": "2020年09月09日 05:45",
      "content": "<p>倪师：天人地各占3分之一，医学和地理占3分之二，可以战胜天命。就是说应该从医学和室内住宿来改变该病人的命运。天地定位，长幼有序。父母住房屋西北位，病人长子住正东位以改其观念。注意厕所位子是否在正东影响其子的神经。倪师命相卜山医全精通，实属旷世奇人。光靠医学治疗这家儿子的神经病还不够，改八卦地理方位，脚朝紫薇斗数吉星方向，会使他的结果凭空不见，以果决行的意思是赶紧改住东宫。</p>",
      "level": 0,
      "highlight": false,
      "children": [
        {
          "id": "e2ca2f84951fdf33fafb830dd06f34f5",
          "author": "李晨",
          "time": "2020年09月09日 18:50",
          "content": "<p>你是不是在桂林汉唐那里治过病</p>",
          "level": 1,
          "highlight": false,
          "children": [
            {
              "id": "9949ae5414372de9099553973440b770",
              "author": "四川 颜永信",
              "time": "2020年09月11日 05:20",
              "content": "<p>14付药甩了10付，还不给处方，自费1200元，其中诊费500元。第一次诊费300元我没捡药，旅游带着不方便，第二天去捡药他们不同意捡，我又想见识一下网上吹得最凶的那个医生水平，二诊200元，药费用了700多元现金，想不捡药又想看看他们的药质量怎样。虽无法刷卡，但当时是想对倪海厦汉唐经方做贡献，结果给倪伯时做贡献。后在倪海厦经方学习群披露此事，当地老保安曾告诫我该诊所水平不行，我还是迷信他们自吹，以为他们就有倪海厦水平。事后写出来提醒其他网友。我本人开方从来都是一剂，没想到桂林汉唐一开就是14剂，我又不便拒绝，必定是来支持汉唐经方的，钱还不是问题，上当算交学费。当时一月份带一人去桂林旅游，最终目的是看桂林汉唐经方诊所。当地参团费每人120元。药费高达1200元，我又不是急病。我自己学习使用倪海厦人纪的的主要方剂是桂枝汤，几十年前就知道桂枝汤，但不敢用，学习倪海厦人纪后才知道打喷嚏流清涕是伤风感冒，我又出生在冬天，伤风就流清涕，不汗出。以前我与医生都在乱治，结果拖12日愈。桂枝汤增加了我的免疫力，现在不感冒了。我的病主要是痰多，泽漆汤有效，上网买到了紫参和泽漆。所以本地96岁经方老中医摸脉认为我没病。桂林汉唐他们开的厚朴麻黄汤加减，实际上泽漆汤更适合我，我以前也服过厚朴麻黄汤。那次14付药花了700多元，我平时捡中药只一付，7–10元左右，相当于1.5美元，从不会捡两付，碰到桂林汉唐一次就14付来当饭吃很不习惯，最后因效果不好而将药甩掉。所以最好的医生是自己。最好的老师是倪海厦。2018年8月我才发现倪海厦，相见恨晚，因特别相信倪师人纪，进而相信天纪，现在空了还在学天纪，毕竟已花了很多时间，人纪也需要不断学习。</p>",
              "level": 2,
              "highlight": false,
              "children": []
            }
          ]
        },
        {
          "id": "a4a3c606594e8ad0d0a4ef2d31b0ba9c",
          "author": "李宗恩",
          "time": "2020年09月09日 21:59",
          "content": "<p>切記，看病時不算命，算命時不看病，等你看病和算命都到了一定程度以上，你就會知道為什麼。倪老師和我都遵守這個原則，雖然倪老師教導人紀時常常提到天紀，實際臨床看診時，除了極少的特殊情況，不論及算命、地理風水等。</p>",
          "level": 1,
          "highlight": true,
          "children": [
            {
              "id": "b274c7a45104d327fb4c55fc006dc1d4",
              "author": "四川 颜永信",
              "time": "2020年09月11日 05:50",
              "content": "<p>谢谢李老师指导。<br/>\n能在万里之外，得到李老师的答复和指导，真是万幸。因深信倪师人纪，目前国内无人能比，进而相信天纪。批命要结合阳宅地理和看相，又很复杂。倪师26个命例我已按倪师软件打印出来，空了听倪师批一两个，慢慢学。希望有人用大数据算命，有人又说这样会逆天折阳寿。人纪我还不熟。经方多一味药少一味药治病都不同，需要结合原文和倪师讲解去反复学习。倪师去世我也想不通，怎么会去世。他在生前说以后我们就是找到他，他也不会治病了，暗示隐居了，疾病死，不可能。有文章说倪师这样的人，是神给他的智慧，向世人传播经方，完成任务后要回到他原来的地方，都是突然死去。照此看来，神就存在。<br/>\n看病不算命，天命不可违。<br/>\n再次感谢李老师的指导。</p>",
              "level": 2,
              "highlight": false,
              "children": [
                {
                  "id": "6c6a3784ae2e6698d9fa2449dde282f6",
                  "author": "正悟",
                  "time": "2020年11月27日 12:50",
                  "content": "<p>全球哪里都有很厉害的中医师！不是没有，只是我们没有遇到！学无止尽！相见即是缘分！中国14亿人，经方大家也着实不少，然并不出名罢了！我们只能说山外有山，人外有人，不必否定一切。</p>",
                  "level": 3,
                  "highlight": false,
                  "children": []
                }
              ]
            }
          ]
        }
      ]
    },
    {
      "id": "606264324a32a925a91c4d4a2beb3c8f",
      "author": "顺应自然",
      "time": "2020年09月09日 06:25",
      "content": "<p>倪师：天人地各占3分之一，医学和地理占3分之二，可以战胜天命。就是说应该从医学和室内住宿来改变该病人的命运。天地定位，长幼有序。父母住房屋西北位，病人长子住正东位以改其观念。注意厕所位子是否在正东影响其子的神经。倪师命相卜山医全精通，实属旷世奇人。光靠医学治疗这家儿子的神经病还不够，改八卦地理方位，脚朝紫薇斗数吉星方向，会使他的结果凭空不见，以果决行的意思是赶紧改住东宫。</p>",
      "level": 0,
      "highlight": false,
      "children": []
    },
    {
      "id": "1af764524f1edf52a2e73f548a7a86b1",
      "author": "李晨",
      "time": "2020年09月09日 18:48",
      "content": "<p>后面那句话比较难理解，十年前就知道有今天了，也许是出自屯卦里面的，像这个案例用命理来解释分析家里的关系方位也可以知道一些答案，但改变比较难，要用蒙卦里面的刚中来说服。<br/>\n我算命2个月内突增100多个新客户，准确率达到98左右，只有几个失手的，后面也推出来了。其实算命这个东西，算出来怎样去鼓励别人改变，不要被命绑住就行了。好比一个出家命，在山林也是修行，反过来在城市不也是修行人生？住山里好还是城市呢？当然选城市。<br/>\n乐知天命说起来容易坐起来难，所以算命算的多的人你会发现这就是一个工具。改变更多的是靠医学和人的思想，经过我长期观察，还是中医人纪占的成分要多一些。</p>",
      "level": 0,
      "highlight": false,
      "children": [
        {
          "id": "465c71f58bec2ee4c5ff3116a1e5e3f1",
          "author": "李宗恩",
          "time": "2020年09月09日 22:09",
          "content": "<p>當你自己還沒有足夠人生智慧前，最好不要隨便替人算命及提供什麼指引，表面上好像在幫忙別人，實際上可能傷害了別人及自己。 這也是為什麼佛家認為修行不到一定程度，是不容許有神通的，而修行超過了一定程度，有沒有神通也就不重要了。</p>",
          "level": 1,
          "highlight": true,
          "children": [
            {
              "id": "cb9ae35b845aad18ddb89ea0fa78ac05",
              "author": "無 為",
              "time": "2020年09月10日 05:33",
              "content": "<p>太有道理了。</p>",
              "level": 2,
              "highlight": false,
              "children": []
            },
            {
              "id": "9033e0b54b7f264e7a84aae907ecac17",
              "author": "陈钦薇",
              "time": "2021年04月14日 07:59",
              "content": "<p>李医师！您真是位大智慧者！</p>",
              "level": 2,
              "highlight": false,
              "children": [
                {
                  "id": "1b25c086d9d3646ced0c410e9a811e31",
                  "author": "李宗恩",
                  "time": "2021年04月17日 08:27",
                  "content": "<p>謝謝你的支持及鼓勵。</p>",
                  "level": 3,
                  "highlight": true,
                  "children": []
                }
              ]
            },
            {
              "id": "4d2862f0cde1209510dd33f608f8380f",
              "author": "暗香疏影",
              "time": "2024年03月22日 21:04",
              "content": "<p>李博士的话比较含蓄，其实就是等你自己活明白再去教导别人，自己还没整明白咋回事只会把别人往沟里带（哈哈哈），也便是佛家的度人前先自度！</p>",
              "level": 2,
              "highlight": false,
              "children": []
            }
          ]
        },
        {
          "id": "b62db0a487f1c75b03c37ee7f165d25b",
          "author": "ieitZYB",
          "time": "2020年09月10日 03:10",
          "content": "<p>可见普通老百姓也是可怜，找各种“稻草”。</p>",
          "level": 1,
          "highlight": false,
          "children": []
        },
        {
          "id": "c375f034242d818be14eeb7a307293b4",
          "author": "四川 颜永信",
          "time": "2020年09月11日 06:10",
          "content": "<p>请教李晨老师：成都比北京晚一个小时。人生都以北京时间为准，算命时是否需要改为成都本地时间？</p>",
          "level": 1,
          "highlight": false,
          "children": []
        }
      ]
    },
    {
      "id": "9ea00fb378ec70093254fc05a8010c86",
      "author": "李晨",
      "time": "2020年09月09日 23:04",
      "content": "<p>谢谢提醒，我已经有一段时间不在这个圈子呆了。之前是在一些网络圈里看见好多算八字斗数的。不过解释的都不太准确，不过里面也有不少骗钱的，很多人被骗的。<br/>\n我在里面做咨询，也就是问答一些然后明年今年会怎样，不过都是先测前事很对别人才愿意找你，就是别人看你说的对，个人自愿付几十块酬金，给他讲解。<br/>\n网络里面好多这种，我见过有收200-1000的讲的都迷糊迷糊的<br/>\n李宗恩医师，我这样做有问题不会被弄成诈骗把？</p>",
      "level": 0,
      "highlight": false,
      "children": []
    },
    {
      "id": "8a1d71ba62886efd9d3f6058b1f1ad86",
      "author": "四川 颜永信",
      "time": "2020年09月11日 06:11",
      "content": "<p>请教李晨老师：成都比北京晚一个小时。人生都以北京时间为准，算命时是否需要改为成都本地时间？</p>",
      "level": 0,
      "highlight": false,
      "children": []
    },
    {
      "id": "92754a5063724a2cf3167ad8fceaea22",
      "author": "李晨",
      "time": "2020年09月11日 16:07",
      "content": "<p>一般中药慢治分治都需要几周几周的来，你一剂多能好是病比较轻。<br/>\n其实桂林汉唐的药业不是在饮片厂进的，都是在桂林南方药行自己挑的。饮片厂国内没有一家比的上同仁堂，当然李医生也提醒过好中药都在外地。<br/>\n是最近他们又发了很多医案，感觉很神奇，神医在世一样。然后又和李医生的区别太大了。<br/>\n我是以前在他们那里迷迷糊糊的治了3-4个月，一点没好明白。讲真心话一点都不会治，把你当小白鼠来试经方，我真的不清楚那些医案怎么来的。<br/>\n而且他们的处方都有大剂量的生附子40克左右。<br/>\n关于他们的中药质量，为何我治了4个月左右都没有效果这就不是中药的问题了，辩证错了。<br/>\n怎么说吧很失败的一次治疗过程，然后没有治好反驳就遭恐吓，说你不工作要得癌症，有钱在来看。我晕，我能上班我不去吗？关键时你也能给我治到能上班呀。<br/>\n后面来李医生博客，才知道我被当做实验小白鼠了。<br/>\n怎么说吧当时有倪伯时他们宣传。我以为是倪老师的至亲过来开馆了，借了1万块过去看的。<br/>\n你说有效果没有效果？答案有一些有，没有的要大于有的。<br/>\n不给看处方的原因，这种方子初学者都能开出来，后面我和他们聊过，他们也承认了。</p>\n<p>最可笑的是，当时我讲很痛啊，这里痛。人家医生倒好，也不看也不触诊也不问以前发生什么，就两眼盯着电脑看。<br/>\n和倪老师之前说他看病按压某病人要痛的叫起来有很大差别。<br/>\n当时还答应我一个月就好，结果上套了，好了一点就说对症耐心服药。</p>",
      "level": 0,
      "highlight": false,
      "children": []
    },
    {
      "id": "b0e91fe1d15a5646127c07be970cd0b8",
      "author": "john",
      "time": "2020年09月12日 01:20",
      "content": "<p>下面給的是一個不同的角度.　讀者且寬心的看.<br/>\n========<br/>\n幻覺沒什的吧? 重點是要能控制. 不要妨礙現實人生的生活就好.  Nikola Tesla　還用幻覺來模擬實驗.並且以幻覺作出了多少我們現在都還夢寐以求的技術.  我自己也能有一點點幻覺. 我不用睡覺, 睜開眼睛. 也能看見不同的人臉和故事歷歷在目的上演.但是, 我學會去分隔開來. 也不與之交流.   這就好像, 熱愛游泳的人, 不一定要在浴缸裡才能上班.　放假再去海邊就好. 物質生活有我們需要磨練學習的地方, 要不就不會來這世上.   </p>\n<p>如果這個孩子, 只是有幻覺, 但其他生理症狀符合海廈說的健康標準, 就別把他當病人. 這樣孩子沒病也得憋出病來.<br/>\n這孩子需要的是1) 學習如何在符合社會條規下生存,這和一般人無異  2) 父母得學會接受並且用正面的角度來看這孩子的特別能力.  建議父母聽聽巴夏教學.  網上請找免費的.   3) 孩子學會自己並沒有比其他人差.反而可能是天才.  但是要學會比別人更努力. 因為能者多勞, 他比一般人的腦多出了更多的能力, 所以得更努力.  將來才能照顧更多的身邊的人. </p>\n<p>#海廈說的<br/>\n①、正常人一睡到天亮，至少从11-5点<br/>\n②、正常人吃饭前会饿，食之有味<br/>\n③、正常人早上起来大便一次，淡黄色条状无味，不粘马桶且用纸不多<br/>\n④、正常人每天小便5-7次，颜色以淡黄透明为主，不夜尿，不断尿.<br/>\n⑤、正常人手脚常年温热.<br/>\n⑥、正常人白天精神好不想睡觉,女孩月经3-7天,周期28天，颜色红，无血块，不痛经，无异味</p>\n<p>最後再說兩個點. 能感覺到的, 也許能明白我說的<br/>\n1)人跌倒時, 傷害往往是爬起來的瞬間.   這孩子面臨得問題,可能也是如此… 畢竟他10多歲才有這能力<br/>\n2)同性戀也許可以經過房間方位調整過來. 但是我們應該把這當病來看嗎? 如果不當病,又該怎看待?</p>",
      "level": 0,
      "highlight": false,
      "children": []
    },
    {
      "id": "ceceb68155a207d366b905aae56dcbe0",
      "author": "四川 颜永信",
      "time": "2020年09月17日 05:26",
      "content": "<p>我的电脑登录李博士网页，一般会出现：哎呀，找不到网页。与此网站的连接已中断。可能是防火墙，你不能删除。</p>",
      "level": 0,
      "highlight": false,
      "children": []
    },
    {
      "id": "4be7f028e80e47b6948f8b2f4decf651",
      "author": "ru83",
      "time": "2020年09月21日 04:40",
      "content": "<p>同性戀用房間方位調整?根本無稽之談<br/>\n哪一個方位沒有住同性戀者?同性戀者是天生的，就像異性戀者的性向是天生的。</p>",
      "level": 0,
      "highlight": false,
      "children": []
    },
    {
      "id": "5b019f40db0f266981aa39152a946333",
      "author": "郑金宝",
      "time": "2020年09月23日 07:36",
      "content": "<p>李老师，现在倪师的网站出现了些不该出现的东西。我不相信倪伯时们，很明显就是圈钱的。跟倪师差很多很多。倪师的弟子里，最信任的还是您。倪师教会了我们许多许多，让我们自己做自己的大夫。感恩倪师，感恩您，在您这里让我看到了倪师的后续，给我学习经方很多帮助。谢谢。</p>",
      "level": 0,
      "highlight": false,
      "children": [
        {
          "id": "4cd6cf2e81266a7e8c4a30c1f3b91e98",
          "author": "李宗恩",
          "time": "2020年09月24日 11:41",
          "content": "<p>謝謝你的支持及鼓勵。倪老師原本的網頁是www.hantang.com。</p>",
          "level": 1,
          "highlight": true,
          "children": []
        },
        {
          "id": "579b563252839cb461af3d68b7ced93d",
          "author": "暗香疏影",
          "time": "2024年03月22日 21:22",
          "content": "<p>其实针对这种乱相，佛陀在世也只能一声叹息，西方三圣中间为阿弥陀佛，左右为观世音菩萨和大势至菩萨，观世音菩萨代表着慈悲为怀普度众生，大势至菩萨代表着纵使千百劫所作业不亡，大势所趋众业难消！无解！但没有办法，世界破破烂烂总有人缝缝补补，所以各路菩萨只能不辞辛劳一趟趟来人间用各种身份唤醒人们，只可惜慈航本是渡人物奈何众生不上船！所以倪师、南怀瑾老师都只能无奈离去，宗恩博士依然在呕心沥血只为唤醒大家觉醒！所以有福报遇见这些菩萨大家一定要珍惜！</p>",
          "level": 1,
          "highlight": false,
          "children": []
        }
      ]
    },
    {
      "id": "3dcb44fe0a87b34b39fe206463bb1a78",
      "author": "YcLin",
      "time": "2020年09月27日 18:10",
      "content": "<p>李医师您好！男性到了中年很多人肚子都大大的凸出来了，就是所谓的「啤酒肚」，这种是不是都可以认为是下腹这个地方积聚了很多湿导致的，您治疗的方向是不是主要是健脾利水，比如白术茯苓？<br/>\n我比较疑惑的是，肚子大好像大多是有很厚的脂肪，这些脂肪又要如何去消除呢？</p>",
      "level": 0,
      "highlight": false,
      "children": [
        {
          "id": "cb0def795c56b6172f4fd347702f2138",
          "author": "李宗恩",
          "time": "2020年09月28日 10:37",
          "content": "<p>「啤酒肚」只靠中藥來消除是非常辛苦的，還是得注意飲食及大量運動來消減。</p>",
          "level": 1,
          "highlight": true,
          "children": []
        }
      ]
    },
    {
      "id": "a04b7e1d7cf1499b8441332549031819",
      "author": "lkk",
      "time": "2020年09月28日 04:46",
      "content": "<p>李醫師 您好:<br/>\n      感謝您為傳承統中醫所做的努力與奉獻。請教您，市面上有沒去心及有去心的遠志，炮製過的遠志。雷公炮炙論是要去心，請教您臨床的用法。感謝您!</p>",
      "level": 0,
      "highlight": false,
      "children": [
        {
          "id": "dc17fe9a8a3f0813a429d155bc17f403",
          "author": "李宗恩",
          "time": "2020年09月28日 11:36",
          "content": "<p>通常使用去心的遠志。</p>",
          "level": 1,
          "highlight": true,
          "children": []
        }
      ]
    },
    {
      "id": "da9f15e261702bbf690d3436662c7cea",
      "author": "YcLin",
      "time": "2020年09月28日 23:42",
      "content": "<p>这样啊，我还以为利水然后加些热药会有效果。谢谢您指点！</p>",
      "level": 0,
      "highlight": false,
      "children": []
    },
    {
      "id": "9dec4f029528211a7010e71d0a31c229",
      "author": "lkk",
      "time": "2020年09月30日 07:46",
      "content": "<p>感謝您的解惑。謝謝!</p>",
      "level": 0,
      "highlight": false,
      "children": []
    },
    {
      "id": "0a19da2d9b6256a5b71d7be02ddc25e9",
      "author": "VIP_King",
      "time": "2020年11月26日 12:42",
      "content": "<p>你好！李医生<br/>\n请教一个问题，关于紫参我寻找很久，很多所谓的紫参的效果不好。请给点指导。谢谢！</p>",
      "level": 0,
      "highlight": false,
      "children": [
        {
          "id": "6c62a94bb37c134fa6dee4403def656a",
          "author": "李宗恩",
          "time": "2020年11月27日 11:44",
          "content": "<p>如果一味中藥材很難取得，那麼就不應該依賴這味中藥材，盡量想辦法使用不同的方式來治療。</p>",
          "level": 1,
          "highlight": true,
          "children": []
        }
      ]
    },
    {
      "id": "ce95ad39486534a94a5536a000a1d50a",
      "author": "馬克",
      "time": "2025年04月18日 01:20",
      "content": "<p>李醫師，請問可以請教一下這個案例的病理嗎？我初步猜測應該和肝脾有關。但是我很好奇產生這種情况的具體機理是什麼？痰飲在腦部？類似於妥瑞症？亦或是其他？</p>",
      "level": 0,
      "highlight": false,
      "children": [
        {
          "id": "5c83a79523b297a0a6395103d891b80d",
          "author": "李宗恩",
          "time": "2025年04月21日 14:01",
          "content": "<p>以前討論過，你可以在網頁上查詢。</p>",
          "level": 1,
          "highlight": true,
          "children": []
        }
      ]
    }
  ],
  "page": 19,
  "order": 8,
  "filename": "data\\page19\\page19_order7_74a7eae312a144cb1315362efe952aa0.json",
  "timestamp": 1746072206.8638966
}