{
  "article_url": "https://andylee.pro/wp/?p=7825",
  "title": "FM96.1：新冠肺炎 相對韓國、日本 為何義大利死亡人數這麼高？",
  "content": "<figure class=\"wp-block-audio\"><audio controls=\"\" src=\"https://andylee.pro/wp/wp-content/uploads/2020/04/S-03182020武漢肺炎-相對韓國、日本-為何義大利死亡人數這麼高？.mp3\"></audio></figure>\n<p>（ 語音檔案由FM96.1電台提供，文章摘錄撰寫中，請稍加等待。謝謝。）</p>",
  "article_time": "2020年03月02日 17:42",
  "comments": [
    {
      "id": "0a7f720928f09aede4ebac642107ec6e",
      "author": "出師未捷身先死",
      "time": "2025年04月15日 17:50",
      "content": "<p>加州目前完全成了左瘋民主黨的地盤，左瘋民主黨在加州對學齡兒童實行强制接種疫苗政策，不接種疫苗就無法入學。喪心病狂喪盡天良的左瘋民主黨州立參議員Richard Pan潘君達牽頭立法，認定religious exemption非法。現在左瘋民主黨又在美國及全世界强制推行mRNA疫苗，其險惡用心已經昭然若揭。</p>",
      "level": 0,
      "highlight": false,
      "children": []
    },
    {
      "id": "16754170982ad0f2c63ba1a759463da7",
      "author": "出師未捷身先死",
      "time": "2025年04月15日 18:28",
      "content": "<p>沒想到Richard Pan潘君達還是台灣人，台灣怎麽出了這樣一個人渣敗類！寶島台灣是一個人傑地靈之地，誕生了倪海廈這樣的經方奇才。但是非常不幸的是由於受到左瘋教育的熏陶之下，移民美國的台灣人卻成了左瘋民主黨狂熱信徒。查看潘君達的教育履歷，可以看到他在約翰霍普金斯獲得學士學位，在哈佛大學獲得公共衛生碩士，之後在匹兹堡大學獲得醫學博士。之後他成爲一名執業兒科醫師，後來參選加州衆議員參議員選舉，選上之後就逐漸開始以兒童健康之名推行左瘋民主黨的强制疫苗政策。美國大學受民主黨左瘋思想荼毒之深已經到了不可救藥的地步，如果不實行大刀闊斧的改革，美國就會走向自我毀滅的道路</p>",
      "level": 0,
      "highlight": false,
      "children": []
    }
  ],
  "page": 23,
  "order": 6,
  "filename": "data\\page23\\page23_order5_e5337f5c21cc7054107d4063fc8f1731.json",
  "timestamp": 1745294596.0526993
}