{
  "article_url": "https://andylee.pro/wp/?p=3361",
  "title": "FM 96.1：西醫真的比中醫進步嗎？",
  "content": "<!--[if lt IE 9]><script>document.createElement('audio');</script><![endif]-->\n<audio class=\"wp-audio-shortcode\" controls=\"controls\" id=\"audio-3361-1\" preload=\"none\" style=\"width: 100%;\"><source src=\"https://andylee.pro/wp/wp-content/uploads/2016/01/dr_case_20151215_509-542pm_28m09s_converted.mp3?_=1\" type=\"audio/mpeg\"/><a href=\"https://andylee.pro/wp/wp-content/uploads/2016/01/dr_case_20151215_509-542pm_28m09s_converted.mp3\">https://andylee.pro/wp/wp-content/uploads/2016/01/dr_case_20151215_509-542pm_28m09s_converted.mp3</a></audio>\n<p>現代的資訊發達，時常見到網路或各種傳媒報導西醫的進步，最近聽到一段訪問西醫的廣播內容，談及西醫如何治療胃病，標準的西醫流程，先檢查腸胃道幽門桿菌的指數，若指數異常就施以抗生素治療，而抗生素的種類又因人而異才起功效，一般試藥一段時間後，身體也產生了抗藥性，必須再次更換抗生素，如此反覆試驗直至幽門桿菌指標正常。反問，若幽門桿菌指標正常，病人仍然胃痛，西醫該如何解決？進一步照胃鏡，檢查是否有潰瘍或腫瘤？如胃鏡結果正常，西醫則宣判腸胃功能性異常，可能會建議患者服用腸胃益生菌，甚至讓患者服用抑制胃酸的藥物，副作用就是胃酸分泌不足，造成鈣質流失初現骨質疏鬆症，如此長時間的治療還未能改善時，西醫就診斷為＂精神官能症＂。</p>\n<p>現在臨床研究報告，幽門桿菌被消滅，腸胃潰瘍減少了，食道癌卻驟增，才發現幽門桿菌對於保護食道有重要的功用，而在這種情況之下產生的食道癌，比一般罹患食道癌的致死率要高。西醫在微觀的研究愈發進步，愈專注在某個＂點　＂，忽略全＂面　＂也切割了人體的連貫性。</p>\n<p>中醫理論中，造成胃病有數種原因，一般常見的原因有＂胃寒＂、＂胃熱＂，甚至肝膽的問題也會造成胃的疾病，中醫以全面性的角度看待一個疾病，體內器官是連貫性的系統，彼此相互影響。臨床上有一胃病例子，一名老先生長期胃痛，尋訪過中國許多名醫，都未能將胃病給治好，當時幫他看完診後，由各種線索推論是胃的外層包覆了水，使用生半夏為主的方劑將其問題解決。</p>\n<p>中醫診斷後會開立一個處方，藉由服用處方後觀察病人的反饋，當反饋良好，就證明了診斷的方向正確。中醫說肝膽會剋脾胃，肝功能不良會影響膽汁的分泌，造成晨起口苦、或是吐酸的情形，這時候西醫檢查腸胃是沒有問題的，吃了胃酸抑制劑也只是暫時的效果，中醫會根據其他線索加總後找出一個方向，當然中醫診斷方式有別於西醫的儀器，看病過程更賴於醫師臨床經驗，一個宏觀的醫學思維，對於疾病的治療方向是更有效的。</p>\n<p><strong>（語音檔案由FM96.1電台提供，文章摘錄自語音檔案內容，部分文字略有異同，敬請見諒。）</strong></p>",
  "article_time": "2015年12月15日 16:39",
  "comments": [
    {
      "id": "e708de2f2693576d595c1a9588e7d759",
      "author": "逍遙中醫",
      "time": "2016年01月25日 19:01",
      "content": "<p>中醫是標本兼治，主重個體差異，<br/>\n不同的人患上同樣的症狀，<br/>\n須要不同的治療方藥。。。</p>\n<p>西醫是見標治標，<br/>\n沒有走進疾病的核心醫治，<br/>\n這容易給現象牽著走，<br/>\n而埋沒本質之重點。。。</p>\n<p>中醫有謂，不懂陰陽五行，不能為醫。<br/>\n肝木克脾土，見肝之病，<br/>\n知肝傳脾，當先實脾行，<br/>\n此謂治未病也。。。</p>",
      "level": 0,
      "highlight": false,
      "children": []
    },
    {
      "id": "6d0e9575ffed6956751188dd299684d9",
      "author": "传承",
      "time": "2022年11月02日 03:39",
      "content": "<p>李博士，我在广州这边的中医师说，我脸部的戳疮和幽门螺杆菌 多有关，建议我吃半月的西药，我一听吃西药，我就马上跑了，请教一下，李博士，这痤疮和幽门螺杆超标有关吗?</p>",
      "level": 0,
      "highlight": false,
      "children": [
        {
          "id": "86dd86f6b2a594a7c93613ffe441f7aa",
          "author": "李宗恩",
          "time": "2022年11月10日 11:57",
          "content": "<p>以西醫理論而言，幽門桿菌增生是可能導致臉部皮膚病變，但重點是中醫可以治療，中醫師不應該建議病人服用西藥，</p>",
          "level": 1,
          "highlight": true,
          "children": [
            {
              "id": "43e29e16f1e659323f7e619b224c1492",
              "author": "传承",
              "time": "2022年11月11日 06:34",
              "content": "<p>非常感谢李博士的解答</p>",
              "level": 2,
              "highlight": false,
              "children": []
            }
          ]
        }
      ]
    },
    {
      "id": "927425f1b0bbc7bb5d93ca9d40afa2fb",
      "author": "蒼曙",
      "time": "2025年05月22日 10:08",
      "content": "<p>總有這種西醫，認為西醫萬能，對中醫根本完全不懂又直言中藥無效⋯⋯<br/>\n<a href=\"https://www.facebook.com/permalink.php?story_fbid=pfbid02oe9udjFdm9r3JNNjx398r5tufWmDHLrW86KVuzoKywNRjwZcRQunjwVspmpc5z1Cl&amp;id=100064062878938\" rel=\"nofollow ugc\">https://www.facebook.com/permalink.php?story_fbid=pfbid02oe9udjFdm9r3JNNjx398r5tufWmDHLrW86KVuzoKywNRjwZcRQunjwVspmpc5z1Cl&amp;id=100064062878938</a></p>\n<p>西醫治療用的是「關門放狗」法，但是狗是隻敵我不分的狗，關門放狗，無論敵友都咬死一片；中醫治療是「開門放狗」，而且狗只是用來趕人，不用來咬人。這位皮膚科醫師的心性上也算是個仁醫，但視野被西醫思維侷限住，以為他學的那一套才是真醫學，殊不知，用抗黴藥物或類固醇「治好」的頭癬，都會在身體上留下痕跡，何況真正長癬的「病根」也不曾被處理到。然後還在無意間否定了中醫（「只加入很有用的『中藥湯劑』」那句原文為「只加入不明其義的『中藥湯劑』」），後來才修改為「很有用的」，卻像是刻意反諷⋯⋯真是讓人無奈。</p>",
      "level": 0,
      "highlight": false,
      "children": []
    }
  ],
  "page": 49,
  "order": 9,
  "filename": "data\\page49\\page49_order8_56114a75633d374cb3dad2fe28d3c3ee.json",
  "timestamp": 1748750603.5247512
}