{
  "article_url": "https://andylee.pro/wp/?p=3277",
  "title": "電視節目：《當張仲景遇上斯坦福》（十三）採用科學的精神 守住中醫的根本",
  "content": "<p><iframe allow=\"accelerometer; autoplay; clipboard-write; encrypted-media; gyroscope; picture-in-picture; web-share\" allowfullscreen=\"\" frameborder=\"0\" height=\"375\" referrerpolicy=\"strict-origin-when-cross-origin\" src=\"https://www.youtube.com/embed/LGgbov54loE?feature=oembed\" title=\"《當張仲景遇上斯坦福》（十三）採用科學的精神 守住中醫的根本\" width=\"500\"></iframe></p>\n<p>這是這次節目系列的最後一集，十二月電視播出後，可能等一陣子後再討論如何進行下一個節目系列。這半年多來，節目製作小組很認真的討論與拍攝，前後的兩位主持人董薇與高潔 、攝影師Steven、化妝師兼攝影助理阿珍、幕後剪輯及圖案音樂製作等等，都非常幫忙，在此特別謝謝你們！</p>",
  "article_time": "2015年12月14日 14:22",
  "comments": [],
  "page": 49,
  "order": 10,
  "filename": "data\\page49\\page49_order9_b84f366e5f41584cfdc0fc143b688bdb.json"
}