{
  "article_url": "https://andylee.pro/wp/?p=3434",
  "title": "FM 96.1：吃中藥肝指數上升？選好中醫買對中藥是關鍵",
  "content": "<!--[if lt IE 9]><script>document.createElement('audio');</script><![endif]-->\n<audio class=\"wp-audio-shortcode\" controls=\"controls\" id=\"audio-3434-1\" preload=\"none\" style=\"width: 100%;\"><source src=\"https://andylee.pro/wp/wp-content/uploads/2016/03/drcase_20160119_508-543am_31m06s1_converted.mp3?_=1\" type=\"audio/mpeg\"/><a href=\"https://andylee.pro/wp/wp-content/uploads/2016/03/drcase_20160119_508-543am_31m06s1_converted.mp3\">https://andylee.pro/wp/wp-content/uploads/2016/03/drcase_20160119_508-543am_31m06s1_converted.mp3</a></audio>\n<p>節目一開始跟大家討論一個中醫面臨的問題，常常有人會問，您相信中醫嗎？但很少有人會問，您相信電機工程、物理學嗎？中醫已經是成立許久的學問，倘若今天時間推移至兩百年前，再問問華人，您相信中醫嗎？我想當時絕對不會有爭議的，其中五四運動後，中國認為國家衰弱，應該丟棄舊有的思維，崇尚西方的科技，因此中醫開始式微。另外中醫的考核制度較西醫簡單，也造成業界的背景參差不齊，我想這是中醫所面臨的考驗。</p>\n<p>近二十年，西醫對於癌症的看法改變許多，在２００７年的許多論文中就討論到，當癌細胞被攻擊時，會釋放訊號活化癌細胞，而西醫也逐漸轉向討論體內環境的改變，這與中醫的理論相當接近，當體內環境太＂寒　＂就會轉為陰實的症狀，也就是腫瘤現象的發生，相信西醫在癌症的研究上，有一天能與中醫理論接軌。</p>\n<p>案例一：宗先生，父親右手臂夜眠時抽痛，服用止痛藥後紓緩，有醫師說是頸椎問題，想請問李　醫師原因為何？</p>\n<p>目前看來只有夜晚發病，與頸椎關係不大，抽筋以及手腳抖動在年邁的長者常見，中醫認為是氣血以及肝血不足所造成，也由於肝主筋，抽筋疼痛也常見於老人家，止痛藥的使用只是中止神經的傳導，對於根本病因並無幫助，臨床由肝血著手應該就可以改善許多。</p>\n<p>案例二：羅女士，雙腳後跟晨起時痠痛，最近走路也較多，想請問李醫師是否有其他身體上的問題？</p>\n<p>後腳跟疼痛，首先會想到筋膜炎的問題，但是雙腳同時發炎的機率較小，因此會往內科的方向思考，主要是腎經的問題，在年齡增加腎臟逐漸虛弱的情況下，腳踝容易水腫，另一種足跟破皮痛，則為心陽不足無法下移造成，建議即早診斷治療。</p>\n<p>案例三：葉女士，女兒大學畢業，發現紅斑性狼瘡，水腫、脫髮，服用中藥一陣時間，西醫檢查肝指數高，想請問李醫師，中醫可以解決這類疾病嗎？吃中藥會造成肝指數升高嗎？</p>\n<p>診所看過不少紅斑性狼瘡的病患，中醫認為是心火無法下移，導致反逆現象，因此有關節炎、手腳腫脹，治療過程不單純，但成功案例不少。服用中藥造成的肝指數上升，主要來自於藥材處理過程，市面上百分之九十五來自中國的藥材，是經由硫磺蒸熏利於保存，甚至有些炮製中藥的方法，例如：膽巴炮附子，這些處理藥材的方式，在中國是被允許，但對身體有副作用，因此陽氣診所有自己的藥房，替病患把關優良的藥材，即使價格較一般市面中藥材昂貴，也別因此省了自己的健康，例如：黃耆，優劣的價格可差異數十倍，劣質的黃耆甚至是西藥廠萃取過後剩下的藥渣，再經過上色販賣，有毒成分勝過於有效成分。</p>\n<p><strong>（語音檔案由FM96.1電台提供，文章摘錄自語音檔案內容，部分文字略有異同，敬請見諒。）</strong></p>\n<div class=\"addtoany_share_save_container addtoany_content_bottom\">\n<div class=\"a2a_kit a2a_kit_size_32 addtoany_list a2a_target\" id=\"\"></div>\n</div>",
  "article_time": "2016年01月19日 16:22",
  "comments": [
    {
      "id": "426d6c2eca2c4297ac00fec6a4383896",
      "author": "身未动、心已远",
      "time": "2024年09月09日 18:10",
      "content": "<p>今天教师节！感恩您坚持传播中医文化，祝李老师节日快乐，万事顺遂。永远怀念倪师，愿正统中医文化越来越好，造福人类。</p>",
      "level": 0,
      "highlight": false,
      "children": [
        {
          "id": "04677fc43ee0d5ea2357d1688882e089",
          "author": "李宗恩",
          "time": "2024年09月19日 11:14",
          "content": "<p>謝謝你的祝福。</p>",
          "level": 1,
          "highlight": true,
          "children": []
        }
      ]
    }
  ],
  "page": 49,
  "order": 3,
  "filename": "data\\page49\\page49_order2_3b09f4ecf034405f9481b8f12a78e946.json"
}