{
  "article_url": "https://andylee.pro/wp/?p=13765",
  "title": "史丹佛大學中醫課程 客座教學",
  "content": "<p>應邀參加史丹佛大學中醫課程，解釋中藥概念（英文教學）。視頻檔案太大，無法上傳網頁，請由下面連結觀看。</p>\n<figure class=\"wp-block-image size-large\"><a href=\"https://andylee.pro/wp/wp-content/uploads/2025/04/Screenshot-2025-04-27-at-8.03.00 PM.png\"><img alt=\"\" class=\"wp-image-13767\" decoding=\"async\" fetchpriority=\"high\" height=\"584\" sizes=\"(max-width: 1024px) 100vw, 1024px\" src=\"https://andylee.pro/wp/wp-content/uploads/2025/04/Screenshot-2025-04-27-at-8.03.00 PM-1024x584.png\" srcset=\"https://andylee.pro/wp/wp-content/uploads/2025/04/Screenshot-2025-04-27-at-8.03.00 PM-1024x584.png 1024w, https://andylee.pro/wp/wp-content/uploads/2025/04/Screenshot-2025-04-27-at-8.03.00 PM-300x171.png 300w, https://andylee.pro/wp/wp-content/uploads/2025/04/Screenshot-2025-04-27-at-8.03.00 PM-768x438.png 768w, https://andylee.pro/wp/wp-content/uploads/2025/04/Screenshot-2025-04-27-at-8.03.00 PM.png 1392w\" width=\"1024\"/></a></figure>\n<p><a href=\"https://www.facebook.com/classicmedicine/videos/1742010936727513\">https://www.facebook.com/classicmedicine/videos/1742010936727513</a></p>\n<p><a href=\"https://drive.google.com/file/d/1QovzCBs0gBe89ojYmwaEtzetuMhUhIXA/view?usp=sharing\">https://drive.google.com/file/d/1QovzCBs0gBe89ojYmwaEtzetuMhUhIXA/view?usp=sharing</a></p>",
  "article_time": "2025年04月27日 17:05",
  "comments": [
    {
      "id": "a7f2053616c95c8b74ed00deee12223d",
      "author": "哈啰",
      "time": "2025年04月27日 21:47",
      "content": "<p>这次演讲是针对的是外国人吗，英语只能听懂一小部分</p>",
      "level": 0,
      "highlight": false,
      "children": [
        {
          "id": "fee1b5ee64d9f977f1c1c3ea338f6f1f",
          "author": "李宗恩",
          "time": "2025年04月28日 05:56",
          "content": "<p>史丹佛大學的正式課程，當然是用英文教學。</p>",
          "level": 1,
          "highlight": true,
          "children": []
        }
      ]
    },
    {
      "id": "fd27d1c83b4b6e254d3af26e9e81b0ff",
      "author": "出師未捷身先死",
      "time": "2025年04月28日 23:31",
      "content": "<p>李博士思維敏捷語速奇快，講課內容光聽一遍還無法完全理解，必須打開視頻底下字幕才能理解李博士所說的內容。</p>",
      "level": 0,
      "highlight": false,
      "children": []
    },
    {
      "id": "3801147bf51d7918ae39c5884c2f23fb",
      "author": "出師未捷身先死",
      "time": "2025年04月28日 23:35",
      "content": "<p>視頻的前半段李博士解說部分非常精彩，視頻的後半段華裔女教授講課部分非常無聊</p>",
      "level": 0,
      "highlight": false,
      "children": []
    },
    {
      "id": "85b0e3fe67f7e2714ab9405f3200d9cf",
      "author": "出師未捷身先死",
      "time": "2025年04月29日 12:25",
      "content": "<p>世風日下，人心不古。匹夫無罪，懷璧其罪。李博士本來想要在視頻當中講解有關經方治愈癌症案例，但是礙於加州民主黨左瘋政府、西藥廠和美國Fda的強大壓力，為了避免官司纏身行醫執照被吊銷，欲言又止。在這個世道講真話也會被以莫須有的罪名來定罪，天理何在！</p>",
      "level": 0,
      "highlight": false,
      "children": []
    },
    {
      "id": "b05643b37c5d38a9630d58588ad329f0",
      "author": "出師未捷身先死",
      "time": "2025年04月29日 02:51",
      "content": "<p>倪海廈倪師曾在佛州做官三年，專門審核中醫執照的簽發。但是以倪師心直口快疾惡如仇仗義執言的性格他很難不得罪西藥厰，這很可能就是他不願意做官的原因之一。倪師的目的是傳承經方拯救蒼生，而不是爲了名利與那些政客蛇鼠一窩沆瀣一氣同流合污。從李博士的謹言慎行可以看出李博士很可能也被西藥厰警告威脅不能在公開演講當中提到治愈癌症一詞，因爲只有西醫的手術放療化療靶向療法才能治愈癌症，如果經方派中醫敢提治愈一詞，那就是擋了西醫和西藥厰的財路</p>",
      "level": 0,
      "highlight": false,
      "children": []
    },
    {
      "id": "b8bc9cdc1321d692d016d22804752000",
      "author": "出師未捷身先死",
      "time": "2025年04月29日 03:15",
      "content": "<p>“Once people feel empowered and protected legally, you are going to have schools, universities and colleges are going to say, ‘You want to come to this college buddy, you’re going to get vaccinated, lady, you’re going to get vaccinated,’” Fauci said during an interview. “Big corporations like Amazon and Facebook, and all those others, are going to say ‘You want to work for us, get vaccinated,’ and it’s proven that when you make it difficult for people in their lives, they lose their ideological bullshit and they get vaccinated.”<br/>\n福奇在接受採訪時說：「一旦人們感到被賦予了權力和受到法律保護，你就會讓學校、大學和學院說，『你想來這個大學，夥伴，你要接種疫苗，你要接種疫苗，』“。“像亞馬遜和 Facebook 這樣的大公司，以及所有其他公司，都會說’你想為我們工作，接種疫苗’，事實證明，當你讓人們在生活中遇到困難時，他們就會失去意識形態上的胡說八道，他們會接種疫苗。”</p>",
      "level": 0,
      "highlight": false,
      "children": []
    },
    {
      "id": "8eb07c33b18c2c0be1d0e5efb21149c6",
      "author": "出師未捷身先死",
      "time": "2025年04月29日 03:24",
      "content": "<p>防民之口甚於防川。西藥厰爲了逼迫人們就範乖乖聽話按時接種疫苗并且接種疫苗后出現癌症時乖乖到西醫進行手術放療化療靶向療法治療，嚴格禁止西醫執業醫師發表所謂替代療法言論，凡是有敢於發聲的良心醫生，一律以吊銷行醫執照來威脅。</p>",
      "level": 0,
      "highlight": false,
      "children": []
    },
    {
      "id": "145c89775b9898162f13529c258ae37f",
      "author": "出師未捷身先死",
      "time": "2025年04月29日 06:19",
      "content": "<p>倪海廈Hai-Sha Ni, 持證針灸醫師Licensed Acupuncturist， 曾擔任Vice Chairman of The Florida Board Of Acupuncture–Florida Department of Health。在共和黨主政下的紅州佛羅里達，倪海廈獲得了嶄露頭角的機會，但是倪師不忘初心，不願看到經方失傳，毅然決然開始了經方的傳承工作。<br/>\n<a href=\"https://www.hantang.com/english/en_Articles/Frank.htm\" rel=\"nofollow ugc\">https://www.hantang.com/english/en_Articles/Frank.htm</a></p>",
      "level": 0,
      "highlight": false,
      "children": []
    },
    {
      "id": "97a0008dde7085ed83672172cb51b88c",
      "author": "出師未捷身先死",
      "time": "2025年04月29日 06:41",
      "content": "<p>堂堂的斯坦福大學教授也稱倪海廈為Legendary Master, 而不是左瘋媒體口中所謂的controversial anti-vaxxer , dangerous anti-science conspiracy theorist。倪海廈作為承前啟後的一代宗師，不應因為左瘋的口誅筆伐而變成了所謂有爭議性的人物</p>",
      "level": 0,
      "highlight": false,
      "children": []
    },
    {
      "id": "1dc199471cbeb5181a2395ecf81c1734",
      "author": "出師未捷身先死",
      "time": "2025年04月29日 22:28",
      "content": "<p>印度裔女生詢問李博士陰陽五行相生相剋理論時，李博士解釋說腎水能夠控制心火，但是心火被過度削弱后，肺金不受心火控制的結果就是導致腎水受到肺金的壓制。李博士在講解的時候語速太快這裏面的邏輯一直沒有捋清楚，完全跟不上李博士的節奏。麻煩李博士用淺顯的中文解釋一下</p>",
      "level": 0,
      "highlight": false,
      "children": [
        {
          "id": "e3e627e09f242b4f7ccf4fec3c4b127e",
          "author": "李宗恩",
          "time": "2025年05月04日 07:52",
          "content": "<p>五行彼此受影響，好比下棋，不要只想一步，得想接下來的五六步。</p>",
          "level": 1,
          "highlight": true,
          "children": []
        },
        {
          "id": "7a28c9ffaf93983ce69fd11e3a29c820",
          "author": "蓝羽",
          "time": "2025年09月22日 19:13",
          "content": "<p>火克金，火弱则金强，，金生水，母能令子虚，所以水收到了肺金的压制。  非专业个人见解。</p>",
          "level": 1,
          "highlight": false,
          "children": []
        }
      ]
    },
    {
      "id": "3272d0524e84c36b8734049e95184905",
      "author": "出師未捷身先死",
      "time": "2025年04月30日 18:48",
      "content": "<p>新冠大流行期間美國西醫醫院成了人間煉獄，大量美國民眾慘死在呼吸機和瑞德西韋Remdesvir的治療之下，很多美國民眾寧願在家中服用驅蟲藥Ivermectin，也堅決不去醫院去送死。美國著名自媒體人Joe Rogen在2021年感染新冠之後，設法取得驅蟲藥Ivermectin,服用之後轉危為安。但是他的這一個人行為卻被左瘋媒體民主黨之喉舌CNN用篡改的濾鏡畫面進行歪曲報導，恨不得他早死。Joe Rogen因為他的反疫苗言論遭到西藥廠的嫉恨，但是西藥廠所把持的左瘋媒體的報導反而喚醒了美國民眾對於西醫權威的盲目崇拜，他們開始嘗試繞過西醫醫院這種單一的治療方式，嘗試Ivermectin這種替代療法。可想而知普通民眾的這種做法必然遭到醫院的百般阻撓，因為採用Ivermectin治療，醫院的收入就會受到影響。對於敢於向病人開處方藥Ivermectin的診所，喪心病狂的西醫醫院就對其進行迫害，輕則吊銷行醫執照，重則對其發起莫須有的訴訟讓其傾家蕩產身敗名裂</p>",
      "level": 0,
      "highlight": false,
      "children": []
    },
    {
      "id": "54c6edbac2b8fc54529c88de156a3e28",
      "author": "出師未捷身先死",
      "time": "2025年04月30日 18:55",
      "content": "<p>Orthogonal這個詞頻繁在視頻當中出現，這個詞怎麼解釋，難道是正交的意思？</p>",
      "level": 0,
      "highlight": false,
      "children": [
        {
          "id": "b1f8b075815b6ce11049c70f0c7b3f42",
          "author": "一壶酒",
          "time": "2025年05月04日 07:29",
          "content": "<p>李博士以前的多个教学中反复提到了正交这个词。呵呵</p>",
          "level": 1,
          "highlight": false,
          "children": []
        },
        {
          "id": "37eda12b0cb1943504ca44b148977c35",
          "author": "李宗恩",
          "time": "2025年05月04日 07:55",
          "content": "<p>不同軸，彼此並非直角，在一個軸上移動，會導致在另一個軸上也改變。</p>",
          "level": 1,
          "highlight": true,
          "children": []
        }
      ]
    },
    {
      "id": "d6cc3cc1b0fee701e5cf4e0e0999c316",
      "author": "出師未捷身先死",
      "time": "2025年05月01日 04:21",
      "content": "<p>月圓之時本是家人團聚之日，但是喪盡天良的西醫醫院在新冠病人被折磨得奄奄一息半生半死之際，仍就百般阻撓新冠病人的家屬進入病房讓病人服用Ivermectin. 病人家屬必須讓律師向法院申請緊急授權，但是泯滅良知的西醫醫院卻背地裡偷偷上訴暫停緊急授權，導致拿著法院緊急授權文件的病人無功而返。而事後西醫醫院竟然濫用司法要懲罰敢於開處方藥Ivermectin的醫生。對於西醫醫院來說患者妻離子散家破人亡和他們毫無關係，他們是正統醫學，敢於挑戰正統醫學的醫生都是異端邪說，在他們看來就是眼中釘肉中刺，必須除之以後快</p>",
      "level": 0,
      "highlight": false,
      "children": [
        {
          "id": "86bec9ef22e02a1744dfe01d143132a9",
          "author": "哈啰",
          "time": "2025年05月06日 02:54",
          "content": "<p>老哥，你这发言也太疯狂了吧，你这些东西留一次两次言就行了，你这长篇大论发的全是在攻击别人的文章，真的假的谁知道，不如多提几个有价值的问题专注在学术上。李医生这个网站的初衷是交流中医，你没看你发的这些东西李医生不回复你吗</p>",
          "level": 1,
          "highlight": false,
          "children": [
            {
              "id": "cf567d1803f8fa340d2f436e510c3449",
              "author": "出師未捷身先死",
              "time": "2025年05月06日 20:49",
              "content": "<p>良藥苦口利於病忠言逆耳利於行。發這些留言的目的是說明美國雖然是大型西醫醫院和西藥廠呼風喚雨一手遮天，但是還是有很多有良知的西醫學者不願意與西藥廠控制的西醫同流合污，敢於揭露西藥廠對美國人民犯下的累累罪行。</p>",
              "level": 2,
              "highlight": false,
              "children": []
            },
            {
              "id": "783f61ace129d3cd9fdbfd94a9f404fe",
              "author": "出師未捷身先死",
              "time": "2025年05月06日 21:11",
              "content": "<p>如果李博士的粉絲數量像Elon Musk那樣達到兩億，每條發帖的回复都是成千上萬，那麼李博士沒有時間和精力查看每條留言也就根本不可能對每條留言都進行回复。這個網站的初衷不僅僅是交流醫術，醫道和醫德也是需要討論的內容。如果一個醫生醫術高明但醫德敗壞，連做人的原則都沒有，那他也是一個庸醫</p>",
              "level": 2,
              "highlight": false,
              "children": [
                {
                  "id": "831a968c0aa91f0644d5faa8f55bcfce",
                  "author": "哈啰",
                  "time": "2025年05月07日 01:24",
                  "content": "<p>大家看过倪老师视频的都知道有这个现象存在，所有行业都是一个样没有白莲花，但没必要在这里抨击，我记得李医生回复过你，说你太偏激。你看李医生有没有专门写文章攻击别人？李医生所有的文章基本都是谈论知识这一块。而且你看到的可能是半真半假的新闻，媒体也会添油加醋带节奏，除非你是内部人士才能了解全貌，否则说出的话太主观。</p>",
                  "level": 3,
                  "highlight": false,
                  "children": []
                }
              ]
            },
            {
              "id": "c4d8875713362cb4f1c65463b5dc84d4",
              "author": "出師未捷身先死",
              "time": "2025年05月07日 05:10",
              "content": "<p>這是新冠大流行期間發生在美國德州的真人真事，根本就不是子虛烏有憑空捏造。</p>\n<p>Jason Jones served his community as police officer and Sheriff’s deputy for 29 years. He contracted COVID while serving and after failing to find a doctor who would prescribe him ivermectin, ended up at Texas Huguley hospital.  He spent over six months in the hospital but after losing half his body weight, never made a full recovery and passed away on April 11, 2023.<br/>\n傑森·鐘斯 （Jason Jones） 擔任員警和治安官副手為他的社區服務了 29 年。他在服役期間感染了 COVID，在找不到可以為他開伊維菌素的醫生后，最終被送到了德克薩斯州 Huguley 醫院。 他在醫院住了六個多月，但在減掉了一半的體重后，從未完全康復，並於 2023 年 4 月 11 日去世。<br/>\n<a href=\"https://www.givesendgo.com/JasonJones\" rel=\"nofollow ugc\">https://www.givesendgo.com/JasonJones</a></p>",
              "level": 2,
              "highlight": false,
              "children": []
            },
            {
              "id": "86e7815f308448d8da69b96866495a8c",
              "author": "出師未捷身先死",
              "time": "2025年05月07日 05:51",
              "content": "<p>Dr. Bowden was sought out by the patient’s wife, who was pursuing alternative treatment for her husband. With the assistance of attorneys, Dr. Bowden established a doctor-patient relationship with the man and received a court order allowing her to administer the medication via a surrogate, a nurse who lived in the Fort Worth area, as Bowden practices in Houston.   </p>\n<p>However, amid the back-and-forth of legal proceedings, Huguley Hospital asked Dr. Bowden to jump through several bureaucratic hoops to receive temporary emergency privileges with the hospital.<br/>\n病人的妻子尋求鮑登醫生的幫助，她正在為丈夫尋找替代療法。在律師的協助下，鮑登醫生與這名男子建立了醫患關係，並獲得法院命令，允許她通過一名住在沃斯堡地區的護士作為代理人來施用藥物，因為鮑登在休斯頓執業。然而，在法律程序的反覆過程中，哈古利醫院要求鮑登醫生經過幾個繁瑣的官僚程序，以獲得臨時緊急特權。<br/>\n<a href=\"https://texasscorecard.com/state/dr-mary-talley-bowdens-social-media-use-under-scrutiny-in-hearing/\" rel=\"nofollow ugc\">https://texasscorecard.com/state/dr-mary-talley-bowdens-social-media-use-under-scrutiny-in-hearing/</a></p>",
              "level": 2,
              "highlight": false,
              "children": []
            },
            {
              "id": "377147da8e7cddc8598ea623695a8e1f",
              "author": "出師未捷身先死",
              "time": "2025年05月07日 05:56",
              "content": "<p>With the requested paperwork submitted and a court order in hand, Dr. Bowden and her attorneys believed the hospital’s fight against administering ivermectin had been thwarted. </p>\n<p>Nevertheless, when the nurse arrived at the hospital to administer ivermectin to the patient, the hospital denied her the ability to do so. An argument broke out between Huguley staff, the patient’s wife, and the attorneys.<br/>\n在提交了所要求的全部文件並拿到了法院命令后，鮑登博士和她的律師認為醫院反對使用伊維菌素的鬥爭已經受挫。</p>\n<p>然而，當護士到達醫院為患者服用伊維菌素時，醫院拒絕了她這樣做的能力。Huguley 工作人員、患者的妻子和律師之間爆發了爭吵。</p>",
              "level": 2,
              "highlight": false,
              "children": []
            }
          ]
        }
      ]
    },
    {
      "id": "b5ef8d44ff4ec9060db92fe082bf8b3d",
      "author": "出師未捷身先死",
      "time": "2025年05月01日 04:42",
      "content": "<p>The Texas Medical Board is threatening to revoke Dr. Mary Talley Bowden’s license after receiving complaints that she refused to follow government-mandated treatment protocols during the 2020 COVID-19 pandemic.</p>\n<p>In June 2023, the Texas Medical Board filed a complaint against Dr. Bowden, alleging unprofessional conduct and violations of the standard of care.<br/>\n德克薩斯州醫學委員會威脅要吊銷Mary Talley Bowden博士的執照，因為她收到了投訴，稱她在2020年COVID-19大流行期間拒絕遵守政府規定的治療方案。</p>\n<p>2023年6月，德克薩斯州醫學委員會對Bowden博士提出投訴，指控其行為不專業和違反護理標準。<br/>\n<a href=\"https://texasscorecard.com/state/dr-mary-talley-bowden-v-texas-medical-board-showdown/\" rel=\"nofollow ugc\">https://texasscorecard.com/state/dr-mary-talley-bowden-v-texas-medical-board-showdown/</a></p>",
      "level": 0,
      "highlight": false,
      "children": []
    },
    {
      "id": "43d4213c560da2947d753394a2484861",
      "author": "出師未捷身先死",
      "time": "2025年05月01日 04:46",
      "content": "<p>Dr. Bowden, an outspoken critic of COVID-19 policies and treatment, views the medical board’s actions against her as retaliatory and an attempt to silence her views.</p>\n<p>Early in the pandemic, Bowden found success administering monoclonal antibodies, but when the government took over distribution, access to this treatment dried up. That’s when Bowden turned to ivermectin and found success.<br/>\n鮑登博士直言不諱地批評 COVID-19 政策和治療，她認為醫療委員會對她的行為是報復性的，並試圖壓制她的觀點。</p>\n<p>在大流行初期，Bowden 發現單克隆抗體給葯取得了成功，但當政府接管分銷時，獲得這種治療的機會就枯竭了。就在那時，鮑登轉向伊維菌素並取得了成功。</p>",
      "level": 0,
      "highlight": false,
      "children": []
    },
    {
      "id": "6a5751e33462c59bde3a78d6f07cfbe5",
      "author": "出師未捷身先死",
      "time": "2025年05月01日 04:49",
      "content": "<p>Complaints against Bowden originated from Houston Methodist Hospital and Texas Health Huguley Hospital in Fort Worth.</p>\n<p>In the Huguley case, the hospital alleges that Bowden prescribed the Ivermectin to a dying police officer without correct privileges. This claim was rejected by Bowden, who recommended the treatment to the officer’s family as an alternative as other treatments were failing.<br/>\n對鮑登的投訴來自休斯頓衛理公會醫院和沃思堡的德克薩斯健康 Huguley 醫院。</p>\n<p>在 Huguley 案中，醫院聲稱 Bowden 在沒有正確特權的情況下向一名垂死的警官開了伊維菌素。鮑登拒絕了這一說法，他向警官的家人推薦了這種治療方法作為替代方案，因為其他治療方法都失敗了。</p>",
      "level": 0,
      "highlight": false,
      "children": []
    },
    {
      "id": "5e734a560503da61de42cded692b56c8",
      "author": "出師未捷身先死",
      "time": "2025年05月01日 05:12",
      "content": "<p>The dying officer was in a medically induced coma when his wife secretly administered ivermectin after authorities were called on a nurse attempting to administer the treatment. The officer survived.</p>\n<p>Bowden has been a vocal critic of the state and federal government’s overbearing approach to treating COVID-19 with an experimental vaccine that failed to prevent transmission of the virus as promised and had harmful effects on some recipients.<br/>\n這名垂死的警官當時他處於醫學誘導的昏迷狀態,在當局接到一名試圖進行治療的護士的電話後，他的妻子秘密進行了伊維菌素給藥。這名警官活了下來。</p>\n<p>鮑登一直直言不諱地批評州和聯邦政府用實驗性疫苗治療 COVID-19 的霸道做法，該疫苗未能如承諾的那樣防止病毒傳播，並對一些接受者產生了有害影響。</p>",
      "level": 0,
      "highlight": false,
      "children": []
    },
    {
      "id": "49c3a17d6ffefe96e84500179a0a9efa",
      "author": "出師未捷身先死",
      "time": "2025年05月01日 05:15",
      "content": "<p>Additionally, Bowden points to overwhelming data that the spike proteins in the COVID-19 vaccines are causing four major domains of disease: cardiovascular, neurological, blood clots, and immunological abnormalities. </p>\n<p>Despite her unblemished treatment record of treating 6,000 COVID patients with zero deaths, she’s been the target of both the Texas Medical Board and the U.S. Food and Drug Administration. These fights have been costly to Bowden.<br/>\n此外，Bowden 指出，壓倒性的數據表明，COVID-19 疫苗中的刺突蛋白會導致四個主要領域的疾病：心血管、神經、血栓和免疫異常。</p>\n<p>儘管她治療了 6,000 名 COVID 患者，死亡率為零，但她一直是德克薩斯州醫學委員會和美國食品和藥物管理局的目標。這些鬥爭對鮑登來說代價高昂。</p>",
      "level": 0,
      "highlight": false,
      "children": []
    },
    {
      "id": "4e39d030a07865bb0e7e3da6f1cd6244",
      "author": "出師未捷身先死",
      "time": "2025年05月01日 05:28",
      "content": "<p>In a post on X, Dr. Bowden revealed the financial toll of defending herself: “I have now exceeded the $100,000 claims limit coverage in defending myself against the Texas Medical Board. And taxpayers, you might want to ask the TMB how much of your money they’ve spent going after me.”</p>\n<p>According to the Texas Medical Board, their costs total just $17,593.20.</p>\n<p>The disparity in expenditures is a helpful reminder that when the state is weaponized against citizens, it has unlimited resources, and the process is often the punishment.</p>\n<p>Bowden reportedly turned down an offer to settle, stating that the Texas Medical Board offered a settlement that included an admittance of guilt, a $5,000 fine, eight hours of Continuing Medical Education, and a jurisprudence exam.<br/>\n在 X 上的一篇文章中，鮑登博士透露了為自己辯護的經濟損失：「我現在已經超過了 100,000 美元的索賠限額，無法對抗德克薩斯州醫學委員會。納稅人們，你可能想問問TMB他們花了多少錢來追捕我。</p>\n<p>根據德克薩斯州醫學委員會的數據，他們的費用總額僅為 17,593.20 美元。</p>\n<p>支出的差異是一個有益的提醒，當國家被武器化以對抗公民時，它擁有無限的資源，而這個過程往往是懲罰。</p>\n<p>據報導，鮑登拒絕了和解提議，稱德克薩斯州醫學委員會提出了和解，其中包括認罪、5,000 美元的罰款、八小時的繼續醫學教育和法學考試。</p>",
      "level": 0,
      "highlight": false,
      "children": []
    },
    {
      "id": "b083b2b125178f5e9a8cc446f55b616c",
      "author": "一壶酒",
      "time": "2025年05月04日 18:16",
      "content": "<p>2023年4月20号李博士发表了篇博客——史丹佛医学院师生访问诊所<br/>\n<a href=\"https://andylee.pro/wp/?p=12346\" rel=\"ugc\">https://andylee.pro/wp/?p=12346</a><br/>\n文中说4月份斯坦福医学院的师生访问诊所，一位坐在李博士右手边，绿植旁的女士，看着好像是这次斯坦福医学院中医正式课的连线的ring教授。</p>",
      "level": 0,
      "highlight": false,
      "children": [
        {
          "id": "c034e760ff684062345f7e2f51fb2ad5",
          "author": "李宗恩",
          "time": "2025年05月08日 20:07",
          "content": "<p>是的</p>",
          "level": 1,
          "highlight": true,
          "children": []
        }
      ]
    }
  ],
  "timestamp": 1759068256.9598005,
  "page": 2,
  "order": 10,
  "filename": "data\\page2\\page2_order10_a059bcf5f5317fc81400a4031c162f70.json"
}