{
  "article_url": "https://andylee.pro/wp/?p=13818",
  "title": "太安私塾限定閉門課",
  "content": "<p>這次應邀前往印尼參加聯合國契約組織舉辦的高峰會，正安集團董事長梁冬希望我能借此機緣，給太安私塾的學生們上一門專屬課程。本來我只計劃進行兩個小時的問答對話，然而，太安私塾的學生們，許多是成功的企業家，專門飛到印尼雅加達來上課，太安私塾希望讓學生們有多一些的收獲，因此，我答應討論太安私塾同仁們幫忙列出的幾項內容。我不確定課程是否對外開放，有興趣的讀者，可以直接詢問正安集團的太安私塾。</p>\n<p>據了解，聯合國高峰會也將在雅加達的香格里拉酒店舉辦，因為印尼國家級領導人將參與大會，現場的安全工作會倍加嚴密，參加課程的學生，得注意交通管制及安檢時間的耽誤。</p>\n<figure class=\"wp-block-image size-large\"><a href=\"https://andylee.pro/wp/wp-content/uploads/2025/05/mmexport1747155928052.png\"><img alt=\"\" class=\"wp-image-13826\" decoding=\"async\" fetchpriority=\"high\" height=\"1024\" sizes=\"(max-width: 328px) 100vw, 328px\" src=\"https://andylee.pro/wp/wp-content/uploads/2025/05/mmexport1747155928052-328x1024.png\" srcset=\"https://andylee.pro/wp/wp-content/uploads/2025/05/mmexport1747155928052-328x1024.png 328w, https://andylee.pro/wp/wp-content/uploads/2025/05/mmexport1747155928052-96x300.png 96w, https://andylee.pro/wp/wp-content/uploads/2025/05/mmexport1747155928052-768x2400.png 768w, https://andylee.pro/wp/wp-content/uploads/2025/05/mmexport1747155928052-492x1536.png 492w, https://andylee.pro/wp/wp-content/uploads/2025/05/mmexport1747155928052.png 800w\" width=\"328\"/></a></figure>",
  "article_time": "2025年05月12日 10:55",
  "comments": [
    {
      "id": "6a8d7e2ddfb71235134b48996244cb7d",
      "author": "古中医学者",
      "time": "2025年05月12日 19:46",
      "content": "<p>正统中医理论现代化言语解析，老师也层说过“中医现代化”，不是改变中医成为现代化，几千年经过无数的验证已经是真理，而是用现代化语言解析让平人更能接慧，李医师的公众影响力慧及高位人事，希望能扭转乾坤，惠及到民众，实现老师夙愿，东邪打败西毒，哈哈，其实我知道到目前还没看到光！奈何呢！<br/>\n“我心中有个梦，千年的传承 ，无法摆脱的禁锢…………. ”</p>",
      "level": 0,
      "highlight": false,
      "children": []
    },
    {
      "id": "7a321bc1c305f4821854f7c782c0ef5a",
      "author": "dhshdhjs",
      "time": "2025年05月13日 03:06",
      "content": "<p>老师，糖尿病血糖高，或低。时的头晕中医如何看待呢？<br/>\n是否是气血虚呢？</p>",
      "level": 0,
      "highlight": false,
      "children": [
        {
          "id": "a53ef7dd537fac6031787cfac63883e1",
          "author": "李宗恩",
          "time": "2025年05月13日 11:05",
          "content": "<p>中醫不是以單一症狀來診斷，你幾次提問，都停留在症狀連連看，你應該先好好研讀中醫基礎，再來問問題。</p>",
          "level": 1,
          "highlight": true,
          "children": [
            {
              "id": "dbaecc3de32cf222fff2f64bc0fd8d6a",
              "author": "dhshdhjs",
              "time": "2025年05月14日 12:46",
              "content": "<p>老师你误会我了，当然，这也怪我没有把情况描述清楚，实在抱歉！<br/>\n我原本的意思是；有些糖尿病的患者头晕晕倒的危急情况是<br/>\n否与中医的气血虚可以对标，因为脾虚运送不好糖给大脑长此以往造成的情况？<br/>\n还是咋们中医的【真武汤】症相挂钩？因为西医认为是酮体中毒。是否与肾阳虚而没有解掉水中的毒造成头晕？</p>",
              "level": 2,
              "highlight": false,
              "children": [
                {
                  "id": "1d8e51356600288923d8f41d8dc6516d",
                  "author": "杨旺井",
                  "time": "2025年05月16日 20:38",
                  "content": "<p>先把有关头晕的篇章读通</p>",
                  "level": 3,
                  "highlight": false,
                  "children": []
                },
                {
                  "id": "eb0694ea34419a40ba5a75d2d24c4177",
                  "author": "BaKerhand",
                  "time": "2025年09月11日 20:57",
                  "content": "<p>你这队标不还是连连看吗</p>",
                  "level": 3,
                  "highlight": false,
                  "children": []
                }
              ]
            }
          ]
        }
      ]
    },
    {
      "id": "070c2b2a1c7483df758fd182e4be11ce",
      "author": "一壶酒",
      "time": "2025年05月13日 03:18",
      "content": "<p>再来一遍（微笑）<br/>\n李博士了得！了不得！不得了！李博士这是三语教学——现代语，文言文，计算机语言。<br/>\n能够和国际对话、国际接轨的中医界巨擘！</p>",
      "level": 0,
      "highlight": false,
      "children": [
        {
          "id": "b3423b28c65670185a41e363a646ec1d",
          "author": "一壶酒",
          "time": "2025年05月13日 14:40",
          "content": "<p>这次教学堪称医林绝学啊，时长不少于七个小时，加上李博士的语速和一贯干货满满的风格，巨大的宝藏！</p>",
          "level": 1,
          "highlight": false,
          "children": [
            {
              "id": "35000616fb89c6821966b6dea5f00dd9",
              "author": "黄子聪",
              "time": "2025年09月01日 21:48",
              "content": "<p>兄弟，请你在那里能看得到？</p>",
              "level": 2,
              "highlight": false,
              "children": []
            }
          ]
        }
      ]
    },
    {
      "id": "f5451be8a922c044a103369b60371663",
      "author": "水",
      "time": "2025年05月15日 06:25",
      "content": "<p>一个月前朋友生病，打电话说问我中医有没有办法，我心想实验不做白不做，难得可以做。并且仗着自己有几次喝中药治愈感冒的经验，自信过剩了，所以就动手了。<br/>\n第一天晚上：<br/>\n无汗，喉咙痒，喉咙痛，薄白痰，喷嚏，白鼻涕<br/>\n舌苔白<br/>\n辩证：肺寒<br/>\n开方小青龙半夏厚朴汤加减</p>\n<p>第二天（出汗，故没有服药）<br/>\n见汗出，我猜测ta可能快自愈了。所以我也不打算发表了，就打算改用桂枝汤推一把。<br/>\n方如下：<br/>\n葛根 ，桂枝 ，白芍 ，生姜 ，大枣 ，炙甘草 ，厚朴 ，半夏 ，苏叶 ，茯苓 ，苍术 ，菖蒲 </p>\n<p>第三天<br/>\n中午喝完不见汗，还严重了，有两声咳嗽，鼻塞。吓得我一嘚嗦，具体情况我也不敢细问了。</p>\n<p>今天见面，朋友告诉我ta后来晚上吃了西药，晚上微微出汗，过了三天就好了，我这才敢详细问起。</p>\n<p>问题：<br/>\n1.请问第二天李医生会如何处理？可以顺便讲讲思路吗？<br/>\n2.第三天不见汗是为什么？虽然ta晚上出了汗，但我不觉得是中药的原因。</p>\n<p>本人学艺不精，还请李医生多多指点！</p>",
      "level": 0,
      "highlight": false,
      "children": [
        {
          "id": "1b5f8aab953478e99118315217b03de4",
          "author": "R",
          "time": "2025年05月18日 07:52",
          "content": "<p>我猜测第三天不出汗可能有很多原因，比如津液不足，寒邪太深、或者有下利等等。不知你当时是否仔细检查病人的身体状况，是否有口干或者怕冷严重等情况。如果其他状况都没有的话，那可能是药力不够，虽然出汗了但还要持续吃药直到相应的症状消失才可停药。</p>",
          "level": 1,
          "highlight": false,
          "children": [
            {
              "id": "7b8d9d964e8bff8f2b76722948f266d6",
              "author": "水",
              "time": "2025年05月18日 12:43",
              "content": "<p>感谢指点。当时问了朋友没有口干舌燥，没有恶寒怕冷，并且那两天大便也还算正常的。</p>",
              "level": 2,
              "highlight": false,
              "children": []
            }
          ]
        },
        {
          "id": "569770b1616697177ae467e21a6a0b1e",
          "author": "单单",
          "time": "2025年05月18日 19:32",
          "content": "<p>这种情况，第一天基本会头痛无力身体发酸，当然也有白色清鼻涕，我就用葛根汤，发汗解肌，第二天第三天还有流鼻涕偶尔咳嗽，我就用小青龙汤基本结束。我家老人第一天整个肩颈头都被束了，吃了三碗葛根汤好了。倪海厦医生讲感冒讲得很清楚，当然考虑因素也比较多，基本感冒按照他的讲课我们连连看就非常有效了，比普通中医生开的处方厉害太多了。</p>",
          "level": 1,
          "highlight": false,
          "children": [
            {
              "id": "84e36f0da343d056b0f239ec26426261",
              "author": "水",
              "time": "2025年05月19日 05:10",
              "content": "<p>感谢，受教了。我平时感冒一般也是用葛根汤，通常一剂就解掉了。有时候来不及，演变成咳嗽打喷嚏就用小青龙也是立马见效。并且小青龙治疗寒性鼻炎真的有奇效。</p>",
              "level": 2,
              "highlight": false,
              "children": []
            }
          ]
        },
        {
          "id": "355dbf43f02231cedc0883445b5846b0",
          "author": "李宗恩",
          "time": "2025年05月21日 21:05",
          "content": "<p>我不在網上針對個案一一討論。如果你需要每天換一次藥方，那代表你沒有真的了解病情。</p>",
          "level": 1,
          "highlight": true,
          "children": [
            {
              "id": "51903bc6d7ca4bd58b364920144da76e",
              "author": "水",
              "time": "2025年05月21日 21:51",
              "content": "<p>感谢李医生指点，我会回头重新梳理整段过程，好好反省哪里没看清楚。</p>",
              "level": 2,
              "highlight": false,
              "children": []
            }
          ]
        }
      ]
    },
    {
      "id": "4c32a03789af2f720cb8e0030e92d7b9",
      "author": "杨旺井",
      "time": "2025年05月15日 23:37",
      "content": "<p>李医生您好，内经云：女子二七 14 天癸至，说的是虚岁还是周岁</p>",
      "level": 0,
      "highlight": false,
      "children": [
        {
          "id": "97ed0e6ae3aa2e7fb743ac54e948fe64",
          "author": "李宗恩",
          "time": "2025年05月21日 21:05",
          "content": "<p>虛歲</p>",
          "level": 1,
          "highlight": true,
          "children": [
            {
              "id": "7637a4974be4ae43888f772c67be5dae",
              "author": "杨旺井",
              "time": "2025年05月30日 20:38",
              "content": "<p>感谢</p>",
              "level": 2,
              "highlight": false,
              "children": []
            }
          ]
        }
      ]
    },
    {
      "id": "3ee5b973cc83c87bb374d400869a11be",
      "author": "半夏与忍冬",
      "time": "2025年05月16日 02:01",
      "content": "<p>课程名字听着就觉得应该会很有意思。不知道有没有人跟我一样，先是看刘力红老师的《思考中医》，然后听梁冬的国学堂-重新发现中医太美-黄帝内经爱上中医，再一步一步走近倪师，再到李博士这，没想到他们之间因为中医，也紧密联系着。2025年太安私塾报名链接中显示费用20万元，一方面觉得咱们中医可以给这些企业家中传播下挺好的，另一方面感觉，这么贵的费用，课程开放的可能性不大了。</p>",
      "level": 0,
      "highlight": false,
      "children": []
    },
    {
      "id": "72cc117ab8c0f0740bc7fd00aab35e42",
      "author": "吴茱萸",
      "time": "2025年05月16日 02:07",
      "content": "<p>李博士，你好，我这这天把你博客的内容都看了一篇。87页，走马观花吧！让我对中医产生了新的看法，俗话说，不吃药得中医。医生对病人的帮助其实不大。关键时刻还得靠祝由，靠上帝。黄帝内经说上古之人得病，祝由而已。很多人得病也是靠身体硬扛，靠上帝打救！</p>",
      "level": 0,
      "highlight": false,
      "children": [
        {
          "id": "8b124b131374a8c9e787dc2162e6f08d",
          "author": "李宗恩",
          "time": "2025年05月21日 21:10",
          "content": "<p>醫生對病人幫助不大？靠上帝、靠祝由？那你可能不適合學習科學，而如果你在幾天之內念完87頁的文章，就認為有所理解，那你可能學習能力有些問題。</p>",
          "level": 1,
          "highlight": true,
          "children": [
            {
              "id": "4b09d0c870cfee4c078615ca373ca9c8",
              "author": "吴茱萸",
              "time": "2025年05月22日 01:48",
              "content": "<p>谢谢李师提点，我应该多学习，少发言。我会继续学习，继续感受中医之美。再次感谢！谢谢！谢谢！</p>",
              "level": 2,
              "highlight": false,
              "children": []
            },
            {
              "id": "e7a45e634b39cc42a63787bd1319b1ae",
              "author": "杨旺井",
              "time": "2025年05月30日 20:45",
              "content": "<p>此人思而不学，黄帝都说了上古之人祝由而已，而且还有说中古下古，及为什么现在的人要吃药，怎么会断章取义到这种地步</p>",
              "level": 2,
              "highlight": false,
              "children": []
            }
          ]
        }
      ]
    },
    {
      "id": "039778177558edfd624c1f29ea2c503a",
      "author": "崔伟",
      "time": "2025年05月16日 06:35",
      "content": "<p>梁先生对话倪师后再次对话李师，对倪门是一件大幸事。李师博学又诲人不倦，让明知此生无法企及李师境界的我，也愿笃行不怠的去追赶，但求为苍生之一二解决苦痛亦足矣。谨求李师教学辛苦，保重贵体！</p>",
      "level": 0,
      "highlight": false,
      "children": [
        {
          "id": "ee9700555cdc1e594412372f4499854d",
          "author": "李宗恩",
          "time": "2025年05月21日 21:10",
          "content": "<p>謝謝你的關心</p>",
          "level": 1,
          "highlight": true,
          "children": []
        }
      ]
    },
    {
      "id": "789fc9e0aeed02c94d900fbb77b3f719",
      "author": "厂州恒太",
      "time": "2025年05月16日 17:45",
      "content": "<p>李医生，分享一个透热转气治癌症的方子，这个医生在学通赵绍琴思路后治癌症效果都很不错，认为绝大多数癌症是热入营血，我亲人食道癌可能是有点转移了，化疗一次后一点胃口也没有，肝区非常疼痛描述说好像刀刺过来一样，必须吃止痛药，止痛药一过药效马上又很痛，在吃了这个方子3剂后，疼痛减轻非常明显，目前已经很长时间不用吃止痛药了胃口也变好，长期大便不是很通的也开始好转，虽然现在不能说治好，但病人状况改善非常好，希望分享出来也能帮到大家</p>\n<p>荆芥炭10克防风6克白芷6克佛手10克丹参10克大黄5克（后下煮半分钟）黄药子6克白术15克石韦10克大腹皮10克郁金6克炒莱菔子15克焦山楂10克</p>",
      "level": 0,
      "highlight": false,
      "children": [
        {
          "id": "85f1ad7026b9d9f5a63be525b8038a56",
          "author": "杨旺井",
          "time": "2025年05月16日 20:40",
          "content": "<p>不让用热药只能拖延时间，目前最大的问题就是这个</p>",
          "level": 1,
          "highlight": false,
          "children": [
            {
              "id": "e692d0d86c00873be89a0aed1b751b42",
              "author": "厂州恒太",
              "time": "2025年05月18日 03:21",
              "content": "<p>热药说配合桂附地黄丸一起吃</p>",
              "level": 2,
              "highlight": false,
              "children": []
            }
          ]
        },
        {
          "id": "24e62a99c18978d458f7395df9d85226",
          "author": "潇航",
          "time": "2025年05月16日 21:34",
          "content": "<p>详细说说，研究一下。</p>",
          "level": 1,
          "highlight": false,
          "children": [
            {
              "id": "68c3f482295fc44a8e7b87e90fce90e8",
              "author": "厂州恒太",
              "time": "2025年05月18日 03:18",
              "content": "<p>你是说哪方面？</p>",
              "level": 2,
              "highlight": false,
              "children": [
                {
                  "id": "e2a01f161b5125588c93e6583aa5cf0e",
                  "author": "潇航",
                  "time": "2025年05月19日 15:35",
                  "content": "<p>这个案例有没有现代医学报告，以及医生治理思路的想法。</p>",
                  "level": 3,
                  "highlight": false,
                  "children": [
                    {
                      "id": "3d2812b3cf1b3fd9233cf2150e4a5726",
                      "author": "厂州恒太",
                      "time": "2025年05月20日 01:38",
                      "content": "<p>有，病人70岁多点，去年6月底病人因吃东西后马上就呕吐出来在三甲医院胃镜活检检查出食道癌，西医评估后说属于中晚期，因为吃中药后吃得下东西就没有去手术和化疗，吃到10月份病人一定要喝酒，病人长期喝了几十年的酒这次病戒了几个月，医生说喝酒就不用找他看了和子女大吵一架后就开始停掉中药，今年过年左右因病人重感冒一场，肝区开始疼痛的厉害，加上喝刚煮好的沸水食道穿孔放了支架堵住孔洞，因为肝区老是疼痛，病人觉得化疗后会不会好点，结果化疗完后更加差一点胃口都没有，吃什么东西下去都是苦的，大便也很多天才一次，肝区还是疼痛，因为化疗一次后副作用太大不敢再去化疗从三月中又开始吃中药，吃中药后开始恢复胃口，但肝区经常还是疼痛，后面我才知道病人两口子是卧龙凤雏，觉得这个荆芥炭黑乎乎的，吃了不好会上火，每次开药都有这个荆芥炭都没去抓这个荆芥炭，从4月25开始才去抓荆芥碳才算开始吃完整的药方，吃了3剂后疼痛感大减，现在还是有点小痛感但是算可以接受，不用吃止痛药也可以，毕竟止痛药不是什么好东西，能不吃肯定能多活半年一年，西医也说吃止痛药大便是很难拉出来，现在大便也开始2天一次了，胃口特别开，医生交代他不要吃什么不怎么听，现在也差不多快一个月不用吃止痛药了，所以上来分享一下</p>",
                      "level": 4,
                      "highlight": false,
                      "children": []
                    },
                    {
                      "id": "3d4b980b49bb086860baeb045fbeaa82",
                      "author": "厂州恒太",
                      "time": "2025年05月20日 03:07",
                      "content": "<p>你要说治疗热思路我也不懂，他也没说治病思路，看他一直在说治癌症赵绍琴的透热转气把热透出来，透热转气看赵绍琴比喻就是一个密闭的郁热的房间，房间你放冰放进去，房间并不会变凉还是郁热的环境，最快变凉的方法把窗打开有对流风，就是要让邪有出来的地方、宣畅气机。不能看到热就用寒药，会把病更往里逼，或者你看看温病临证破解第二版里面写的透热转气解释比较详细一点</p>",
                      "level": 4,
                      "highlight": false,
                      "children": []
                    }
                  ]
                }
              ]
            }
          ]
        },
        {
          "id": "dfb4c72b3f98ee707417ab49856411c5",
          "author": "李梁",
          "time": "2025年05月19日 09:37",
          "content": "<p>恕我直言，以当前阶段，个人看法貌似只是在围绕患者的生活质量做提高改善，还缺乏了严谨逻辑思维的生理病理学的开门思路，当然我的评价也是不太公平的！毕竟整体布局如何排兵打仗的思路只有这位中医师心里清楚</p>",
          "level": 1,
          "highlight": false,
          "children": [
            {
              "id": "824a305e7dcac4dc5fd43648eed0e337",
              "author": "厂州恒太",
              "time": "2025年05月20日 08:23",
              "content": "<p>生活质量改善还是明显提高到，现在这样子看维持下去再活个半年一年还是没什么问题，至于他药什么逻辑思维我也不懂反正有效果就行，说来也怪他开的药并没有任何一个药有止痛的效果确能明显止痛，这个荆棘炭非常重要，之前抓药都没有抓这个药就止痛效果不太行他治其他癌症也会用到这个药</p>",
              "level": 2,
              "highlight": false,
              "children": []
            }
          ]
        },
        {
          "id": "807c4513665b36661e816c9c4f55e8f2",
          "author": "李宗恩",
          "time": "2025年05月21日 21:13",
          "content": "<p>希望你能長期追蹤這個病例，看看之後的發展，對於癌症病例，症狀減輕是一件事，是否能存活的比西醫治療久，往往是另一件事，得長期觀察及大量病例來探討中醫治療癌症的有效率。</p>",
          "level": 1,
          "highlight": true,
          "children": [
            {
              "id": "affcf394704c52683bb534be64ebca33",
              "author": "厂州恒太",
              "time": "2025年05月24日 03:56",
              "content": "<p>嗯，自己亲人肯定长期关注，有长期吃止痛药胃口大便都不通的病人或许都可以试试，我看他治转移病人也会用到有点类似的药，看他说要把营分、血分的热透出来，他说也是看到谢路那肿瘤篇说癌症多数都是热入营血然后就用这个思路治效果都事半功倍</p>",
              "level": 2,
              "highlight": false,
              "children": []
            }
          ]
        }
      ]
    },
    {
      "id": "2ded091bfb769fce43fe1706532a3577",
      "author": "黄晓芳",
      "time": "2025年05月17日 12:40",
      "content": "<p>李老师您好，欣闻您参加与梁冬对话，与此想到的是曾经倪师与梁冬对话，期望李老师课程能够在大陆启航！愿吉祥！</p>",
      "level": 0,
      "highlight": false,
      "children": []
    },
    {
      "id": "968e7d96578f261ad087e358f1a930f2",
      "author": "微",
      "time": "2025年05月18日 06:28",
      "content": "<p>李医生您好，我想询问你平常在施针治疗的时候，是否用过董氏奇针？它和传统针灸配合起来会不会有一些意想不到的疗效？我在网络上也听过这样一种说法：比如合谷穴，如果朝向鱼际的位置扎，它会有治疗咳嗽的效果，如果向劳宫穴可以治疗心脏病，如果平着扎配合开四关，可以治疗抑郁症，您认为这些说法正确吗？您有没有尝试过这种方向？</p>",
      "level": 0,
      "highlight": false,
      "children": [
        {
          "id": "891eb540afac2624a8e53c527fd94180",
          "author": "李宗恩",
          "time": "2025年05月21日 21:27",
          "content": "<p>如果你正統針灸學得很好，臨床療效卓越，學習董氏針灸會為錦上添花。如果你沒有把正統針灸應用得很好，只想用董氏針灸來抄捷徑，那你是本末倒置，針灸臨床治病的療效也不會比較好。</p>",
          "level": 1,
          "highlight": true,
          "children": [
            {
              "id": "03c5f076d3cb2a458ea706c5fa0b2ea1",
              "author": "林木",
              "time": "2025年05月22日 09:12",
              "content": "<p>请问您会去专门学习解剖学吗？我看有些中医老师说学针灸必须得学好解剖，才扎的好。</p>",
              "level": 2,
              "highlight": false,
              "children": [
                {
                  "id": "ea64204a4f9be180bd0e362cbb266888",
                  "author": "李宗恩",
                  "time": "2025年05月23日 15:38",
                  "content": "<p>美國加州中醫師執照考試，有很多的要求，西醫解剖學課程是其中之一。</p>",
                  "level": 3,
                  "highlight": true,
                  "children": []
                }
              ]
            },
            {
              "id": "a32be32f04d4e5ff075103045fdafbcc",
              "author": "微",
              "time": "2025年05月23日 06:45",
              "content": "<p>好的，谢谢李医生</p>",
              "level": 2,
              "highlight": false,
              "children": []
            }
          ]
        }
      ]
    },
    {
      "id": "210a4dd22fe9e1dcca1845497d5ddd40",
      "author": "一念",
      "time": "2025年05月18日 20:39",
      "content": "<p>突发奇想，人体是一个水的循环系统，这个循环系统要正常运行，需要能源系统配合好。</p>",
      "level": 0,
      "highlight": false,
      "children": [
        {
          "id": "0b824d9bafabb682815b7452fecfb943",
          "author": "李宗恩",
          "time": "2025年05月21日 21:30",
          "content": "<p>物質的運行及改變，當然需要能量，這不是本來就應該知道的道理。思而不學則殆，好好學習比較重要。</p>",
          "level": 1,
          "highlight": true,
          "children": []
        }
      ]
    },
    {
      "id": "d5caf9760357edf65714f1223df2bc6b",
      "author": "小宇宙",
      "time": "2025年05月19日 05:31",
      "content": "<p>请教李博士一个问题，我家小孩从吃辅食开始，就一直不吃虾，很小的时候，把虾仁剁的碎碎的，混合上别的菜馅，包成饺子，他吃到嘴里也会一口吐掉。后来发现他只要是海鲜类，基本上都不会吃，淡水鱼吃一点点。但他没有任何所谓过敏的情况。我就是想问一下，这种情况是天生的吗，或者是和身体的五脏六腑有什么关联吗，亦或是其他的因素。</p>",
      "level": 0,
      "highlight": false,
      "children": [
        {
          "id": "82b4537e90397d736937b549ff4068e9",
          "author": "李宗恩",
          "time": "2025年05月21日 21:31",
          "content": "<p>不一定，這也可能跟一開始吃蝦的經驗有關。</p>",
          "level": 1,
          "highlight": true,
          "children": []
        }
      ]
    },
    {
      "id": "522285d0ce46bfc63df8b9deb81254b2",
      "author": "aamumkoi",
      "time": "2025年05月22日 19:22",
      "content": "<p>请问李医生在针灸的过程中是否碰到过穴位出现疲劳的情况，除了用其它的穴位代替，疲劳的穴位有恢复的办法吗？</p>",
      "level": 0,
      "highlight": false,
      "children": [
        {
          "id": "4c4ccaca9f7722832ae38bef77464f9c",
          "author": "李宗恩",
          "time": "2025年05月23日 15:39",
          "content": "<p>不知道你的意思是什麼</p>",
          "level": 1,
          "highlight": true,
          "children": [
            {
              "id": "8aa5eefa371ba0e611396e813d00d8fa",
              "author": "aamumkoi",
              "time": "2025年05月23日 21:01",
              "content": "<p>以前痛经扎三阴交有效果、而且很明显，但是最近几次扎都止不了痛了，这样的情况李医生会怎么看？</p>",
              "level": 2,
              "highlight": false,
              "children": [
                {
                  "id": "a6a5bd049b12925a09d6158afa0daeb4",
                  "author": "李宗恩",
                  "time": "2025年05月30日 15:51",
                  "content": "<p>經痛不是下三陰交就解決了，得了解為什麼經痛，不然只是暫時壓制，等問題變大，也就壓不住痛感。</p>",
                  "level": 3,
                  "highlight": true,
                  "children": [
                    {
                      "id": "8a30202d6faddb16599e2c3740b8ebef",
                      "author": "aamumkoi",
                      "time": "2025年06月02日 04:43",
                      "content": "<p>多谢李医生指点，感谢！我自己在跟倪师的课程自学，快把伤寒学完了，所以想更多请教下：我是这样想的（不止于病例，更多想讨论思路），如果三阴交+血海不起作用，而冲任二脉又主月事，又皆起于胞中，单从针灸的角度你会考虑从冲任入手吗，比如公孙与列缺？</p>",
                      "level": 4,
                      "highlight": false,
                      "children": []
                    }
                  ]
                }
              ]
            }
          ]
        }
      ]
    },
    {
      "id": "3ff85a8a5aa219f37971d7ad1c4f9d36",
      "author": "郁金青木",
      "time": "2025年05月23日 04:54",
      "content": "<p>咨询一下，老年人62岁最近主要症状是咳嗽，医院诊断说是房颤，去了3个医院检查都是房颤，这个是什么原理有调理思路方向吗。</p>",
      "level": 0,
      "highlight": false,
      "children": [
        {
          "id": "a0e54c5abee25f73386f1ded722cea3c",
          "author": "李宗恩",
          "time": "2025年05月23日 15:41",
          "content": "<p>我不在網上針對個案一一討論，更何況單一個咳嗽症狀，不足以診斷。</p>",
          "level": 1,
          "highlight": true,
          "children": []
        }
      ]
    },
    {
      "id": "dbab69fe118a52e6063aa2b19982cd35",
      "author": "苏小帅",
      "time": "2025年05月23日 05:24",
      "content": "<p>尊敬的李宗文博士：</p>\n<p>您好！</p>\n<p>我是中國大陸的一名患者，患有頑固性慢性病，長期治療效果不佳。我十分希望能找您看診，但因為您所在的地址距離我實在太過遙遠，無法親自前往就診。久仰您是中醫大家，特向您請教：</p>\n<p>您在中國內地是否有熟悉的、在如：慢性病調理／免疫相關治療方面特別擅長的中醫專家？</p>\n<p>或者您是否了解哪些正規中醫醫療機構的特色專科值得推薦？</p>\n<p>無論是否能成行求診，您的指點都將對我幫助極大。萬分感激！</p>\n<p>順頌</p>\n<p>春祺</p>\n<p>姓名：蘇小帥</p>\n<p>聯絡方式：2823181971@qq.com  </p>\n<p>日期：2025年5月23日</p>",
      "level": 0,
      "highlight": false,
      "children": [
        {
          "id": "0d1689be005864157981fbe2eeea1f27",
          "author": "李宗恩",
          "time": "2025年05月23日 15:41",
          "content": "<p>不清楚</p>",
          "level": 1,
          "highlight": true,
          "children": [
            {
              "id": "91c2d6725145666cde6f91383eb75d6a",
              "author": "苏小帅",
              "time": "2025年05月23日 17:27",
              "content": "<p>谢谢，十分感谢您的回复</p>",
              "level": 2,
              "highlight": false,
              "children": []
            }
          ]
        }
      ]
    },
    {
      "id": "b3ecde27748fef38bb8f4ef7ab424c72",
      "author": "蘇佳",
      "time": "2025年05月23日 06:51",
      "content": "<p>李醫師您好，想請問中醫對駝背有辦法治疗嗎？</p>",
      "level": 0,
      "highlight": false,
      "children": [
        {
          "id": "6fd35bf9b59be1d9eb6fe6b3dd2f5209",
          "author": "李宗恩",
          "time": "2025年05月23日 15:42",
          "content": "<p>又是一個以單一症狀來對應治療的問題，沒有意義。</p>",
          "level": 1,
          "highlight": true,
          "children": []
        }
      ]
    }
  ],
  "timestamp": 1759068380.3659272,
  "page": 2,
  "order": 5,
  "filename": "data\\page2\\page2_order5_a3629f127955f36fb73627e6bda0b5f7.json"
}