{
  "article_url": "https://andylee.pro/wp/?p=3099",
  "title": "電視節目：《當張仲景遇上斯坦福》（九）望聞問切，中醫的藝術",
  "content": "<p><iframe allow=\"accelerometer; autoplay; clipboard-write; encrypted-media; gyroscope; picture-in-picture; web-share\" allowfullscreen=\"\" frameborder=\"0\" height=\"281\" referrerpolicy=\"strict-origin-when-cross-origin\" src=\"https://www.youtube.com/embed/BI-80bz6Ulo?feature=oembed\" title=\"《當張仲景遇上斯坦福》 （九）望聞問切，中醫的藝術\" width=\"500\"></iframe></p>\n<p> </p>",
  "article_time": "2015年10月12日 14:50",
  "comments": [
    {
      "id": "f0a0e1da9f6f957d9f6188ab94325bf8",
      "author": "中医太美",
      "time": "2015年11月12日 23:53",
      "content": "<p>除了文字性的声音等没有办法收听，是没有上传吗？李医师有没有别的网站我们可以收听的，好像听听呢。</p>",
      "level": 0,
      "highlight": false,
      "children": [
        {
          "id": "d47ea888fa90e856ab474384a143197c",
          "author": "jerry",
          "time": "2015年11月15日 03:33",
          "content": "<p>聲音和視頻類的都是有上傳了的，由於國家對國外服務器的限制原因，所以一些視頻音頻無法播放，我通過一些方法下載了一些李醫師上傳的音頻，但沒有一個好的共享方法，真想把李醫師在名醫說案的節目全部搬移國內，讓國內的同胞們也能夠學習到經方中醫。</p>",
          "level": 1,
          "highlight": false,
          "children": []
        }
      ]
    },
    {
      "id": "dc70748892469597bec878cadc6aae2e",
      "author": "中医太美",
      "time": "2015年11月16日 19:15",
      "content": "<p>可以看到了，真的是太好了，谢谢。</p>",
      "level": 0,
      "highlight": false,
      "children": []
    }
  ],
  "page": 51,
  "order": 4,
  "filename": "data\\page51\\page51_order3_bf65f6cc8b1dcd9831cf5238bdefa010.json"
}