{
  "article_url": "https://andylee.pro/wp/?p=5303",
  "title": "一個很好的教學病例（2/2）",
  "content": "<p>去年12月，我在家裡Breakfast Nook上看著中文報紙刊登美國兩黨爭吵不停的新聞，放在一旁的手機響了一聲，我猜想是Amazon自動提醒今天包裹會送到，不以為意，等了幾分鐘才順手拿起手機，看到是中國大陸來的微信，原來是緊急需要幫忙的來函，這時候開始，我介入了這位病人的治療。</p>\n<p>如上次提到的，病人反反覆覆幾次急性心衰竭，或者西醫治療，或者中醫治療，或者中西醫合併，都讓病人撐下來了。這次，病人再度急性心衰竭，心臟劇痛、胸痛嚴重、手腳冰冷、大汗不止，正在西醫院病房中緊急治療，使用各種降血壓及控制心律的注射及口服藥物，同時也如前面幾次一樣，加服中藥茯苓四逆湯來強心。可是，這次和前幾次不同了，中藥效果出不來，只要控制心律西藥的時效過了，馬上心律飆高，心臟劇痛、胸痛嚴重、手腳冰冷、大汗不止的症狀又再次加重。</p>\n<p>病人女兒在微信上很快的告訴我目前情況，病人的症狀、西醫使用的藥物、中藥效果出不來等等，十幾個重點在我腦海裡轉個不停，當她解釋到一個段落時，我說出了「後勤補給不足」幾個字，病人女兒突然懂了，因為她也是倪海廈老師的學生，這幾年來她一直和另一位倪海廈老師功力較高的學生一起用中藥幫助病人。</p>\n<p>問題在哪裡？心臟好比汽車引擎，引擎功能要好、輸出要有力，除了引擎本身不能差以外，使用的汽油也同等的重要，沒有好的汽油，就算是十二缸的超級引擎，也無法輸出什麼功率。以前幾次西醫的急診，在於壓制症狀，而中醫治療專注在心肺，好像打仗時偏重在戰事前線，卻忽略了後勤補給，肝血不足的問題沒有解決，心臟是無法真的強起來。怎麼辦？甘麥大棗湯加酸棗仁湯加減。奇怪吧，急症怎麼使用這麼普通又相對很輕的藥方？其實，急症重症不一定得使用重藥，而是得更加精準的判斷問題癥結所在。</p>\n<p>病人下午三點服用第一碗藥，凌晨一點服用第二碗藥，當晚開始出現改善，雖然還是有出汗，但是沒有大汗了，燥熱減緩，隔天起床後有飢餓感，早上服用中藥後大吐，吐出很多黏痰，吐完後病人整體感覺輕鬆很多，晚上睡覺時，症狀又比之前進步，隨後西醫覺得沒有生命危險了，撤除所有監控儀器。</p>\n<p>病人持續服用甘麥大棗湯加酸棗仁湯加減，服用七付藥後回報，整體好轉許多，不再嗜睡昏睡，晚上醒來兩次，僅有一些些汗，不再大汗及胸痛心慌，心律穩定，手腳不冷了，白天精神好，食慾良好，大小便正常。這個時候，病人及家屬們比較放心，也比較不會手忙腳亂，我才請病人女兒花些時間，把這幾年來的中西醫病例及治療方法整理給我。所以，前一篇文章陳述病人2012年診斷肺癌後的各種治療細節，我本來是不清楚的。不過，或許這樣反而比較好，讓我心無雜念，不會因為以前的病例紀錄而先入為主。</p>\n<p>當然，事情沒那麼簡單，不然也不會說是一個很好的教學病例。病人心衰竭的各種症狀穩定了，病人其它症狀就變得更明顯了。病人胸悶氣短的情況嚴重，吸氣很費力，咳嗽嚴重，痰卻咳不出來。痰出不來就會悶氣，必須有人拍她右後背才能把痰咳出來，咳痰時氣管聲音很大，半夜常常得坐著才舒服一些。很顯然的，病人的肺家因為肺癌及各種化療已經很不正常了，病人女兒解釋，以前使用過多次澤漆湯加減，希望利用大戢這味中藥來去肺家的水。我請他們錄一小段視頻，讓病人用力吸飽氣後閉氣，看看胸部哪裡感到最緊，通常那代表痰飲聚集最多的地方。結果，病人覺得膻中穴下方最緊，而這個時候借重葶藶子可能比借重大戢合適一些，於是我決定使用射干麻黃湯加葶藶。另外，因為肺家久病必虛，部分化熱現象明顯，我再加了石膏、杏仁。當然，這其中各味藥的劑量非常重要，特別是葶藶和石膏的劑量，如果劑量偏差太多，反而會讓病情加重。</p>\n<p>運氣很好，在沒有當面看診的情況下，劑量猜測的還不錯，病人服用一天中藥後，呼吸變得順暢很多，不用仰著脖子吸氣，沒有胸悶了，自己可以咳痰出來，不需要別人拍背幫忙咳痰，整體情況改善許多。我讓病人再多服用幾天，肺家情況穩定後，再回頭去加強「後勤補給」。</p>\n<p>然後呢？像這樣的重症病人，身體被化療破壞很多，加上多年來大量服用各種西藥，治療起來，是沒有一個盡頭的，沒有所謂的「痊癒」，因為身體系統裡已經不存在任何一個穩定的平衡點，只能靠外力不斷的左推推、右拉拉，讓這個系統在不穩定的平衡點上繼續運作。接下來出現了一個「奇怪」的情況，在沒有什麼事情發生下，病人莫名開始非常擔心她老家九十多歲高齡的老母親，半夜惡夢多易醒，幾日後開始出現水腫現象，左小腿、左手臂、左乳房腫漲，西醫院使用大量利尿劑，水腫稍稍退了一些，但是體力變差很多，聽力大幅下降，呼吸不順，雖然沒有胸痛，但得用力吸氣。</p>\n<p>看著病人女兒寄來的症狀整理，我認為病人中下焦寒濕很重，阻隔肺氣下行，同時，腎好比泡在冷水裡，造成腎不納氣、吸氣困難，也導致了心裡的恐懼，這是久病服用各種西藥多年的病人身上常常看得到的現象。這次我使用病人這幾年來中醫治療用過的藥方，麻黃附子細辛湯和五苓散加減，病人情況開始好轉，半夜惡夢減少，體力恢復一些，水腫減輕。</p>\n<p>然而，吃了幾付藥後，病人討厭細辛的味道，表示喝中藥時都得勉強忍住不要吐，希望不要再喝中藥了。結果，不知道是病人故意自己停中藥，還是如病人女兒事後說的，因為她沒有守在病人身旁，溝通上有些誤解，讓病人停了中藥三天多。據病人女兒解釋，病人水腫時血壓飄高，服用麻黃附子細辛湯和五苓散加減後，血壓恢復正常，病人就以為這次藥方是為了降血壓，既然血壓降下來了，就可以停止喝這個藥方，等我改下一個藥方給病人。真的？還是病人的藉口？我們就不用去苛求追究了，至少「腎泡在冷水裡」導致高血壓的問題解決了。</p>\n<p>不過，這停中藥三天是停壞了，水腫又變得嚴重，同時出現「喝水即嗆、卻可喝茶」的現象。「水逆」的部份我們之前已經討論過了，現在讀者應該了解為什麼在那篇文章裡，我把「喝水即嗆、卻可喝茶」說成是一個「小問題」了吧！我跟病人女兒半開玩笑的說，如果病人能好好存活多年，即使從現在開始再也不能喝水，只能喝茶，那就每天喝上好的普洱茶吧，也沒什麼好抱怨的了。</p>\n<p>怎麼解決？如「喝水即嗆」那篇文章說的，「水逆」大多為水隔中焦而來，這個症狀是上次診斷的另一個佐證，原本麻黃附子細辛湯和五苓散加減的方向是對的。不過，如果停藥三天就退步那麼多，那代表藥力不足。因此，我在原方中加了生硫磺，提高藥力。病人服用幾次後，整體情況全面好轉，水腫大幅減少，可以小口喝水了，大口喝水還是會嗆咳。</p>\n<p>從去年12月下旬到今年一月下旬，經過幾次的中醫治療，病人客觀的檢查與自己主觀的感覺，都比之前好很多。然而，病人久病的心理因素，還是抓著「贝塔洛克」、「罗内脂」、「布雷定」等西藥不肯停。剛才西醫院的副院長微信我，這位副院長是西醫專家，去年成為我的中醫學生，因為病人女兒無法一直陪伴在病人身旁，幫我做望聞問切的工作，我們請副院長來當我的眼線，我順便可以直接教副院長許多中醫臨床的知識。副院長今天去幫我檢查病人，她告訴我病人整體情況很好，交談了兩個多小時，大多是病人在說話，中氣足，沒有咳嗽或清痰，沒有過去那種明顯的氣短悶氣的情況等等。不過，病人仍有許多的問題，副院長認為有些問題確實是西藥引起的，以她西醫的身份來勸病人減少或停止西藥，比我們中醫說再多還有效。</p>\n<p>副院長也告訴我，總體而言，西醫認定的心衰竭仍未全面控制好，仍然得用心臟彩超來追蹤檢查，確定EF值（ejection fraction）。這點我同意，去年十二月我們試著穩定急性心衰竭時，因為肝血不足，直接強心無效，我們得繞遠路從「後勤補給」做起，加上後來的清肺、去中下焦寒濕，繞了一大圈後，我們還是得回來強心。不過，現在病人情況穩定許多，給我們比較大的自由度來治療，</p>\n<p>幫助久病多年的重症病患，是沒有所謂的「完成階段」，好不容易打開了一扇門，後面還有十扇門關得緊緊的。如前面所言，那是永無止境地用各種方法幫病人的身體在不穩定的平衡點上繼續運作。不過，換個角度而言，我們每一個人的身體都像老天租給我們的一台車子，重點不是還車的時候車子是不是沒有一點刮痕，而是我們把租車還回去前，造訪了多少風光明媚的景色。</p>",
  "article_time": "2019年01月29日 20:17",
  "comments": [
    {
      "id": "226ca0af9dfd90f877875e9cf4b49ddf",
      "author": "Ferry瑞芳",
      "time": "2019年01月31日 23:11",
      "content": "<p>我在发表上篇评论的时候，没有看下篇，但我刚读完下篇，再反过来想想我针对上篇的那些评论，可以肯定的说相信中医就对了。<br/>\n这个案例分享的好啊，总结的也很好，感谢andy!</p>",
      "level": 0,
      "highlight": false,
      "children": []
    },
    {
      "id": "c2b1a828bbef795030060ee1624c63d4",
      "author": "廖欣强",
      "time": "2019年02月02日 17:38",
      "content": "<p>祝李医师及阳气诊所的全体医护人员2019新年快乐！感谢李医师为弘扬中华医术所做出的种种不懈努力，希望将来有更多的人能像您一样，学习经方悬壶济世医震中华！！！</p>",
      "level": 0,
      "highlight": false,
      "children": [
        {
          "id": "93ad737c48c3af6578c0e4719b4f1159",
          "author": "andy",
          "time": "2019年02月02日 22:52",
          "content": "<p>謝謝你的祝福與鼓勵！</p>",
          "level": 1,
          "highlight": true,
          "children": []
        }
      ]
    },
    {
      "id": "f18216c1eaf2a8425153d69f3dd15d1a",
      "author": "王彦强",
      "time": "2019年02月05日 05:46",
      "content": "<p>李医师，己亥新春快乐！家庭和睦！事业再创辉煌！</p>",
      "level": 0,
      "highlight": false,
      "children": [
        {
          "id": "0d80a7506e5113cb63a3c7b90d016ba6",
          "author": "andy",
          "time": "2019年02月05日 08:20",
          "content": "<p>新年快樂！</p>",
          "level": 1,
          "highlight": true,
          "children": []
        }
      ]
    },
    {
      "id": "9906325e7b0bfc02ba19c264b02aed31",
      "author": "Gary kuo",
      "time": "2019年02月08日 05:32",
      "content": "<p>李醫師您好，西醫診斷漸凍症，患者是我本人，發病至今三年，一開始為右腳輕微無力，而後發現右大腳指無法上抬，慢慢左腳也開始無力，然後右手左手慢慢跟著無力，這期間都伴隨著不特定位置的肌肉跳動以及容易抽筋。目前手腳都無力萎縮無法行走，舌頭也有萎縮現象，發病前有經常喝冰冷啤酒及熬夜，想冒昧請教李醫師是否能夠提供治療方向或建議…感激不盡.</p>",
      "level": 0,
      "highlight": false,
      "children": [
        {
          "id": "d83c3cab24b4b59fde637127a7604a2b",
          "author": "andy",
          "time": "2019年02月08日 08:40",
          "content": "<p><a href=\"https://andylee.pro/wp/?p=1987\" rel=\"ugc\">https://andylee.pro/wp/?p=1987</a></p>",
          "level": 1,
          "highlight": true,
          "children": []
        }
      ]
    },
    {
      "id": "84f3067c6c120df6fba2d560c6082158",
      "author": "RayZ子超",
      "time": "2019年02月10日 17:24",
      "content": "<p>李医师你好，一直跟你博客好久了，看完这个案例很有感触，第一次留言！中医被误解太多了，如果有更多像文中的西医副院长来推广效果确实会好很多，您也是再世伟人，亲力亲为推广中医来帮助病人，这种使命感让我特别感动，有缘希望能见到您一面！也祝李医师新年快乐越来越好，医术越来越高明，越来越多的人跟随你学习中医！</p>",
      "level": 0,
      "highlight": false,
      "children": [
        {
          "id": "07442eb4c0f404951fbd87800fe8dfdf",
          "author": "andy",
          "time": "2019年02月10日 20:01",
          "content": "<p>謝謝你的鼓勵與支持！越來越多西醫了解到中醫的精神偉大，開始認真學習中醫，這是一個好的轉變。新年快樂！</p>",
          "level": 1,
          "highlight": true,
          "children": []
        }
      ]
    },
    {
      "id": "9e324fa051f3277aa9df9b7a510a5f06",
      "author": "lmc",
      "time": "2019年02月16日 19:48",
      "content": "<p>李医生，是不是早就应该下生硫磺了，把整体的脏腑抬到一上一个新的高度，才能发挥整体的药性。新陈代谢的力量才会加强。</p>",
      "level": 0,
      "highlight": false,
      "children": [
        {
          "id": "b8f9110bdf720bb4ac8488bd39c16f05",
          "author": "andy",
          "time": "2019年02月19日 17:03",
          "content": "<p>重病的病人，處於一個非常不穩定的平衡狀態，除非有緊急需要，不要隨意使用重藥，容易把病人推出原本勉強的平衡，導致更大的問題，而在遠距離治療下，不容易急診。</p>",
          "level": 1,
          "highlight": true,
          "children": [
            {
              "id": "7f2cac5cdca83af5fc2dfb8aa813e818",
              "author": "lmc",
              "time": "2019年02月20日 06:59",
              "content": "<p>明白</p>",
              "level": 2,
              "highlight": false,
              "children": []
            }
          ]
        }
      ]
    },
    {
      "id": "0daad62c1e1f165d058c283dd9634f78",
      "author": "Gordon",
      "time": "2019年02月18日 18:26",
      "content": "<p>李醫師，謝謝分享這種醫案。看了這個系列案例，感覺是一個驚心動魄的戰鬥，還是在西藥同時作用下進行診斷，開藥治療。<br/>\n文中說到病人的女兒也是倪海廈大師的學生，連自己的女兒都無法說服她母親完全相信中醫，不吃西藥。<br/>\n看來中醫之路還任重道遠—–中醫的生命力就是療效，有療效大家就會相信。 但是這要依賴醫師的臨床功力。</p>",
      "level": 0,
      "highlight": false,
      "children": [
        {
          "id": "61551cd5f78752b1478a01dd9e8247cb",
          "author": "andy",
          "time": "2019年02月19日 17:37",
          "content": "<p>是的，中醫宣傳再多，沒有足夠的療效，也只是淪為一種文化的宣揚，而非醫學的推展。</p>",
          "level": 1,
          "highlight": true,
          "children": []
        }
      ]
    },
    {
      "id": "56b403782b6d227706fb60387eb346a3",
      "author": "Gary",
      "time": "2020年03月18日 23:30",
      "content": "<p>Andy老師<br/>\n文中提到患者女兒也是倪師的徒弟，為何病人發現了卻已經是末期。雖然說這是病人隱私，但是很多人都會藉此來做文章，過度的，無謂的檢查對很多家庭造成非常大的傷害。以前也沒有權威的好的中醫老師會在這方面予以科普。萬分感謝老師</p>",
      "level": 0,
      "highlight": false,
      "children": [
        {
          "id": "e944da20810762dc02e5f896b754a4db",
          "author": "李宗恩",
          "time": "2020年03月22日 12:04",
          "content": "<p>就是因為病人發現癌症，女兒才開始研讀中醫，不要把時間順序顛倒了，網路上許多人只會搬弄是非，對醫學及社會沒有什麼貢獻。</p>",
          "level": 1,
          "highlight": true,
          "children": []
        }
      ]
    },
    {
      "id": "a74fd3d3fad83fe653654898c45c3ea8",
      "author": "Gary",
      "time": "2020年03月22日 19:16",
      "content": "<p>謝謝老師回復，非常感同身受。我也是看到西醫的種種暴力和蠻橫，才開始學習，了解中醫，然後恰巧小孩經常感冒，看中醫怎麼看都看不好，機緣巧合之下知道了倪師，想著不會吧，一碗中？！然後葛根湯下去，沒想到奇跡發生了。</p>",
      "level": 0,
      "highlight": false,
      "children": []
    },
    {
      "id": "780d9656a78cc683d05d27563ab4c506",
      "author": "劉德毅",
      "time": "2024年08月07日 04:43",
      "content": "<p>有幸治過一個類似的病人，女性七十多嵗，也是寒濕在骨節同時還有肝血虛脾虛等一系列症狀，伴隨髖關節疼痛，恰逢新冠期間，病人連續2三個月咳嗽不止。一開始我開了止咳的胃苓湯和針灸公孫内關之類的，有效，後面開了一些石膏+射乾麻黃湯+葶藶，病人對於裏面細辛的味道也是反感，但是硬著頭皮去喝了幾副藥，然後咳嗽稍微停止後便再也不肯喝了，一直讓我處理髖關節痛，不然痛得夜晚睡不着，無奈只好改桂枝芍藥知母湯加減，吃了大概一周的藥，關節痛減輕了，這時候我不知道是病人受寒外感還是怎麽樣，又開始咳嗽不止，呼吸不順暢，重咳痰出不來，這時病人家屬送去西醫治療。 那時候其實我意識到下焦寒會引發腎不納肺氣而痰飲反復。 當時沒敢直接用生硫磺，而是清肺排毒湯裏加了一些炮附子，可惜熱力還是沒能透達三焦水道，加之病人後面十分反感水藥裏的味道，之後便沒了往來。其實病人自述原來身體很好，能吃能睡，但是儅整體内部跌穿了某一個範圍時，確實多了很多奇奇怪怪的延伸症狀，而病人抓著某一個點的時候，也不理解爲何不理解給她處理XXX問題，此時看到李醫生這種類似的病人，確實感同身受。</p>",
      "level": 0,
      "highlight": false,
      "children": []
    },
    {
      "id": "b56c05776f94783dbdc168c20eff91b9",
      "author": "劉德毅",
      "time": "2024年08月07日 04:48",
      "content": "<p>細節補充，病人從年輕開始便有長期吃各類西藥和補充劑，所以肝脾互克 和寒濕現象十分明顯，且服中藥期間并未停止，哪怕有耐心溝通</p>",
      "level": 0,
      "highlight": false,
      "children": []
    },
    {
      "id": "00cffb5115aad7c765fbc201ad28c9d6",
      "author": "君荷",
      "time": "2024年10月11日 06:03",
      "content": "<p>李老师，您给这个病人使用的第一个药方是甘麥大棗湯加酸棗仁湯加減，用意在于补肝血。请问使用炙甘草汤加减，通过补心血来强心，是否可行？这是否也算后勤补给？谢谢李老师！</p>",
      "level": 0,
      "highlight": false,
      "children": [
        {
          "id": "d7f37f49d5517ad49f6982e833ff8ee8",
          "author": "李宗恩",
          "time": "2024年10月11日 13:32",
          "content": "<p>你可以從幾個藥方中各個中藥材來理解，研究每個藥材是做什麼的，而不是卡在整個藥方的解釋。</p>",
          "level": 1,
          "highlight": true,
          "children": []
        }
      ]
    },
    {
      "id": "a0613970ad8428729095333d7c8433a8",
      "author": "君荷",
      "time": "2024年10月12日 23:47",
      "content": "<p>李老师，感谢您的指导。您在书上、网页上、讲座中都多次讲解过炙甘草汤每味药的作用，药方中重用生地补血，阿胶引血入心。应该也算是补汽油，而不光是让引擎加大马力吧。所以我不太明白用在此病人身上是否合适。是因为没有甘麦大枣汤和酸枣仁汤那么好吸收吗？希望李老师指点迷津，感谢!</p>",
      "level": 0,
      "highlight": false,
      "children": [
        {
          "id": "01eec8b703df99295cd6c0d13ba5d516",
          "author": "李宗恩",
          "time": "2024年10月14日 09:31",
          "content": "<p>以補肝血而言，炙甘草湯比較弱一些。</p>",
          "level": 1,
          "highlight": true,
          "children": []
        }
      ]
    }
  ],
  "page": 32,
  "order": 3,
  "filename": "data\\page32\\page32_order2_93ad737c48c3af6578c0e4719b4f1159.json"
}