{
  "article_url": "https://andylee.pro/wp/?p=5875",
  "title": "FM96.1：中醫崛起! 中醫在中國與美國的發展有何不同？",
  "content": "<figure class=\"wp-block-audio\"><audio controls=\"\" src=\"https://andylee.pro/wp/wp-content/uploads/2019/06/S-20181106中醫崛起-中醫在中國與美國的發展有何不同？.mp3\"></audio></figure>\n<p>（語音檔案由FM96.1電台提供，文章摘錄撰寫中，請稍加等待謝謝。）</p>",
  "article_time": "2018年11月06日 11:45",
  "comments": [
    {
      "id": "cf39d61785881516c5658e90cf6571f5",
      "author": "gordon",
      "time": "2020年01月19日 07:17",
      "content": "<p>跟这篇文章内容类似： <a href=\"https://andylee.pro/wp/?p=5117\" rel=\"ugc\">https://andylee.pro/wp/?p=5117</a><br/>\n河南開封通許人民醫院</p>",
      "level": 0,
      "highlight": false,
      "children": []
    }
  ],
  "page": 33,
  "order": 7,
  "filename": "data\\page33\\page33_order6_577a75993bce1d1a3b5bbdd8165d90f4.json"
}