{
  "article_url": "https://andylee.pro/wp/?p=5137",
  "title": "時常頭痛 – 養兒育女必須知道的21件中醫知識（10）",
  "content": "<p>現在越來越多的青少年、甚至兒童常常頭痛，在美國，許多的中學生得每天吃止痛藥來緩解頭痛，不然無法正常上課。對這樣的頭痛，一般西醫有兩個解釋，一是壓力（tension-type headache），二是青春期荷爾蒙不協調（puberty headache）。然而，無論如何解釋，都只能讓他們服用止痛藥來緩解頭痛。那麼，在不深入複雜的專業辨證論治，從科普教育的角度而言，中醫是怎麼看這些兒童及青少年的頭痛？做爸爸媽媽的又該如何幫助小孩子？</p>\n<p>中醫對頭痛的治療，從分類開始。最基本的分類是依照疼痛的部位，大致分為四類：前額印堂附近頭痛、側方偏頭痛、後頭痛、頭頂痛。</p>\n<p>（一）前額印堂附近頭痛：這類頭痛屬於胃經的範圍，大部分和胃寒、中下焦寒濕有關，最常見於多吃冷食喝冷飲的小孩子，或者平時胃氣弱的小孩子又受涼感冒的時候。最近有一位小病人，兩年來每天都前額頭痛，還沒開始問診就看到他印堂附近有青色浮現，中焦寒已經寫在臉上了。當我告訴病人父母問題在肚子而不是在頭的時候，他們很驚訝，覺得小孩子胃口好、腸胃功能似乎也很好，常喝冰牛奶、冰珍珠奶茶也沒拉肚子，怎麼可能是肚子的問題呢？問題在於中下焦寒濕開始累積後，胃火無法順利下行，會往上反逆，反而讓人胃口大、想喝冷飲，但是這並不代表腸胃好、胃氣強。我讓這位小病人服用附子理中湯粉劑，一週後就沒有再犯頭痛了。讀者可能會問，如果沒有找專業中醫師看診下，該如何幫助小孩子？一般而言，按摩及熱敷中脘穴（肚臍上四寸），可以減緩這類的頭痛，而平時減少吃喝生冷的東西、少吃垃圾食物，讓中下焦的寒濕減少，是根本解決病根的方法。</p>\n<p>（二）側方偏頭痛：這類頭痛屬於膽經的範圍，大部分和肝血不足有關，最常見於壓力大、熬夜的青少年，以及月經不順的女子。比較像前面提到西醫説的壓力型頭痛（tension-type headache）及青春期荷爾蒙不協調型頭痛（puberty headache）。壓力大及熬夜對肝臟有很大的影響，這點中西醫的看法一致，而月經不順、月經快來時，肝血很容易不足，大多都會造成沿著膽經的側方偏頭痛。這類的頭痛，對專業中醫師而言，並不難解決，足臨泣、外關、太陽透率谷等穴位下針，中藥方劑常以吳茱萸湯來溫肝、酸棗仁湯補肝血等來治療，效果非常好。然而，一般讀者在不下針、不吃中藥的情況下，比較無法立即減緩這類的頭痛，得從改變生活方式做起，不熬夜、減少壓力、多吃補血的食物等等，慢慢來改善健康，這類的頭痛才能從根本解決。如果月經不順的情況嚴重，那麼就真的得找專業中醫師看診，自己隨便亂服用四物湯或其它中藥，反而可能越搞越糟。</p>\n<p>（三）後頭痛：這類頭痛屬於膀胱經的範圍，大部分和外感受涼有關，大人及小孩子都很常會有這類的頭痛，多半是感冒了，或者是人比較虛弱時，快要感冒又還沒什麼感冒症狀浮現的時候發生。這類的頭痛比較好處理，通常好好睡個覺，讓感冒轉好，頭痛也就自然消失了。至於中醫怎麼快速的治好感冒，請參考以前的文章，這裡就不重複了。有些讀者可能會問，為什麼一年到頭都有這樣的頭痛？總不會整年都在感冒吧？是的，中醫的「外感」標準比西醫所謂的「感冒」嚴格許多，當體表受到風寒，就得消耗額外的衛氣去護表，就好像一個國家得派更多的兵力去鎮守邊疆一樣，都是處於一種耗損狀態，正氣強或受寒不嚴重時，不一定會有一般打噴嚏、咳嗽等感冒症狀，但是後頭痛卻常常出現，有些病人沒有意識到自己外感兩三年都沒有好，而只知道吃止痛藥壓制後頭痛，讓問題每況愈下。反過來説，平時注意保暖、避免長時間吹冷風、不要在冷氣超強的健身房內運動到滿身大汗等等，都可以減少這類頭痛的發生或惡化。</p>\n<p>（四）頭頂痛：這類頭痛通常和後頭痛一樣，和膀胱經、外感受涼有關，不過，因為肝經絡到頭頂的百會穴，有些時候反而是和側方偏頭痛一樣，和肝膽經、肝血不足有關。通常可以從病人頭痛發展的過程，以及身體其它症狀，來判斷是兩類頭痛的哪一類。</p>\n<p>這四類頭痛可以單獨出現，也可以混雜著出現。譬如壓力大、常熬夜的青少年，又每天喝冰珍珠奶茶，結果一頭痛起來，從左邊的太陽穴、經過前額、一直痛到右邊的太陽穴。甚至也因為熬夜、睡不好，體力差時容易受風寒，後頭也開始痛，導致整個頭好像戴了孫悟空的緊箛一樣，一整圈連起來痛，還一下緊縮一下放鬆似的陣痛，最後頭痛傳到頭頂的百會穴，大吐大嘔。</p>\n<p>對於家裡兒童或青少年常常喊頭痛時，做爸爸媽媽的可以仔細詢問他們是哪個部位疼痛，依照不同頭痛的部位來了解病因，從改善生活習慣做起，幫助他們遠離頭痛。當然，最好還是即時找一位專業的中醫師來看診，把頭痛及其它健康問題一起解決掉。</p>\n<p> </p>",
  "article_time": "2018年11月08日 16:11",
  "comments": [
    {
      "id": "0a2d554cf2e8fc7bad81200ae528eaa0",
      "author": "劉承先",
      "time": "2018年12月05日 04:11",
      "content": "<p>尊敬的李忠恩医师,<br/>\n我是住在新加坡的劉承先。我大女兒今年二十二㱑，剛被西醫诊断患了單純型精神分裂癥。正在吃西葯 Risperidex，有二個月了。她的行爲變得孤僻，懶㪚，對人對事都沒興趣，情感淡漠，偶而自笑，整天把自己關在房間里。去年十一月剛開始時有幻聽但現在沒了。請問中藥是否對她有幫助？她的癥狀是不是五藏不平衡造成的？我們很希望帶她來給您治療。您認爲如何？希望您給我們一點意見。<br/>\n很感謝您在百忙中抽空回邮。<br/>\n祝吉祥如意。</p>",
      "level": 0,
      "highlight": false,
      "children": [
        {
          "id": "67fe507e00f8cb75e6c508a5bd2e5ae9",
          "author": "andy",
          "time": "2018年12月05日 09:28",
          "content": "<p>我幫助過許多精神病患，每一個都不一樣，得當面看診深入了解才有辦法提供意見。</p>",
          "level": 1,
          "highlight": true,
          "children": []
        },
        {
          "id": "f9a017fa9514c6d31e04eff0d590f95f",
          "author": "偉斌",
          "time": "2018年12月06日 16:37",
          "content": "<p>劉承先 先生你把李醫師名字打錯了</p>",
          "level": 1,
          "highlight": false,
          "children": []
        }
      ]
    },
    {
      "id": "7c7afe3c3f62b417279ba3bcbb6cc239",
      "author": "lmc",
      "time": "2018年12月05日 22:21",
      "content": "<p>是李宗恩 医师</p>",
      "level": 0,
      "highlight": false,
      "children": []
    },
    {
      "id": "caa43a81ff74d14e9cd5cbc613bf1fbc",
      "author": "自清",
      "time": "2019年02月21日 19:33",
      "content": "<p>尊敬的李醫師:新年好，我在您的網頁上看過您說吳茱萸不開口的有毒，開口的吳茱萸沒毒，是嗎？它們的藥效差不多吧？</p>",
      "level": 0,
      "highlight": false,
      "children": [
        {
          "id": "fb10a538bbe262f0ccded323a5b7504b",
          "author": "andy",
          "time": "2019年02月22日 19:15",
          "content": "<p>你搞混了，我的網頁上沒有提過這樣的事情。</p>",
          "level": 1,
          "highlight": true,
          "children": []
        },
        {
          "id": "e4748b82a87449e98656c709982415eb",
          "author": "正悟",
          "time": "2019年12月10日 17:23",
          "content": "<p>你说的应该是蜀椒吧</p>",
          "level": 1,
          "highlight": false,
          "children": []
        }
      ]
    },
    {
      "id": "c2281ede959ed79baa35bafbe82ff17e",
      "author": "YcLin",
      "time": "2020年05月09日 05:19",
      "content": "<p>李醫師您好，請問如果單是太陽穴的位置痛，算不算是頭痛呢？如果算的話是屬於膽經的問題嗎？謝謝！</p>",
      "level": 0,
      "highlight": false,
      "children": [
        {
          "id": "5c5cdd5c07cb488069b6d21c9d5062d4",
          "author": "李宗恩",
          "time": "2020年05月10日 20:25",
          "content": "<p>太陽穴疼痛可以算作偏頭痛，但是，和其它部位的頭痛一樣，治療起來還是得考慮綜合症狀表現。</p>",
          "level": 1,
          "highlight": true,
          "children": [
            {
              "id": "a20c598c88d225661574fcf27facdf3f",
              "author": "YcLin",
              "time": "2020年05月11日 06:52",
              "content": "<p>謝謝您解答！</p>",
              "level": 2,
              "highlight": false,
              "children": []
            }
          ]
        }
      ]
    },
    {
      "id": "d2570f89d9e9abbf87c9c958ca27f2bd",
      "author": "沈煇峰",
      "time": "2020年05月13日 22:09",
      "content": "<p>李醫師您好，向您請教一個問題，一位病人身體偏虛弱，有上熱下寒，臍上任脈觸診似正中芯（我視為是心下痞），便偏溏，主訴是前額印堂區皮膚枯槁色紅，常有熱感發癢。我以胃經虛熱，用半夏瀉心湯類（半夏，乾薑，黃芩炭），但效果不好。查了教科書，說印堂區屬肺，如果教科書是對的，那我的方向就要改了。不知李博士可否指點我一個方向？感恩！</p>",
      "level": 0,
      "highlight": false,
      "children": [
        {
          "id": "6cbc853fcddc96504189f03b4dd774bd",
          "author": "李宗恩",
          "time": "2020年05月19日 11:55",
          "content": "<p>中醫不是只看一兩個症狀，不是前額印堂區皮膚枯槁色紅就定論為什麽問題，就算是有胃虛熱的表現，也得診斷原因，而非直接對應到半夏瀉心湯類。換句話説，你的癥結不在印堂區屬胃還是屬肺，而是你停留在簡單症狀對應方劑的誤解中，當然也就無法解決問題。</p>",
          "level": 1,
          "highlight": true,
          "children": [
            {
              "id": "fd90a3dffdc34ff2b289b1fe1ca6a740",
              "author": "沈煇峰",
              "time": "2020年05月19日 20:34",
              "content": "<p>感恩李博士您的當頭棒喝！感覺現在不少中醫也停留在方證對應的階段，而難以再進一步去思考原因。請教您對於我們這樣的人，有沒有什麽方法可以讓我們提升思維層次呢？感激不盡。</p>",
              "level": 2,
              "highlight": false,
              "children": []
            }
          ]
        }
      ]
    }
  ],
  "page": 33,
  "order": 6,
  "filename": "data\\page33\\page33_order5_fb10a538bbe262f0ccded323a5b7504b.json"
}