{
  "article_url": "https://andylee.pro/wp/?p=4670",
  "title": "牛皮癬",
  "content": "<p>牛皮癬是個麻煩的問題，西醫認為是免疫系統疾病，也就是説只能壓制症狀，無法真的根治。中醫治療牛皮癬也不輕鬆，倒不是多難辨證論治來把身體拉回到平衡狀態，而是牛皮癬非常頑固，治療時常常看到起起伏伏，得拖上好幾個月，醫生及病人都得有些耐心，不能中途而廢，可惜了中醫可以治癒牛皮癬的可能性。</p>\n<p>這位病人，男，華人，約60歲，全身上下很多地方都有牛皮癬， 自述已經二十年了，試過許多西醫、中醫、及一些網路流傳的偏方，沒有進展，在朋友推薦下，想來診所試一試。</p>\n<p>治療牛皮癬，我通常會分兩步，第一步是「發」，第二步是「補」。「發」，是指把皮癬整個發出來，讓皮下不好的髒東西（中醫泛稱為濕）先排掉，常常會以麻杏薏甘加減為主力，加上清肝、清表等中藥。「發」的這一步，對一些愛美的女士而言，有些辛苦，同時也考驗病人對醫生功力的信任度，畢竟一旦開始「發」，皮癬會看起來比治療前還糟糕。</p>\n<p>當「發」一段時間後，牛皮癬會開始有許多白白的皮屑，底部的皮膚顏色也慢慢從紅轉為正常，這個時候就可以進入第二步「補」。牛皮癬除了和皮下的濕有關以外，另一個重點大多數是肝的解毒功能不好，我們得把肝的功能提升，才能讓牛皮癬斷根。一般而言，補肝之前應該先清肝，這樣才補得輕鬆順利，然而，我通常把清肝直接併在「發」的第一步，因為有些清肝的中藥也容易發出皮疹，既然病人會發的更嚴重，那就把清肝的藥合併在內，要難過就一次難過。</p>\n<p>如果第一步「發」做得好，開始進入第二步「補」的時候，牛皮癬就會開始退去，當然也不是一兩天的事情，會一週一週的慢慢進步。</p>\n<p>這位病人，聽了我的解釋，很勇敢的説，討厭的牛皮癬都已經二十年了，要發就發，沒什麼好怕的。於是，我也沒有刻意減低藥量，讓病人「勇敢的發」，他的皮癬也真的一週比一週發的更多。</p>\n<p>這樣皮癬發了四週，還看不到發盡的感覺，病人自己不介意，我卻替病人感到辛苦，於是決定轉成第二步來補他的肝，再搭配一些滋潤皮膚的中藥。病人的牛皮癬果然開始退，進步的速度比我原先預料的還好。這週來複診，為初診後的兩個月，基本上，上半身的牛皮癬已經退得差不多了，幾乎看不出來有皮癬。下半身的牛皮癬也退了不少，但是沒有上半身那麼快，所以，這週開始，在原藥方中加入一些引藥下行的中藥，讓藥效偏重於下半身，期待下半身的牛皮癬在幾週之內可以退盡。</p>\n<p> </p>",
  "article_time": "2018年01月17日 14:41",
  "comments": [
    {
      "id": "a721e6d2659e9f6ef9d5fdf5490f1f1e",
      "author": "魯豆腐",
      "time": "2018年01月17日 17:32",
      "content": "<p>如果加入針刺放血的手法或許會更好些吧</p>",
      "level": 0,
      "highlight": false,
      "children": [
        {
          "id": "6dad6b314a084e2481f272660055e6d9",
          "author": "andy",
          "time": "2018年01月17日 20:18",
          "content": "<p>是的，如果再加上針灸、放血，效果會更好。我有幫這位病人針灸，只是寫文章的時間不多，我多半是想到什麼寫什麼，有些細節沒在正好在思緒裡出現，也就沒有特別寫入文章內。</p>",
          "level": 1,
          "highlight": true,
          "children": [
            {
              "id": "a56f12a400630d8da34d9a09ddc593a1",
              "author": "魯豆腐",
              "time": "2018年01月18日 01:57",
              "content": "<p>感謝您的回覆，畢竟您也太忙了</p>",
              "level": 2,
              "highlight": false,
              "children": []
            }
          ]
        }
      ]
    },
    {
      "id": "2f3545fc9dc171f16aa084240a268224",
      "author": "王彦强",
      "time": "2018年01月19日 12:01",
      "content": "<p>刚看到李医师的经历，我跟您有类似的中医缘分。本人是中国大陆的一名工程师。2007年外婆因食道癌去世，看着她不能吃东西心里难过，西医说老人也不能手术，只能做化疗，结果不到半年就去世了，2009年爷爷被认定是老年痴呆，治疗一周后去世（怀疑是药物中毒）就在当年母亲也脑溢血，身体行动不便。经历这些事，自己觉得应该学点医学知识，让家人能更健康的生活。不过我没有李医师这样幸运遇到倪老师，我是一直在大陆跟学院派的老师学习，一直没什么大的进步，最年才听到倪师和梁冬的对话才看到了中医的真正魅力！这才从网络上看到了李医师的部落格有机会和李医师交流。从倪师的文章中看得到很大启发，今年有一女同事因子宫囊肿做了手术，三个月有长出了，当时我在想用桂枝茯苓丸应该就可以了，让她吃了一个月的药，再去医院检查果然消失了，免去做手术的痛苦。</p>",
      "level": 0,
      "highlight": false,
      "children": [
        {
          "id": "61e7ffdc1a324b6ac9b9bb6a5a102bfb",
          "author": "andy",
          "time": "2018年01月25日 20:19",
          "content": "<p>是的，很多人是因為家人生了重病，西醫治療效果不好、有許多不合理的地方，因而開始專研中醫。好好加油，以後可以幫家人朋友及許多需要幫忙的生命。</p>",
          "level": 1,
          "highlight": true,
          "children": []
        },
        {
          "id": "c4f26504c1caa1fd309cfd9da3f76608",
          "author": "自由的道长",
          "time": "2018年03月04日 03:03",
          "content": "<p>学院派肯定效果不好。他们只会写书评职称，败坏中医。我也是工程师，2009年开始自学经方派，不过没有多少实践，书读的少，水平低。但是非常热爱中医。我们有一个经方爱好者群，邀请你来。我的微信li9661537</p>",
          "level": 1,
          "highlight": false,
          "children": []
        }
      ]
    },
    {
      "id": "8ca048e81c48a7cbc8b3a93360feee78",
      "author": "Alan",
      "time": "2018年01月24日 20:42",
      "content": "<p>李醫師:</p>\n<p>你好，本人背部有濕疹多年，很痕癢，而大概數年前頸部也出現這些疹，而當瘙時會有些白色粉末，看了西醫多年也沒用。而背部和頸部間中也會出一些瘡，有些會有膿，有些則沒有但有壓痛。最近大半年還有頭瘡，在後頸和頭皮位置也有，而且是經常出現，長期也有兩至三粒在頭皮各部位。</p>\n<p>而這問題好像亦感覺體內也有瘡，因為有時頸部淋巴位置也有，最近數月還有些作嘔作悶和胃氣，因此非常擔心，西醫建議照胃鏡和腸鏡，但結果正常，然後西醫就只說可能是結構性的問題，可以係精神壓力或其他原因引致。</p>\n<p>但本人很擔心，因為像身體上不斷有瘡長出來，請問李醫師，有沒有方法可幫忙? 謝謝!</p>",
      "level": 0,
      "highlight": false,
      "children": [
        {
          "id": "81ee2e3cf6785cb5a79d321a78eef82e",
          "author": "andy",
          "time": "2018年01月25日 20:37",
          "content": "<p>你最好能就近找個功力夠的中醫師好好看診，如果真的沒辦法，非得需要我診所的幫忙，可以和診所連絡：info@youngQi.com</p>",
          "level": 1,
          "highlight": true,
          "children": [
            {
              "id": "ae9d548fac856361fb74332335424986",
              "author": "Alan",
              "time": "2018年01月26日 03:37",
              "content": "<p>我住在香港，請問李醫師有沒有好的中醫師推薦? 謝謝。</p>",
              "level": 2,
              "highlight": false,
              "children": []
            }
          ]
        },
        {
          "id": "9a4b3282591821810509514bf9486d11",
          "author": "强姐",
          "time": "2019年01月08日 17:43",
          "content": "<p>联系我强姐62809920</p>",
          "level": 1,
          "highlight": false,
          "children": []
        }
      ]
    },
    {
      "id": "c6592b7900217cc39a4517069d157556",
      "author": "Rocky",
      "time": "2018年03月12日 07:49",
      "content": "<p>江西有个70多的老太太，祖传的中医，用针灸治牛皮癣的，有个案例是40岁的女性，从脚到身上到脸全长了牛皮癣，连阴部也长了，老公闹着要离婚了。后来找到这个老人家，前后用了4-5个月，完全治好了。</p>",
      "level": 0,
      "highlight": false,
      "children": [
        {
          "id": "d4e136a2b43605542ad9ca002d0f3a11",
          "author": "大頭",
          "time": "2018年04月10日 18:45",
          "content": "<p>中醫真美啊⋯⋯</p>",
          "level": 1,
          "highlight": false,
          "children": []
        }
      ]
    },
    {
      "id": "6ce3392c9d6637aa0c84f57bb8e7652f",
      "author": "倪师学习者",
      "time": "2023年08月14日 19:02",
      "content": "<p>李医生，我想问请教你一下，脸上和头上西医认为是脂溢性皮炎，看了大陆中医说是湿毒，吃些清热解毒的药确实有些效果，但是没几天又发出来了断不了根，这种皮肤问题的根源跟牛皮癣的治法方向是一样的吗？还是另有原因可否指点一下迷津</p>",
      "level": 0,
      "highlight": false,
      "children": [
        {
          "id": "077b4802403e997d1363966fcae28c30",
          "author": "李宗恩",
          "time": "2023年08月15日 09:31",
          "content": "<p>不是看到什麼發炎，就清熱解毒，這是目前中醫藥大學教育的問題。而你問了許多問題，都偏向這個那個問題怎麼治，代表你沒有真的理解中醫的思維，中醫講辨證論治，藉由所有的症狀表現來反推身體內部的問題，而不是拿著單一症狀就想開什麼藥方。</p>",
          "level": 1,
          "highlight": true,
          "children": [
            {
              "id": "1f33cc16e6930dff6a2315fa2c898da3",
              "author": "倪师学习者",
              "time": "2023年08月15日 19:47",
              "content": "<p>哦哦，明白了谢谢李医生</p>",
              "level": 2,
              "highlight": false,
              "children": []
            },
            {
              "id": "d5d2a6674630e3d71a0f66ed9e644895",
              "author": "Roony",
              "time": "2023年08月16日 20:39",
              "content": "<p>李博士的評論真是醍醐灌頂，從看證論治到辨證論治，看證論治就是什麼證用什麼方，發燒就退燒，有濕就祛濕，而辨證論治通過症狀表現來反推身體內部的問題，之後拿出對應的策略，見外揣內。 傷寒論的條辨其實就是通過外證推出體內的情況之後出方的紀錄，如倪師講的：見外知內為聖，學而後思則悟。</p>",
              "level": 2,
              "highlight": false,
              "children": []
            }
          ]
        }
      ]
    },
    {
      "id": "caead499929af5270ff6846acc5e48a7",
      "author": "暗香疏影",
      "time": "2024年03月26日 04:38",
      "content": "<p>这篇文章李博士讲了泻和清的方向，请教李博士补的话是什么方向？</p>",
      "level": 0,
      "highlight": false,
      "children": [
        {
          "id": "cecd87edb539f2cf50d7f22bc72a2cdb",
          "author": "李宗恩",
          "time": "2024年04月11日 15:21",
          "content": "<p>以前討論過，你可以自己查詢。</p>",
          "level": 1,
          "highlight": true,
          "children": []
        }
      ]
    },
    {
      "id": "e16c864af65fd71b2c61c3ed8106a0c3",
      "author": "球球",
      "time": "2024年07月06日 10:02",
      "content": "<p>李医生，请教下  白癜风治疗思路也是先发后补吗？</p>",
      "level": 0,
      "highlight": false,
      "children": [
        {
          "id": "b21a922d873f765a867cfd0784a77906",
          "author": "李宗恩",
          "time": "2024年07月16日 15:51",
          "content": "<p>中醫不是以西醫病名來看診，所謂白癜風，每個病人也不一樣。</p>",
          "level": 1,
          "highlight": true,
          "children": []
        }
      ]
    },
    {
      "id": "73e1a633ac0fdb9f8de67fac9ab67995",
      "author": "古道",
      "time": "2024年07月15日 20:59",
      "content": "<p>李博士，您好：<br/>\n  您處理這位患者的先“發”后“補”的方式，是否也會根據患者的不同身體情況加以調整，例如說患者可能本身氣血比較“虛”，會考慮先“補”一個階段，然後再“發”麽？<br/>\n  我自己的亂想，如果不合理的地方，請你諒解。<br/>\n謝謝！</p>",
      "level": 0,
      "highlight": false,
      "children": [
        {
          "id": "02b362827efe697387b92fe2d6bfd86c",
          "author": "李宗恩",
          "time": "2024年07月16日 22:55",
          "content": "<p>當然，你這不是明知故問嗎？</p>",
          "level": 1,
          "highlight": true,
          "children": [
            {
              "id": "fccdb4ef9be693ad58ab1c0223d6159b",
              "author": "古道",
              "time": "2024年07月16日 23:01",
              "content": "<p>抱歉！感谢您的解答。</p>",
              "level": 2,
              "highlight": false,
              "children": []
            }
          ]
        }
      ]
    },
    {
      "id": "e2532554cf80acb12534464e1eb25ba3",
      "author": "Celi",
      "time": "2025年08月21日 04:52",
      "content": "<p>李醫師好，想請教一個問題，<br/>\n就是您談到「癬」、「異位性皮膚炎」，這類案例的時候，似乎都沒有要病人忌口。<br/>\n比如不吃海鮮、芒果、筍子等等。</p>\n<p>但是網路上查，很多中醫師一提到過敏或跟皮膚有關的問題就這個不能吃、那個不能吃，搞得很緊張。</p>\n<p>請問那些禁忌是搞錯方向了，還是真的需要呢？</p>\n<p>（我看倪海廈老師的文章，似乎只有說不要吃牛奶、加工食品，好像沒那麼多條條框框。）</p>",
      "level": 0,
      "highlight": false,
      "children": [
        {
          "id": "ef418c6bcd8948c9de959d471fcd6f9f",
          "author": "李宗恩",
          "time": "2025年08月22日 10:00",
          "content": "<p>當然有忌口，但得有個限度，不然大多數病人無法遵守，也造成病人壓力、情緒緊張等，反而適得其反。</p>",
          "level": 1,
          "highlight": true,
          "children": [
            {
              "id": "e11e7e9455207b17f13f487466aaafc0",
              "author": "Celi",
              "time": "2025年08月25日 06:13",
              "content": "<p>謝謝李醫師回答，我以為只要乖乖吃藥就好了（誤）</p>\n<p>也感受到李醫師在看診時需顧及患者的各種情況、下藥輕重的拿捏、時機，還有心理狀態……諸多因素。醫療不只是技術本身，而是需要「仁心仁術」。</p>\n<p>「內不治喘、外不治癬」也意謂著考驗著患者本身的節制與毅力！</p>",
              "level": 2,
              "highlight": false,
              "children": []
            }
          ]
        }
      ]
    }
  ],
  "page": 37,
  "order": 1,
  "filename": "data\\page37\\page37_order1_3df738497debb60ba483ba69e20f730b.json",
  "timestamp": 1757753135.8026297
}