{
  "article_url": "https://andylee.pro/wp/?p=10777",
  "title": "又一個奇特的少女病例（續）",
  "content": "<p>九月中那篇「又一個奇特的少女病例」的病人，被安排在昨天下班前最後一個時段看診。隔了兩個月，病人進步許多，知道一個年輕的生命從無助中回到光明的世界，讓我很欣慰。雖然整天忙於看診，身心都挺疲憊的，從診所開車回家的路上，心情卻非常好，縱使舊金山灣區的交通再度變得擁擠，傍晚的晚霞似乎特別亮麗。</p>\n<p>上次提到，這位年輕的病人13歲開始覺得整天都很累，隨著病情發展越來越累，只好停學在家裏休養。幾年下來，大多數時間都躺在床上，吃飯累，上厠所累，累到沒辦法刷牙，牙齒幾乎全部都蛀光了！在家看看書、做做事是不可能的，稍微動作大一些就很疲憊，出門透透氣更是做不到的。一個年輕的生命被鎖在一個疲憊不堪的身軀裏，而這個身軀又被鎖在一個窄小的空間裏，即使這個生命偶爾有體力想像一下外面的世界，她的認知也只停留在國中生的日子裏，而且還只剩下模糊不清的印象。</p>\n<p>從上次看診，兩個月來維持原來的藥方，依然是很輕的中藥組合。病人持續進步，已經可以和媽媽一起去逛當地六層樓的商城，會要媽媽帶她去圖書館看書，開始注意自己的梳妝打扮，一朵本來還沒綻放就要凋零的花苞，再度得到了陽光和雨水的滋潤，重新含苞待放地展開她的色彩，讓人有股生命湧現的感動！</p>\n<p>昨天我和病人、病人爸爸、病人媽媽分別討論了許久。我告訴他們，在這個恢復正常的路程上，醫生的工作將逐漸減輕，他們的工作卻會大幅增加。病人停學多年，這段期間中也沒有任何的學習，想重新進入中國的教育系統，幾乎是不可能的了。然而，病人並非智力發展不全，本來是個聰明機靈的孩子，只是因爲長期失學而知識無法成長，但不代表病人無法重拾書本，進而走向專業領域。我告訴他們，現在就要設立五年計劃，譬如病人牙齒幾乎全蛀光了，服用再多的中藥，牙齒也不會再長出來，得考慮花一年的時間來植牙、裝假牙；病人太久沒有正常活動，肌肉嚴重流失，雖然中藥可以幫助恢復，還是得進行物理復建、適當運動個大半年；病人幾年都躲在家裏，對外面的世界很陌生，到人多的地方會害怕，需要刻意安排各種活動，讓她逐漸拾回自信心；學習部分更是需要有多年的計劃，雖然現在看起來很困難，只要一步一步地跨出去，幾年下來的進度可以很驚人，五年後進入國内外一所好大學念書，不是不可能的，當然也不會太晚。</p>\n<p>我告訴這位年輕的病人，這次看診給她的任務是去剪個漂亮的頭髮、去逛街買幾件喜歡的衣服。我是認真的，不是和病人開玩笑，因爲年輕的女孩子對未來充滿希望，自然會想要梳妝打扮，而把自己外觀整理好，心情也會好一些，自信心也會多一些，雖然只是很小的一步，但是，只要一小步一下步地跨出去，總有一天可以達到山頂！</p>\n<p></p>",
  "article_time": "2021年11月05日 12:35",
  "comments": [
    {
      "id": "72c9c0423c8d993bfa13b62e3f21ee04",
      "author": "李静",
      "time": "2021年11月07日 16:11",
      "content": "<p>您好李医师，请问如何能远程预约您看诊？</p>",
      "level": 0,
      "highlight": false,
      "children": [
        {
          "id": "3d09647d13d7b157c2c9257f9f36b030",
          "author": "李宗恩",
          "time": "2021年11月09日 10:11",
          "content": "<p>請聯絡診所: <a href=\"mailto:info@youngQi.com\">info@youngQi.com</a></p>",
          "level": 1,
          "highlight": true,
          "children": []
        }
      ]
    },
    {
      "id": "af11bdbcff735f36766012f6d41d2eaa",
      "author": "想",
      "time": "2021年11月07日 17:56",
      "content": "<p>感谢李博士，挽救了一个又一个鲜活的生命，本文中您写到“我告訴這位年輕的病人，這次看診給她的任務是去剪個漂亮的頭髮、去逛街買幾件喜歡的衣服。我是認真的，不是和病人開玩笑”，这句话让我热泪盈眶，真不愧是掌门大师兄，让我再次领教学习到何为大医风范（就像倪师2009年在广西南宁讲仲景心法时，有过三个现场看诊的案例，倪师和患者的互动包括一些幽默的玩笑让患者打开心扉，都让我学到真正的大医如何看诊。倪师其他弟子比如杨贞老师等等老师的资料好少，可能没有公开吧）。我是倪师和您的铁粉（虽然已经学习完人纪课程，仅仅算稍微入门而已，仍有太多太多的疑惑，所以不敢认为自己是倪师或您的小学徒，只好称作铁粉吧），最近几个月都在学习您网站上的内容，获益匪浅，尤其是您讲到正统中医或者正统经方的核心在于辨证论治，您的讲解让我更加深刻的理解了人纪的内容（个人是学理工科的，所以您的一些解释听着很亲切），个人领悟到辩证的过程有点像数独游戏（不知道这个想法是否正确，希望能得到您的批评指点）。简单讲就是通过四诊获取一些信息，四诊的水平越高，医患的互动越好，获取的信息越丰富越接近真实，然后再通过已知信息按照正统中医（经方）的思维方式推导出未知信息，进而得出完整的生理病理链条（就是您讲的肝心脾肺肾全部转一圈，当然复杂一点的情况需要如此，简单的比如太阳表证或者很明显一目了然的情况可能不太需要这样）。辩证之后，才可论治，针灸、药物的选择，或者说治疗方式的选择，必须建立在准确辩证的基础之上（有时候可能得不到完整的链条，需要所谓直觉或者灵感吧，不过直觉或灵感一定是建立在深厚扎实的基本功、大量的临床实践和真正医者之心之上），所以方子其实次要，辩证才是核心。不知道我这样想法是否正确，非常浅薄的认识，班门弄斧贻笑大方。再次感谢李博士和倪师的无私奉献！不辞辛劳的拨开中医千年传承的迷雾，去除糟粕，让倪粉得到的全是“干货”，感恩！</p>",
      "level": 0,
      "highlight": false,
      "children": [
        {
          "id": "dabe603519597c0b64e7ed11f4fbdd1d",
          "author": "李宗恩",
          "time": "2021年11月09日 10:16",
          "content": "<p>謝謝你告訴我。你數獨的比喻是合理的，從有限的外在資訊及游戲規則（生理病理學）來思考如何完成任務。深入了解病人問題所在是最重要的，如果知道根本的問題，藥方式順水推舟。</p>",
          "level": 1,
          "highlight": true,
          "children": [
            {
              "id": "91df2eb53a0ed28443c2377181ba717f",
              "author": "想",
              "time": "2021年11月09日 16:41",
              "content": "<p>感谢您的指点！刚买了您的大作《当张仲景遇上史丹佛》，准备好好享受一下这道盛宴（在京东购买的，应该可以确定是正版）。另外，想咨询一下，您是否可以推荐在中国大陆购买正版《人纪》的渠道（线上或者线下都可以）。倪师所传《人纪》的重要意义，不能以金钱衡量，我只是想略表心意，从毫无中医基础的小白，到现在学了一年多人纪，都是免费的，真是惭愧，虽然倪师真正的愿望是把正统中医推向全世界不太计较金钱，我个人还是想通过购买正版来表达最衷心的感谢。</p>",
              "level": 2,
              "highlight": false,
              "children": [
                {
                  "id": "b3455eb0fcaa17481a3725dc8ec43076",
                  "author": "李宗恩",
                  "time": "2021年11月10日 16:34",
                  "content": "<p>你可以聯絡台北漢唐中醫診所。</p>",
                  "level": 3,
                  "highlight": true,
                  "children": [
                    {
                      "id": "af13f67e1a43415c89f58cb47dcb1fc6",
                      "author": "想",
                      "time": "2021年11月10日 22:20",
                      "content": "<p>好的，谢谢您，我试着找了一些，网上太多错误或者欺诈信息了，我大概筛查了一下，您说的应该是台北汉唐经方中医诊所，地址是台北市忠孝东路5段242号4楼，电话是（02）8786-2058转9，请问对吗？</p>",
                      "level": 4,
                      "highlight": false,
                      "children": []
                    }
                  ]
                }
              ]
            }
          ]
        },
        {
          "id": "cff35e0945f4b3fbf6520bbb483e57c4",
          "author": "carey",
          "time": "2021年11月11日 21:53",
          "content": "<p>台北漢唐中醫診所，+886-2-8786-2058</p>",
          "level": 1,
          "highlight": false,
          "children": [
            {
              "id": "7fcbb25b1e7e8c80ae4c3b8debb5782b",
              "author": "想",
              "time": "2021年11月12日 21:51",
              "content": "<p>感谢您！</p>",
              "level": 2,
              "highlight": false,
              "children": []
            }
          ]
        }
      ]
    },
    {
      "id": "ce995236f70fa6a9632d0c6ed63b883e",
      "author": "carey",
      "time": "2021年11月07日 18:25",
      "content": "<p>杏林春暖，宗恩老师也是一位很厲害的心理學家！診所的忙忙碌碌，您要多保重！</p>",
      "level": 0,
      "highlight": false,
      "children": [
        {
          "id": "f855e433bc41b0bff994db507195a369",
          "author": "李宗恩",
          "time": "2021年11月09日 10:16",
          "content": "<p>謝謝你的關心！</p>",
          "level": 1,
          "highlight": true,
          "children": []
        }
      ]
    },
    {
      "id": "bff881d9ef33782e222f5a0431bb2959",
      "author": "李静",
      "time": "2021年11月09日 06:57",
      "content": "<p>尊敬的李医生您好，我叫李静，来自大陆山东省烟台市。在2020年疫情之初，我偶然间通过“岐黄圣贤智慧”这个微信公众号，有幸结识了倪师和他的人纪课程，得知您是倪师的亲授弟子，也用了一年多的业余时间，看完了一遍人纪五部经典的视频课。非常感叹于正统中医治病的思维和方法，也对当下的医疗方式感到无奈。遗憾的是，我的老公今年38岁，两三年前发现了糖尿病和高血压，高血脂，前年发生急性胰腺炎，住院后发现肺部有块阴影，没有确诊是什么，当做疑似肺结核治疗了将近一年，也没有什么改变。去年还中过风。年纪不算大，毛病一大堆。就在两个多月前，我认为是他玩游戏时过度恼火，也可能是那段时间天气热的使他比较暴躁，他的眼睛开始模糊不清。去我们当地比较好的西医院检查，结果是静脉水肿，眼压高，在医院做了激光矫正，当时觉得清楚一些，拿了药回来吃，效果却并不理想。前后去了两三次医院，最后这次去住了院，住院期间，控制血压血糖，这些指标降下来了，做了眼底造影检查，结果是糖尿病视网膜病变三级，还有黄斑。医生让他出院，说眼睛的问题要自己看门诊治疗，每周要激光矫正两三次，还要往眼球上打针。我们现在真的很迷茫，不知道这样做结果会不会更坏。我祈求李医生能在百忙之中看到我的求助，告诉我该怎么办，或者能够帮我安排一次远程看诊，非常感激！</p>",
      "level": 0,
      "highlight": false,
      "children": [
        {
          "id": "e2c58a4074e779b551c865120e4f2314",
          "author": "李宗恩",
          "time": "2021年11月09日 10:12",
          "content": "<p>請聯絡診所: <a href=\"mailto:info@youngQi.com\">info@youngQi.com</a></p>",
          "level": 1,
          "highlight": true,
          "children": [
            {
              "id": "de88eae8bf3212272d13a1dcc8c4fda3",
              "author": "李静",
              "time": "2021年11月09日 20:13",
              "content": "<p>好的，谢谢您！</p>",
              "level": 2,
              "highlight": false,
              "children": []
            }
          ]
        }
      ]
    },
    {
      "id": "62fbfbb238c8453eddcacd612486db9c",
      "author": "有缘终会再相遇",
      "time": "2021年11月09日 22:37",
      "content": "<p>李医师，因为你曾经的一句话，我走上了中医之路，感谢你无私地分享。你的博客已然成为我在迷失方向时的导航灯，指引我，激励我。加油，珍重！</p>",
      "level": 0,
      "highlight": false,
      "children": [
        {
          "id": "9bc45fe08e6373dd526a5a13df60506e",
          "author": "李宗恩",
          "time": "2021年11月10日 16:33",
          "content": "<p>謝謝你告訴我，加油！</p>",
          "level": 1,
          "highlight": true,
          "children": []
        }
      ]
    },
    {
      "id": "1e73ea5af31d38908d93d11fcd594734",
      "author": "小宇",
      "time": "2021年11月10日 04:21",
      "content": "<p>李医生，请问粉防己是否就是经方里的木防己？市面上的防己有好几种，能否请您发一张您使用的防己图片？</p>",
      "level": 0,
      "highlight": false,
      "children": [
        {
          "id": "92cf2e42b0498f39d237518755ebb0ae",
          "author": "李宗恩",
          "time": "2021年11月10日 16:34",
          "content": "<p>粉防己和木防己不同，木防己含有馬兜鈴酸，已經被大多數地方禁止使用。</p>",
          "level": 1,
          "highlight": true,
          "children": []
        }
      ]
    },
    {
      "id": "9fc03bedd266e5b74735940f8c22049e",
      "author": "小宇",
      "time": "2021年11月10日 18:04",
      "content": "<p>现在汤剂中使用的防己就是粉防己吗？</p>",
      "level": 0,
      "highlight": false,
      "children": [
        {
          "id": "384e73d11eebfba3e14bf696f0b91058",
          "author": "李宗恩",
          "time": "2021年11月14日 21:41",
          "content": "<p>是的</p>",
          "level": 1,
          "highlight": true,
          "children": []
        }
      ]
    },
    {
      "id": "fa4c83d4b5127e2c9f76856b7cd1a06a",
      "author": "无显示",
      "time": "2021年11月11日 16:35",
      "content": "<p>李医生，你好！请您分享下案例：有关5-11岁孩子打新冠疫苗后的情况。如果我可以控制，不会让孩子明天去打新冠疫苗，真希望我能提小孩受伤害。Ohio 我们地区明天公立学校和私立学校都开始打。</p>",
      "level": 0,
      "highlight": false,
      "children": [
        {
          "id": "52f6fbd93a930a9cd708cf4ef40b2d7b",
          "author": "李宗恩",
          "time": "2021年11月14日 21:42",
          "content": "<p>每個病人的反應不一樣，得依照症狀辨證論治。</p>",
          "level": 1,
          "highlight": true,
          "children": []
        }
      ]
    },
    {
      "id": "cd31fe9f24e5b666e13bb51a5dcf5928",
      "author": "毛",
      "time": "2021年11月13日 13:57",
      "content": "<p>我把这篇完整的读给了我的美国邻居听。她已经40多岁，她的母亲90来岁还得需要担心她的未来需要人照顾。这个女士大概8-13岁的时候就突然很累，没有精力，她自己无法打扫自己的卫生，没有精力。随时累了就需要躺下来。如果她联系您，看看是否可以给她了结拖了半辈子的“累”。她也很聪明，就是没有精力。</p>",
      "level": 0,
      "highlight": false,
      "children": []
    }
  ],
  "page": 13,
  "order": 4,
  "filename": "data\\page13\\page13_order3_dabe603519597c0b64e7ed11f4fbdd1d.json"
}