{
  "article_url": "https://andylee.pro/wp/?p=10309",
  "title": "科學的盲點",
  "content": "<p>十多年前寫過一篇「<a data-id=\"https://andylee.pro/wp/?p=39\" data-type=\"URL\" href=\"https://andylee.pro/wp/?p=39\">中醫與科學</a>」（<a href=\"https://andylee.pro/wp/?p=39\">https://andylee.pro/wp/?p=39</a>）的文章，被許多人引用，也被香港朗文出版社收錄在其出版的「新高中綜合中國語文：科普作品選讀」（<a href=\"https://andylee.pro/wp/?p=3214\">https://andylee.pro/wp/?p=3214</a>）。那個時候指出，所謂「科學的思維」是「系統性的觀察、提出假說來解釋觀察到的現象、依照假說來預測其它的現象、再度觀察來證實我們的預測」。如果我們的假說禁得起長時間的考驗而不出錯，這假說就變成了定律，新的假說就可以用此定律為基礎，再來解釋其它現象，如此不斷地往上架構，而能解釋及改變各種現象，因而成爲了一門科學的學科。</p>\n<p>這樣的思維是所謂的「Logical Empiricism（邏輯實證論）」，也是目前科學界的共識，被廣泛使用，也造就了很多科學的突破。然而，建立在邏輯實證論的科學，有其根本的盲點，早在1960年代開始，就已經有很多科學家、哲學家、方法學家等都認知到問題所在，並有許多國際大型的討論來試圖解決。很可惜，經過那麽多年的討論及反省，目前還是沒有找到良好的答案，只能在原有的盲點内打轉。</p>\n<p>建立在邏輯實證論的科學有哪些基本的問題？最常被大家討論的有幾項：</p>\n<p>（1）「Confirmation vs. falsification」，在邏輯上，我們無法從觀察來正面推論一個理論的正確性（confirmation），只能從反面來否定一個理論（falsification）。譬如我們的理論為天鵝都是白色的，我們觀察一百隻、一千隻、一萬隻天鵝，發現他們都是白色的，但即使如此，我們也不能肯定哪一天會不會有隻黑天鵝冒出來。反過來説，如果我們假設天鵝都是白色的，卻發現了一隻黑天鵝，那我們就很容易知道我們的假設是錯的。大量的觀察，讓我們以爲理論是正確的可能性增加，但那也只是我們的偏見，譬如我們在一個地區看到所有的天鵝都是白色的，我們換到遙遠的另一個地區，才發現那裡的天鵝都是黑色的，而且那裡的天鵝數量遠遠大過原本地區的天鵝數量，那麽我們原本的觀察都只是個誤解，而非實證。</p>\n<p>（2）「Observation is theory laden」，所有的觀察，無論是一開始的觀察，還是之後用來證實理論的觀察，都受到我們原本的概念、理論、期待等影響，並非真的客觀，我們往往尋找及看到我們想要看到的東西。譬如，上個世紀初期，科學家認為「電子」是一種粒子，因此觀察電子的方式幾乎都是基於帶電粒子的偵測，而由這些觀察所推導的電子相關理論也就建立在粒子行為上面，也以偵測粒子的方式來驗證推導的理論。這當然是自圓其說，直到後來發現電子有波動現象，科學家才驚醒，了解到以前的「觀察」是非常侷限及片面的。然而，我們怎麼知道電子除了粒子及波動現象外，沒有第三種、第四種的行為表現，導致我們目前對電子的理解依然還是自圓其說？這樣的盲點在各種學科裡層出不窮，舉不勝舉，人們總是可以找到證據來證實自己的觀點。</p>\n<p>（3）「Circular logic」，科學界對一件事物的定義，往往是隨著理論的改變而改變，而非對應一個獨立的實體。當舊理論被發現不符合新的觀察時，我們不僅僅改變理論，我們對原本事物的定義也隨之改變，如此新的理論才能自圓其說。這樣的運作，其實是一種「循環式邏輯」。怎麼理解循環式邏輯？譬如我們說「大家應該遵守法律，因為不遵守法律是違法的」，這句話看起來有道理，其實完全沒有解釋我們為什麼要遵守法律。我們本來定義電子為一種帶電的粒子，當我們觀察到奇特的波動現象後，我們重新定義電子為一種具有粒子及波動雙重特性的東西，如此我們才能建立一個新的電子理論來解釋我們觀察到的現象，而這樣新的理論也才能配合電子的新定義。然而，在這樣循環式邏輯下，我們還是不知道電子到底是什麼，下一次看到無法解釋的現象時，我們再來改變電子的定義。</p>\n<p>（4）「Screening」，當我們觀察到的現象不符合主流理論時，我們的觀察往往被鄙視，成為雜音，自動被過濾掉。甚至我們自己在長期洗腦下，自動把看到的差別歸咎於各種觀察上的誤差。科學界的霸凌，絕對不少於校園內的霸凌，我們能看得到的資料，往往是主流選擇下的「證據」。</p>\n<p>無可置疑，一百年來科學大幅進步，把人類文明推向了從所未見的高峰。然而，如果我們過度相信邏輯實證論，無視現代科學所隱藏的盲點，那很可能將是人類最終衰敗的主要原因！</p>",
  "article_time": "2021年06月28日 21:26",
  "comments": [
    {
      "id": "ccca2925386e34e906a76dd2aedfcd06",
      "author": "carey",
      "time": "2021年06月28日 22:55",
      "content": "<p>宗恩老师:因为相信经方,在家人不幸罹患癌症后选择了经方治疗,在基因检测可以用靶向药的前提下毅然放弃西医的疗法！然而一年不到遇到了瓶颈,不知何去何从……感觉一切太渺茫,也时常陷入深深的自责中,无论哪种决定似乎都是错的……</p>",
      "level": 0,
      "highlight": false,
      "children": [
        {
          "id": "8dd4f9bd52680caa36a58973ba8e73ec",
          "author": "李宗恩",
          "time": "2021年06月29日 17:26",
          "content": "<p>任何醫學治療都不是絕對的，癌症更是非常棘手的。而兩種不同的醫療方式很難真的相互比較，沒有辦法讓病人重新回到以前，走不一樣的路，再來比較兩條路的差別。換句話説，如果你家人選擇了靶向治療，很難說他的情況會比較好，畢竟很多病人選擇了靶向治療後反而更早病逝，那麽你一樣也會很自責沒有選擇中醫治療。不過，你家人目前的治療情況，並不一定代表經方不能幫助他，或許是中藥材的問題，或許是中醫師思路的問題等等。</p>",
          "level": 1,
          "highlight": true,
          "children": [
            {
              "id": "1246e0524d02ef3fd887ed296918aac4",
              "author": "carey",
              "time": "2021年06月29日 18:55",
              "content": "<p>宗恩老师,谢谢您的答复！昨天我已经和您的诊所联系,被告知需要等2-3个月看诊, 而我们目前的情况似乎等不了那么久了. 我们还在喝中药,但病人已经喝不下,每天都很勉强的喝药.胸水无法控制住,之前用了较强的去水中药也不见成效.</p>",
              "level": 2,
              "highlight": false,
              "children": [
                {
                  "id": "cc06bbb246ae36da93bab59b1a6aede3",
                  "author": "李宗恩",
                  "time": "2021年06月29日 19:44",
                  "content": "<p>通常會有些病人因故調整看診時間，有變動時，診所同仁會盡量把在等待看診的急重症病人提前，不過，因為有許多急重症的病人在等候看診，我們無法保障多快可以看診。</p>",
                  "level": 3,
                  "highlight": true,
                  "children": []
                }
              ]
            }
          ]
        }
      ]
    },
    {
      "id": "efd088fb847665df5bc87539860f26c1",
      "author": "夜雨",
      "time": "2021年06月29日 06:25",
      "content": "<p>請教李醫師，大陸的中醫院，包括著名的“三甲”醫院著名的中醫師特別喜歡“肝陽上亢”這個詞，比如治療高血壓，動輒珍珠母、石決明、紫石英、鈎藤，而依個人的經驗，十個大陸人有九個都是處於肝虛的狀態，不僅是肝陰，往往肝之陽氣亦虛，既是虛證，最多也是虛而夾實，這些大名鼎鼎的醫家向來不用脾胃藥，也無柔肝藥，為什麽他們的醫案卻又顯示有療效呢？</p>",
      "level": 0,
      "highlight": false,
      "children": [
        {
          "id": "bba200cd5a5926230f2794bb4f3a5be6",
          "author": "李宗恩",
          "time": "2021年06月29日 17:28",
          "content": "<p>這樣的方式，在一些情況下確實可以治標，在血壓數字上很快看到改善，但不代表可以治本，服用久了，效果就差了。</p>",
          "level": 1,
          "highlight": true,
          "children": [
            {
              "id": "cb46b36da6a0dbce5d146787006798b2",
              "author": "夜雨",
              "time": "2021年06月30日 12:55",
              "content": "<p>感謝李醫師回復，如此也明白為什麽這些中醫會讓病人堅持吃降壓西藥了。祝工作、生活愉快。</p>",
              "level": 2,
              "highlight": false,
              "children": []
            }
          ]
        }
      ]
    },
    {
      "id": "606487368467bcd1dc389d89e838933b",
      "author": "carey",
      "time": "2021年06月29日 19:55",
      "content": "<p>明白了，我先跟诊所联络办好手续，在等候的这段时间内，能否让西医介入，比如先抽胸水来为中医争取时间呢？请宗恩老师指教！</p>",
      "level": 0,
      "highlight": false,
      "children": [
        {
          "id": "ece01972c458436a5dc64a1bc11f63fe",
          "author": "李宗恩",
          "time": "2021年06月29日 21:59",
          "content": "<p>還沒看診前，我對病人狀況一無所知，無法評論，你們認為該做什麼就做什麼，一般而言，西醫抽胸水可以暫時減緩胸腔積水，也是個融通的辦法。</p>",
          "level": 1,
          "highlight": true,
          "children": [
            {
              "id": "fb895f6511b03315e1f062bc77585f32",
              "author": "carey",
              "time": "2021年06月30日 20:31",
              "content": "<p>我已向诊所提交资料， 期待早日网络上与老师见面!</p>",
              "level": 2,
              "highlight": false,
              "children": []
            }
          ]
        },
        {
          "id": "218b22719d375ca2dfd8396d88044b44",
          "author": "明遠",
          "time": "2021年06月30日 03:06",
          "content": "<p>這個網站的內容不是正統佛教，內容似是而非，請不要看此網站。</p>",
          "level": 1,
          "highlight": false,
          "children": [
            {
              "id": "557b69e55e8bb6c52480e7bf95c8951e",
              "author": "行者",
              "time": "2021年07月05日 01:51",
              "content": "<p>兄台的警覺性不錯，現代的佛法處境跟中醫非常相似，正如李博士所說不會治病的中醫有九成五，現代非正法也占大多數，且正非正法識別更難，因為非正法包裝得比正法還像正法，更遑論依而行之能否得度。且佛也無定法，如六祖說言：隨方解縛，假名三昧。正如中醫的辯證論治。今示此連結，只為救人，度人與否還看機緣。</p>",
              "level": 2,
              "highlight": false,
              "children": [
                {
                  "id": "267ae00e964d7cebba886669de2456e3",
                  "author": "明遠",
                  "time": "2021年07月05日 22:38",
                  "content": "<p>此網站和中國傳統民俗信仰中問鬼神求消災解厄的情況一樣，只不過把鬼神換成佛菩薩，這是常見附佛外道的一種，網站的主人能跟佛菩薩溝通是最大的賣點，但這點就是騙人的，佛教沒有在幫人問因果這種佛事，講到六祖，六祖壇經也沒有六祖向佛菩薩問因果的紀錄。有病要就醫，想消業障，要找有正知見的出家人幫忙，依經上所言來做。</p>",
                  "level": 3,
                  "highlight": false,
                  "children": []
                }
              ]
            }
          ]
        }
      ]
    },
    {
      "id": "c079846da0926deed33cd194c7c1fd15",
      "author": "沈嫱",
      "time": "2021年07月01日 04:48",
      "content": "<p>请教李老师，手掌颜色发黄代表什么？搜索了一下有各种说法，因为事关我10岁的儿子，所以只能来这里请教权威了。期待您的答复。</p>",
      "level": 0,
      "highlight": false,
      "children": [
        {
          "id": "8e19b28d254344e9bb2ac6e38e86e2ac",
          "author": "李宗恩",
          "time": "2021年07月03日 08:29",
          "content": "<p>單一症狀無法診斷，不過，小孩子手黃，常見的原因是肝家問題，肝剋脾，導致脾家的黃色突顯出來。</p>",
          "level": 1,
          "highlight": true,
          "children": [
            {
              "id": "3e112dc980685c358f352ceac46ac704",
              "author": "沈嫱",
              "time": "2021年07月05日 17:35",
              "content": "<p>明白了，谢谢您！想再问一下，小男孩包茎中医有办法吗？实在不想手术…</p>",
              "level": 2,
              "highlight": false,
              "children": [
                {
                  "id": "cbd4a8517af04b0be255f590307276f6",
                  "author": "李宗恩",
                  "time": "2021年07月07日 10:37",
                  "content": "<p>這得看原因，如果是陰莖發育有問題，導致包皮相對過長，那中醫可以幫助，如果是天生包皮異常，那就很難説了。</p>",
                  "level": 3,
                  "highlight": true,
                  "children": [
                    {
                      "id": "9024df38c5ed4b6c7ec3932e96ccc646",
                      "author": "沈嫱",
                      "time": "2021年07月07日 23:21",
                      "content": "<p>明白了，非常感谢您！</p>",
                      "level": 4,
                      "highlight": false,
                      "children": []
                    }
                  ]
                }
              ]
            }
          ]
        }
      ]
    },
    {
      "id": "27f6715d594b357b9daf228bac5fcae5",
      "author": "RayZ睿子",
      "time": "2021年07月10日 03:43",
      "content": "<p>李医师你好，我想请问下像慢性的脂溢性脱发，中医这方面能治得了吗？</p>",
      "level": 0,
      "highlight": false,
      "children": [
        {
          "id": "71f518299bf6cc5962cf7d1d7f91519f",
          "author": "李宗恩",
          "time": "2021年07月10日 20:32",
          "content": "<p>單一症狀是無法診斷的，你的思維仍停留在西醫病名上。</p>",
          "level": 1,
          "highlight": true,
          "children": [
            {
              "id": "85214f662ba02f5148382d23dc9b995a",
              "author": "RayZ睿子",
              "time": "2021年07月12日 07:35",
              "content": "<p>谢谢李医师回复，确实如此，去的皮肤医院全是西医的。我改正下描述<br/>\n我的症状是头顶的头皮之前发红有小痘痘，然后是毛囊油脂分泌过多，一天不洗就很油，过多的油脂好像堵塞了毛囊，然后是头发越脱越细越脱越稀。</p>\n<p>请问下，吃调节内分泌的药去控油是不是不能从根本上治好吗？听别人说这种慢性脱发是由热症导致的，说是上火，不知道对不对呢？</p>",
              "level": 2,
              "highlight": false,
              "children": []
            }
          ]
        }
      ]
    },
    {
      "id": "838f33c9f49b150c13bd8fb34eeb2f98",
      "author": "想",
      "time": "2023年12月18日 21:35",
      "content": "<p>读到这篇文章，脑子蹦出佛家经典的几句话:“一切有为法如梦幻泡影，如露亦如电，应作如是观”“诸法空相”“缘起性空”等等。有个想法，微观粒子所呈现的波粒二象性，也就是微观粒子某些条件下呈现能量特性，某些条件下呈现物质特性，“某些条件”就是佛家所谓“缘”，满足某些条件就是“缘起”，但其本性空。如果缘起是促成物质、能量的条件，那么人的身体也是在一定条件才会形成，人除了身体，还有能量和信息。身体、能量、信息三者如何运作、互动、感应，正常的人有正常的物质能量信息互动，所以有的医生会观察到肺癌病房的病人比较客气，感觉上彬彬有礼，实际上是虚伪的，肝癌病房的病人比较暴躁易怒，等等。我想古人肯定知道物质能量信息的意思，也发现了这三者的互动关系，只是用了当时的表达方式，所以内经如此强调阴阳（物质和能量），内经也提到所对应的星辰，比如上应岁星之类的（或许代表某种信息）。紫微斗数是具体应用，可以根据煞星或者化忌等方式看出哪些方面容易有疾病（信息），所以倪师告诫看病不算命，算命不看病，否则会有奇怪的事发生，或许三维世界的人类通过同时运用物质能量信息来窥探更高维的事物就会违背某种规律吧，脑中有些奇怪的想法，叨扰了。</p>",
      "level": 0,
      "highlight": false,
      "children": []
    }
  ],
  "page": 15,
  "order": 1,
  "filename": "data\\page14\\page14_order10_218b22719d375ca2dfd8396d88044b44.json"
}