{
  "article_url": "https://andylee.pro/wp/?p=4002",
  "title": "FM 96.1 : 談中醫的辨證論治：同病異治，異病同治（四個病症一個藥方，同是肺炎不同藥方）",
  "content": "<!--[if lt IE 9]><script>document.createElement('audio');</script><![endif]-->\n<audio class=\"wp-audio-shortcode\" controls=\"controls\" id=\"audio-4002-1\" preload=\"none\" style=\"width: 100%;\"><source src=\"https://andylee.pro/wp/wp-content/uploads/2016/11/drcase-20161115-515-545pm-23m23s_converted.mp3?_=1\" type=\"audio/mpeg\"/><a href=\"https://andylee.pro/wp/wp-content/uploads/2016/11/drcase-20161115-515-545pm-23m23s_converted.mp3\">https://andylee.pro/wp/wp-content/uploads/2016/11/drcase-20161115-515-545pm-23m23s_converted.mp3</a></audio>\n<p>此次廣播節目是與身在廣州的李醫師空中連線，讓廣大聽眾了解到第六屆國際高級經方研修班的最新盛況。今年會議相當有規模，包括東南亞的中醫人士也踴躍參加，報名人數逾五百人，加上以視頻方式與會的廣州中醫大學師生，總共有七，八百人參加。 中醫在中國歷史悠久，但越來越西醫化。很多西醫用藥療效不彰的疾病，採用正統中醫治療效果卻很好，以李賽美教授等為代表的有識之士在國家的支持下力求將中醫拉回傳統中醫的軌道。李醫師此行演講反響強烈，被主辦要求加講一場，並應邀帶主治及主任級醫生查房腫瘤科，癌症科等病房，分享自己的臨床經驗。</p>\n<p>本週六、日兩整天，藉由位於灣區的國際中醫藥大學為平台，李醫師將授課16個小時的再教育課程（給予16個再繼續教育學分），課程的內容為中醫治療重症的臨床討論。屆時李醫師會更深入地討論他在廣州中醫藥大學的演講內容，歡迎廣大中醫愛好者踴躍致電報名。</p>\n<p>以下為李醫師在廣州中醫藥大學的部分演講內容：  開場白：中醫的治療四個案例同一個藥方，來闡明中醫追求平衡的治療思維。</p>\n<p>一、    五十幾歲女性，手掌晨僵，碰冷水痛，無法拿細小物件，均為典型的關節炎症狀。</p>\n<p>二、    五十幾歲的男士，手掌皮膚潰爛，變黑壞死，西醫無法診斷出原因，也無法治療，新的皮膚也會變黑的。</p>\n<p>三、    一小朋友，打完疫苗後，指甲會凹裂，厚度不均，前端開花掉落，激光外科治療，內科治療均無效果，父母非常擔心。</p>\n<p>四、    四十五歲男士，手背家常受傷，紅腫一直不能退，西醫排除糖尿病，但是無法查出致病原因。</p>\n<p>四例共同的特點：問題都出現在手掌，即四肢末端，那是否把氣血帶到手上就能治好四個病例？醫師開了一個簡單的藥方，桂枝湯加桂枝，以行陽為主，加白朮茯苓，利水，將臟東西（濕氣，血瘀，痰飲等）靠水道帶走，第四個是最重要的藥是烏頭，將陽帶到四肢，因為烏頭有毒，我們將烏頭蜜製，去除烏頭的毒性，維持其熱性。</p>\n<p>四個病例的治療結果是：</p>\n<p>一、    手指關節炎：如此嚴重的病症，寒濕至少積累了十年，完全治好需要花一些時間。服藥兩個星期後，病人表示手舒服很多，晨僵減少。三個月後停藥，手不痛不腫不脹，除了手指兩個關節變形未恢復，手指的行為能力已恢復正常。</p>\n<p>二、    皮膚壞死潰爛：服藥兩週後完全恢復，這說明將熱帶到四肢末端后，恢復能力要比正常人還要快。</p>\n<p>三、    指甲壞死：一個指甲完全換掉要3個月左右，3-4週後新指甲長出2mm，指甲明顯好轉，這是發病2年來第一次指甲開始恢復。現病人吃烏頭蜜月快兩個月了，有幾個指甲已經恢復正常，幾個正在長好。</p>\n<p>四、    傷口癒合：傷口癒合本來就比較快，該病人幾個月未癒合的傷口，服藥三天后完全收好。 以上四個異病同治的臨床恢復情況驗證了中醫以調整平衡作治療方向的有效性。</p>\n<p>下面是李醫師演講的第二個部分：他用三個不同的嚴重肺炎病例來闡述如何通過調整寒熱來治愈肺炎的。肺炎病例通常由寒入裡，繼而化熱，寒熱夾雜，所以用肺炎病例來說明寒熱平衡的重要性是最恰當不過的。</p>\n<p>三個嚴重的肺炎例子分別為：一例純寒症，一例寒熱夾雜，一例非常嚴重的肺炎。李醫師採用相同的治療方向，相同的藥，但比例不同，分別治愈三例肺炎的。這部分內容也引起很大的反響。</p>\n<p>李醫師後續的演講還包括分門分類的病症，例如乳房腫塊、早搏、癲癇、甲狀腺腫塊、心肌梗塞、白血病等臨床病例。</p>\n<p><strong>（語音檔案由FM96.1電台提供，文章摘錄自語音檔案內容，部分文字略有異同，敬請見諒。）</strong></p>\n<p>下面是本週末在國際中醫大學的再繼續教育課程的報名信息，歡迎大家踴躍報名。</p>\n<p>—————————————————————————————————————————</p>\n<p>国际中醫藥大學诚邀邀李宗恩醫師于11月19日和11月20日為其博士班授課，此课程也对所有中医爱好者開放，並給予16個再教育學分（CEU）。</p>\n<p>演講授課內容：臨床重症案例的研究。</p>\n<p>主讲人：李宗恩博士。</p>\n<p>繼續教育學分: 16 学分 (一天8個)</p>\n<p>上課教室：2樓216教室</p>\n<p>上課時間：11月19日 及20日（週六及週日）上午9:30-下午5:30</p>\n<p>費用：$100/一天，國際醫大畢業校友：$80/一天</p>\n<p>報名註冊：請連絡國際中醫藥大學博士班408-636-7712，或寫信註冊lucy@uewm.edu</p>\n<p>—————————————————————————————————————————</p>",
  "article_time": "2016年11月15日 10:15",
  "comments": [],
  "page": 42,
  "order": 5,
  "filename": "data\\page42\\page42_order4_66a2fa9521e2c194d01fa5bf812fde0c.json"
}