{
  "article_url": "https://andylee.pro/wp/?p=9530",
  "title": "網上論壇：中醫防治病毒變異下的新冠疫情",
  "content": "<p>（幫忙主辦單位宣傳周末即將舉辦的網上論壇，我演講的投影片及錄音檔在文章最下方。）</p>\n<figure class=\"wp-block-image size-large\"><a href=\"https://andylee.pro/wp/wp-content/uploads/2021/01/WeChat-Image_20210126102329-1.jpg\"><img alt=\"\" class=\"wp-image-9519\" decoding=\"async\" src=\"https://andylee.pro/wp/wp-content/uploads/2021/01/WeChat-Image_20210126102329-1.jpg\"/></a></figure>\n<p><strong>主動預防  從容應變</strong></p>\n<p><strong>——“中醫防治病毒變異下的新冠疫情”高峰論壇</strong></p>\n<p>病毒持續變異，疫情多地再起，政府與醫護人員日夜奮戰，付出艱苦努力。基於“治未病”的特色優勢，中醫在數千年的歷史中積累了系統的主動防疫的諸多方法。讓家人行動起來，主動預防，度過一個從容、平安的新春佳節！讓我們人人參與，共擔抗疫壓力，再創中醫抗疫新輝煌！</p>\n<p><strong>論壇日期：</strong></p>\n<p>北京時間：1月31日（星期天）早上8:00-下午7:00</p>\n<p><strong>論 壇 演 講 嘉 賓：</strong></p>\n<figure class=\"wp-block-image size-large\"><a href=\"https://andylee.pro/wp/wp-content/uploads/2021/01/Schedule-Copy.png\"><img alt=\"\" class=\"wp-image-9600\" decoding=\"async\" fetchpriority=\"high\" height=\"1024\" sizes=\"(max-width: 911px) 100vw, 911px\" src=\"https://andylee.pro/wp/wp-content/uploads/2021/01/Schedule-Copy-911x1024.png\" srcset=\"https://andylee.pro/wp/wp-content/uploads/2021/01/Schedule-Copy-911x1024.png 911w, https://andylee.pro/wp/wp-content/uploads/2021/01/Schedule-Copy-267x300.png 267w, https://andylee.pro/wp/wp-content/uploads/2021/01/Schedule-Copy-768x863.png 768w, https://andylee.pro/wp/wp-content/uploads/2021/01/Schedule-Copy.png 1118w\" width=\"911\"/></a></figure>\n<p>觀看直播，讓家人行動起來！</p>\n<figure class=\"wp-block-image size-large is-resized\"><a href=\"https://andylee.pro/wp/wp-content/uploads/2021/01/Screenshot-2021-01-26-111324.png\"><img alt=\"\" class=\"wp-image-9531\" decoding=\"async\" sizes=\"(max-width: 517px) 100vw, 517px\" src=\"https://andylee.pro/wp/wp-content/uploads/2021/01/Screenshot-2021-01-26-111324.png\" srcset=\"https://andylee.pro/wp/wp-content/uploads/2021/01/Screenshot-2021-01-26-111324.png 517w, https://andylee.pro/wp/wp-content/uploads/2021/01/Screenshot-2021-01-26-111324-300x290.png 300w\" width=\"200\"/></a></figure>\n<p><strong>論壇聯合主辦：</strong></p>\n<p>中醫國際聯盟</p>\n<p>英國中醫師學會</p>\n<p>中東歐中醫藥學會聯合會</p>\n<p>心能緣（北京）生態科技研究中心</p>\n<p>世界健康產業大會研究院</p>\n<figure class=\"wp-block-image size-large\"><a href=\"https://andylee.pro/wp/wp-content/uploads/2021/01/Screenshot-2021-01-26-102027.png\"><img alt=\"\" class=\"wp-image-9514\" decoding=\"async\" height=\"212\" sizes=\"(max-width: 1024px) 100vw, 1024px\" src=\"https://andylee.pro/wp/wp-content/uploads/2021/01/Screenshot-2021-01-26-102027-1024x212.png\" srcset=\"https://andylee.pro/wp/wp-content/uploads/2021/01/Screenshot-2021-01-26-102027-1024x212.png 1024w, https://andylee.pro/wp/wp-content/uploads/2021/01/Screenshot-2021-01-26-102027-300x62.png 300w, https://andylee.pro/wp/wp-content/uploads/2021/01/Screenshot-2021-01-26-102027-768x159.png 768w, https://andylee.pro/wp/wp-content/uploads/2021/01/Screenshot-2021-01-26-102027.png 1157w\" width=\"1024\"/></a></figure>\n<p><strong>論壇協辦：                          </strong></p>\n<p>世界經典中醫學會</p>\n<p>北京龍吟長空中醫研究院</p>\n<figure class=\"wp-block-image size-large is-resized\"><a href=\"https://andylee.pro/wp/wp-content/uploads/2021/01/Screenshot-2021-01-26-102048.png\"><img alt=\"\" class=\"wp-image-9515\" decoding=\"async\" height=\"163\" sizes=\"(max-width: 345px) 100vw, 345px\" src=\"https://andylee.pro/wp/wp-content/uploads/2021/01/Screenshot-2021-01-26-102048.png\" srcset=\"https://andylee.pro/wp/wp-content/uploads/2021/01/Screenshot-2021-01-26-102048.png 645w, https://andylee.pro/wp/wp-content/uploads/2021/01/Screenshot-2021-01-26-102048-300x142.png 300w, https://andylee.pro/wp/wp-content/uploads/2021/01/Screenshot-2021-01-26-102048-640x305.png 640w\" width=\"345\"/></a></figure>\n<div class=\"wp-block-file\"><a href=\"https://andylee.pro/wp/wp-content/uploads/2021/01/從攔截新冠病程談預防.pdf\"><br/>投影片：從攔截新冠病程談預防</a><a class=\"wp-block-file__button\" download=\"\" href=\"https://andylee.pro/wp/wp-content/uploads/2021/01/從攔截新冠病程談預防.pdf\">下載</a></div>\n<p>回看： <a href=\"https://mp.weixin.qq.com/s/ExxK-CQrqiaQCsOufYkBXA\" rel=\"noreferrer noopener\" target=\"_blank\">https://mp.weixin.qq.com/s/ExxK-CQrqiaQCsOufYkBXA</a></p>",
  "article_time": "2021年01月26日 11:14",
  "comments": [
    {
      "id": "c989b85b3845079cb95665ac3c1cfc12",
      "author": "慕中",
      "time": "2021年01月31日 04:35",
      "content": "<p>聽了李醫師的分享 推薦了幾個預防”湯底” 特別好</p>",
      "level": 0,
      "highlight": false,
      "children": []
    },
    {
      "id": "1dd9c05c1c44ea6c80119a94c9ca21a4",
      "author": "Lena wu",
      "time": "2021年02月02日 11:23",
      "content": "<p>非常感谢李老师的分享！</p>\n<p>我有个问题： 清肺排毒汤里用的石膏一定要粒状的吗？粉状的可以吗？</p>",
      "level": 0,
      "highlight": false,
      "children": [
        {
          "id": "7aa927d47e64d8b30e8ff74071254173",
          "author": "李宗恩",
          "time": "2021年02月02日 19:34",
          "content": "<p>只要石膏品質良好，粒狀和粉狀差別不大。</p>",
          "level": 1,
          "highlight": true,
          "children": []
        },
        {
          "id": "a9038d80f61419984ec0b8e227e5d78f",
          "author": "ET",
          "time": "2021年02月03日 20:52",
          "content": "<p>最主要是要确认是生石膏，不能用熟石膏。有些店以为你要点豆腐就给你熟石膏。</p>",
          "level": 1,
          "highlight": false,
          "children": []
        }
      ]
    },
    {
      "id": "619328e6dfc14dd7ef774950c09b6f2b",
      "author": "毛",
      "time": "2021年02月02日 14:04",
      "content": "<p>请问李医生，这次几乎美国人都打新冠疫苗，他们都会变成转基因人吗？我们这里医务人员和老人院工作人员需要打三次，教师需要打两次。昨天我的一邻居打了，她说晚上头巨疼一个半小时，她说以前打疫苗从没有过副作用。</p>",
      "level": 0,
      "highlight": false,
      "children": [
        {
          "id": "5704db6020ac66ed7286eec3fa0bff3c",
          "author": "李宗恩",
          "time": "2021年02月02日 19:36",
          "content": "<p>mRNA對人體基因的影響，目前還沒有定論。</p>",
          "level": 1,
          "highlight": true,
          "children": []
        }
      ]
    },
    {
      "id": "c761d65887182d41bc64f8ca73315974",
      "author": "Lena",
      "time": "2021年02月03日 07:44",
      "content": "<p>感恩李老师回复！</p>",
      "level": 0,
      "highlight": false,
      "children": []
    },
    {
      "id": "455e8acc99b82e1a0ffac4abec1744ea",
      "author": "Kuro",
      "time": "2021年04月21日 22:54",
      "content": "<p>您好<br>\n<a href=\"https://mp.weixin.qq.com/s/ExxK-CQrqiaQCsOufYkBXA\" rel=\"nofollow ugc\">https://mp.weixin.qq.com/s/ExxK-CQrqiaQCsOufYkBXA</a><br/>\n網誌內的视频不能看了  加载失败，请刷新页面重试</br></p>",
      "level": 0,
      "highlight": false,
      "children": [
        {
          "id": "009981a08b02a5c2e6638418cc0fb5f5",
          "author": "李宗恩",
          "time": "2021年04月27日 11:16",
          "content": "<p>你得詢問該微信網群，他們轉載我的資料。</p>",
          "level": 1,
          "highlight": true,
          "children": [
            {
              "id": "07e830cb7fa604f510549c1583dc44bb",
              "author": "Kuro",
              "time": "2021年04月29日 05:43",
              "content": "<p>好的 謝謝</p>",
              "level": 2,
              "highlight": false,
              "children": []
            }
          ]
        }
      ]
    },
    {
      "id": "93c9e884a12e3e40cd850087507098f7",
      "author": "沈嫱",
      "time": "2021年04月29日 18:30",
      "content": "<p>请问李老师是否支持打新冠疫苗？如果只靠汤药预防，是否需要长期服用汤药？</p>",
      "level": 0,
      "highlight": false,
      "children": [
        {
          "id": "8174ba272401d9b344b6e4f948a27e67",
          "author": "李宗恩",
          "time": "2021年05月02日 11:10",
          "content": "<p>中醫可以快速治癒新冠肺炎，如果身體狀況不是太差，也不一定需要服用中藥來預防，只需要身體不適時立即找中醫看診。換句話說，在能夠找到功力足夠的中醫師治療的先決條件下，沒有必要施打新冠疫苗，然而，重點在於能不能即時找到功力足夠的中醫師治療，每個人、每個地區的情況可能有很大的不同。</p>\n<p>另一方面，新冠疫苗不只是醫療問題，也是社會問題。很多美國大學要求學生必須施打新冠疫苗，不然不准回校上課，歐洲一些國家開始推展疫苗護照，沒有施打新冠疫苗不准入境，加上社會大眾給未施打新冠疫苗者很大的壓力，認為他們是所謂的「redneck」，鄙視及言語霸凌他們，甚至導致他們失去工作。這點讓很多不願意、也不需要施打新冠疫苗的人們，最後還是屈服去打疫苗。這樣的社會問題，或許幾年後會有人研究，反思社會強迫施打疫苗所帶來的負面影響。</p>",
          "level": 1,
          "highlight": true,
          "children": [
            {
              "id": "4bb354a38edd174edd1dc83ced455bf5",
              "author": "沈嫱",
              "time": "2021年05月05日 15:38",
              "content": "<p>感谢李老师回复！我在上海，苦于一直没有找到功力足够的中医师。不知李老师有没有了解的中医师可以推荐一下？感谢！</p>",
              "level": 2,
              "highlight": false,
              "children": [
                {
                  "id": "0b2f778987fdb8f63e6e1bc81d0f2f71",
                  "author": "李宗恩",
                  "time": "2021年05月09日 10:15",
                  "content": "<p>我不清楚。</p>",
                  "level": 3,
                  "highlight": true,
                  "children": []
                }
              ]
            }
          ]
        },
        {
          "id": "0e649159ba5d74a97fef1d6dd5eca661",
          "author": "ieitZYB",
          "time": "2021年05月03日 01:17",
          "content": "<p>疫苗，“疫”的苗！<br/>\n一般百姓不知道转换成“鱼苗”是“鱼”的苗来类比理解，比较可怜，强迫打“疫”的苗就可气可恨了。</p>",
          "level": 1,
          "highlight": false,
          "children": []
        }
      ]
    }
  ],
  "page": 17,
  "order": 5,
  "filename": "data\\page17\\page17_order4_619328e6dfc14dd7ef774950c09b6f2b.json"
}