{
  "article_url": "https://andylee.pro/wp/?p=9484",
  "title": "四年聞不到味道",
  "content": "<p>週末寫一篇簡短的醫案，輕鬆一些，當然，任何病症對病人而言都不輕鬆。</p>\n<p>這位女病人，三十歲左右，四年前有一天早上起來突然發現聞不到任何味道，嗅覺喪失了，味覺倒是依然正常。這讓病人很苦惱，看了耳喉鼻科醫生，也找不出什麼問題。耳喉鼻科醫生表示，或許可以做個手術，把額竇（frontal sinus）清乾淨，看看嗅覺能不能恢復，但是醫生也誠實地告訴病人，不能確定額竇阻塞是導致病人嗅覺喪失的原因，要病人自己決定是否願意承擔手術的傷疤及風險。病人當然不願意在臉上動手術，只好一直拖著，幾年下來，嗅覺還是沒有復原。</p>\n<p>病人和診所約診時，診所同仁不確定病人嗅覺喪失和新冠肺炎有沒有關係，為了保障其他病人的健康，只允許病人視訊看診。初診時，我認為病人只是寒濕積聚，耳喉鼻科醫生建議的額竇手術或許是有用的，只是中醫不需要手術就可以達到同樣的效果。當然，病人也不是感染新冠肺炎，下次可以直接到診所看診。</p>\n<p>怎麼治療？葛根、白芷引藥上行，同時也提水上頭，好的水不來，壞的水去不掉。茯苓、白朮、蒼朮利水，辛夷、菖蒲開竅。另外，依據病人的情況，加了一點點炮附子溫中下焦，一些通腸利便的中藥來確保大腸通順。</p>\n<p>一周左右後，病人來診所複診，戴了口罩，我一時還沒想到是哪位病人，病人已經告訴我她可以聞到味道了，雖然還沒有達到正常的靈敏度，她很高興四年來總算可以有嗅覺了。而針藥並施效果更好，所以，這次除了要病人繼續服用原方外，我還幫病人下針合谷、迎香透內迎香，病人的嗅覺應該可以近期內恢復正常，省掉了臉上動手術的痛苦及風險。</p>\n<p>雖然中醫和西醫有不一樣的觀點，對病人的責任卻是一樣的。病人諮詢的耳喉鼻科醫生是一位好醫生，依據他所學的知識來認定病人可能需要額竇手術，卻很誠實地告訴病人其中的信心程度及風險，對病人是負責任的。 越來越多的西醫願意承認現代醫學的侷限，對其它治療方法也保持開明的態度。最近有位病人血紅素掉到5gm/dl（女性參考正常值為11.0~16.0 gm/dl），她的西醫嚇壞了，除了要求病人立即服用大量的補充劑外，也考慮以緊急輸血的方式來治療。然而，病人服用中藥一兩周，血紅素回到正常範圍。病人告訴醫生是服用中藥的結果，這位醫生很驚訝，直接和病人拿了我診所的聯絡方式，想要轉告給其他類似問題的病人們。</p>\n<p>當然，依然還有很多西醫堅持自己的觀點，認為他們知道一切。前幾天一位史丹佛醫學院的教授朋友轉給我一封電子郵件，另一位醫學院教授在電子郵件中全面否定mRNA型新冠疫苗可能的危險性，他直接說外面對mRNA的負面討論都是BS（bullshit），他不但立即要幫他高齡的父母打mRNA型新冠疫苗外，也告訴其他人趕緊幫高齡的父母施打，來保護他們的健康。結果，昨天挪威政府公佈，有23位高齡長者施打mRNA型新冠疫苗後死亡，雖然挪威政府仍在調查，其中的關聯性是必然存在的。像這樣的醫生是很自大及不負責任的，目前沒有一位醫學專家能百分之百確定mRNA型新冠疫苗的風險，負責任的醫生應該告訴病人打與不打的利弊得失及不確定性，而不是在每個人知識範圍都有侷限下，堅持己見，強硬告訴病人：「我是醫生，所以我知道各種健康問題，你就該都聽我的」！</p>",
  "article_time": "2021年01月17日 14:36",
  "comments": [
    {
      "id": "c53f8cfed01a82e8dc72213e6d99baef",
      "author": "毛",
      "time": "2021年01月19日 06:34",
      "content": "<p>请问李老师，八段锦，五禽戏，易筋经对身体起的作用跟走路跑步有什么区别？还是这些功比较适合不方便外出锻炼的人？这些都是非常简单可以自己练的功，对吗？在北京的公园练功一辈子的老人们说小孩14岁之前最好不练气功，对吗？</p>",
      "level": 0,
      "highlight": false,
      "children": [
        {
          "id": "2d1e0600562f829a3cf56163214eb3d0",
          "author": "李宗恩",
          "time": "2021年01月19日 10:01",
          "content": "<p>理論上，八段錦、五禽戲、易筋經等可以行氣，有經絡的考量，而走路跑步只是加强心肺功能及强健肌肉。然而，大多數的人練習八段錦、五禽戲、易筋經等，都只是練一個樣子，沒有達到所謂氣功的作用，那可能還不然西方式的鍛煉。</p>",
          "level": 1,
          "highlight": true,
          "children": [
            {
              "id": "e562974340c7111aafc242f5a5b95d44",
              "author": "陸仁賈",
              "time": "2021年02月16日 12:07",
              "content": "<p>李醫師既然提到了現在大多數練得都是練個樣子, 是否考慮從中醫的角度來看, 怎樣練氣功才是有效的? 寫些文章讓大家了解下, 我看李醫師寫得醫案都很精彩, 但畢竟治病只是應急, 健康才是永久, 也不是每個人都能找的到像李醫師這樣的明醫, 但氣功(幾乎)人人可練, 比較起來, 似乎對一般讀者的健康能夠起到更大的幫助</p>",
              "level": 2,
              "highlight": false,
              "children": [
                {
                  "id": "99d1267a917b019520d11dd2f5f8997d",
                  "author": "李宗恩",
                  "time": "2021年02月16日 15:11",
                  "content": "<p>對大部分人而言，只練氣功是不夠的，飲食生活習慣及其它運動仍得加强。</p>",
                  "level": 3,
                  "highlight": true,
                  "children": []
                }
              ]
            }
          ]
        },
        {
          "id": "6e7a2c48ae24b5bf7c8d21787b480f89",
          "author": "Yingnan",
          "time": "2022年04月17日 20:48",
          "content": "<p>可以在bilibili搜一下“八部金刚长寿功”，道家的东西很多讲求自然，自然而然地就有感觉了。<br/>\n我是练了几个月，收功脚部有了暖意。当然还要坚持。<br/>\n很多时候你越着急求得，越得不到，而且这位分享功法的道长不停的提示过，气功练错了是会走火入魔的，他道观里曾经就去过几位气功练坏身体的人，而且很难救。<br/>\n没有好的老师带，随意看几个网络文章或者书籍就要练自己身体里的“气”，其实很危险。</p>",
          "level": 1,
          "highlight": false,
          "children": []
        }
      ]
    },
    {
      "id": "2dd73bc3a7a94a6fcc72074ba259556e",
      "author": "长夏",
      "time": "2021年01月21日 08:41",
      "content": "<p>李博士您好，我的灵台穴附近用力按有压痛，应该就是在脊椎上，大概有一个月时间，听说这是血癌的症状，很是担心，其他发热乏力相关的症状都没有，能帮我判断一下吗？万分万分感谢！！</p>",
      "level": 0,
      "highlight": false,
      "children": [
        {
          "id": "b5d39fdd1187a8fa746f7ff2940156e3",
          "author": "李宗恩",
          "time": "2021年01月21日 09:30",
          "content": "<p>單一症狀不能診斷，並非靈臺穴按通就是血癌，很多人感冒的時候，督脈一整排穴位都按通。</p>",
          "level": 1,
          "highlight": true,
          "children": []
        }
      ]
    },
    {
      "id": "2f32278d80fdc5a37847f79c3e2cb206",
      "author": "Mao",
      "time": "2021年01月22日 06:57",
      "content": "<p>我这里有个国家名人染上新冠，我把李老师诊所的电话发给了他的家人。我备有李老师诊所的治疗通方，但几乎每一个美国人深信转基因新冠疫苗和医院，加上种族歧视，不好说什么。</p>",
      "level": 0,
      "highlight": false,
      "children": []
    },
    {
      "id": "61a4babecd66d15affa283514b404617",
      "author": "云叶",
      "time": "2021年01月23日 20:48",
      "content": "<p>我最近感冒，鼻塞很厉害，流黄鼻涕，不口渴，没有发热怕冷头痛的症状，想问一下李医生为什么流黄鼻涕却不口渴</p>",
      "level": 0,
      "highlight": false,
      "children": [
        {
          "id": "32b76e40d8728117ba6da3750f0cc114",
          "author": "李宗恩",
          "time": "2021年01月25日 16:53",
          "content": "<p>爲什麽黃鼻涕就該口渴？</p>",
          "level": 1,
          "highlight": true,
          "children": []
        }
      ]
    },
    {
      "id": "ab2a784f347a4941f27c226c685460bf",
      "author": "养和",
      "time": "2021年01月24日 09:42",
      "content": "<p>坚信传统的中医药能够帮助人类摆脱疾病的困苦。非常谢谢李医生为传承中医药治疗所作出的贡献！</p>",
      "level": 0,
      "highlight": false,
      "children": [
        {
          "id": "0bda22f86b8e9077e13701a20073fe63",
          "author": "李宗恩",
          "time": "2021年01月25日 16:53",
          "content": "<p>謝謝你的支持及鼓勵！</p>",
          "level": 1,
          "highlight": true,
          "children": []
        }
      ]
    },
    {
      "id": "f885d1230b5dcbe73e822be4b2b6662c",
      "author": "李红丽",
      "time": "2021年01月28日 02:19",
      "content": "<p>李博士您好，我父亲26号下午因腹部疼痛住院，刚开始中脘穴和右胁下疼痛，做b超显示胆囊结石，脸上和身体颜色发黄，眼白发黄，小便像红糖水样，验血报告胆红素升高，白血球升高1.7万，胰腺炎数值1.9万多，住院滴水消炎，禁止进食。<br/>\n今天28号，24小时打点滴，禁食，疼痛有所减轻，中脘部和左右胁下按压有还跳痛，皮肤颜色还是发黄，小便成啤酒色，从昨天上午到今天下午一直没有大便，肚子也不觉得胀，舌苔发黄有点厚有点燥，口不渴，睡眠，因小便12点，2点，4点起床，手脚温，脉搏缓而有力，不浮，按到底还有脉动，今天中午出现低血糖症状之后有饥饿感，开始想吃东西，医生只允许喝米粥，<br/>\n李老师我想请您看看能不能给我父亲开个方子，万分感谢！</p>",
      "level": 0,
      "highlight": false,
      "children": [
        {
          "id": "491887a6fbb3b65ca8d734dcafabcc54",
          "author": "李宗恩",
          "time": "2021年01月31日 09:05",
          "content": "<p>我無法在網上針對個案一一回應。</p>",
          "level": 1,
          "highlight": true,
          "children": []
        }
      ]
    },
    {
      "id": "d38772266907b237a404f6251a3a79a2",
      "author": "田玉红",
      "time": "2021年02月18日 21:02",
      "content": "<p>老师您好，孩子的手被小狗爪子划伤，没出血，但是鼓起了一道，怎么处理好？现在国内的疫苗质量堪忧，不想给孩子打疫苗。烦请老师百忙之中给予指导，谢谢！</p>",
      "level": 0,
      "highlight": false,
      "children": [
        {
          "id": "7d6a3f07b4321624ae0b65d5511fbf55",
          "author": "李宗恩",
          "time": "2021年02月18日 21:46",
          "content": "<p>紫雲膏</p>",
          "level": 1,
          "highlight": true,
          "children": []
        }
      ]
    },
    {
      "id": "223894acf68fd05991c13fb011be035d",
      "author": "田玉红",
      "time": "2021年02月19日 21:40",
      "content": "<p>谢谢老师，紫云膏涂抹后，今晨孩子手腕处痕迹全无，再次感谢！</p>",
      "level": 0,
      "highlight": false,
      "children": []
    },
    {
      "id": "26d37f929e60990eb4c3e4ff5bd9023b",
      "author": "謝小玲",
      "time": "2023年09月27日 08:14",
      "content": "<p>李醫師,你好！ 本人喪失嗅覺三年多四年，網上看到你醫治一位病人，同樣受喪失嗅覺四年困擾，經你開藥，醫好了，實在太厲害！<br/>\n本人已做了鼻竇炎手術仍然未見好轉，希望獲醫師幫忙，開同一藥方予本人，作最後一試，感恩萬分</p>\n<p>本人來自香港，若身在台灣，一定找醫師的，所以今次冒昧找醫師幫這個忙，喪失嗅覺已令我情緒受到極大困擾，真心希望醫師伸出援手，謝謝！</p>",
      "level": 0,
      "highlight": false,
      "children": [
        {
          "id": "033ef4e80835d38471b6a95ffbb5fd08",
          "author": "李宗恩",
          "time": "2023年09月27日 19:21",
          "content": "<p>我不在網上針對個案一一討論，有醫療需要，請聯絡診所info@younQi.com。遠程看診，得等候大半年，建議就近找中醫師看診。</p>",
          "level": 1,
          "highlight": true,
          "children": []
        }
      ]
    },
    {
      "id": "d5f6d236d2f79425bd6f9d29f061fa39",
      "author": "Patrick",
      "time": "2023年09月28日 12:25",
      "content": "<p>前面有葛根、白芷引藥上行，提水上頭，药效不是都往上引吗？后面加的炮附子的药效怎么能达到温中下焦的效果？是同时茯苓、白朮、蒼朮利水的关系吗？</p>",
      "level": 0,
      "highlight": false,
      "children": [
        {
          "id": "495065931c4a520d54947110bc1d033e",
          "author": "李宗恩",
          "time": "2023年09月28日 09:55",
          "content": "<p>這裡不僅僅利用炮附子溫熱中下焦，也需要把其熱力往上引。</p>",
          "level": 1,
          "highlight": true,
          "children": []
        }
      ]
    },
    {
      "id": "b94f80c5d184ee96f533f6ba3e506eb5",
      "author": "君荷",
      "time": "2024年10月05日 08:55",
      "content": "<p>李老师，您好，您说在这个病例中使用一些通腸利便的中藥來確保大腸通順，请问一下是因为这个病人有便秘吗？还是因为肺开窍于鼻、治肺必治大肠?</p>",
      "level": 0,
      "highlight": false,
      "children": [
        {
          "id": "42cda9463ebdda96ed1db4d0744c6623",
          "author": "李宗恩",
          "time": "2024年10月07日 10:38",
          "content": "<p>大腸的津液上行入肺。</p>",
          "level": 1,
          "highlight": true,
          "children": []
        }
      ]
    }
  ],
  "page": 17,
  "order": 6,
  "filename": "data\\page17\\page17_order5_2dd73bc3a7a94a6fcc72074ba259556e.json"
}