{
  "article_url": "https://andylee.pro/wp/?p=9618",
  "title": "漢唐經方全球推廣網",
  "content": "<p>2019年底，鑑於各種亂象叢生，許多真正用心推展倪海厦老師教學的學生們決定聯合起來<a href=\"http://hantang.health/wp/about/\" rel=\"noreferrer noopener\" target=\"_blank\">正本清源</a>，成立一個正式的管道與大眾交流互動。聯合發起的人士眾多，包括倪老師最早期的學生及數十年的法律顧問徐光佑律師、倪老師數十年摯友及診所總管李大叔Jack、台北漢唐中醫診所教學工作主持人梵中翔老師、通許人民醫院倪海廈中醫教學培訓基地指導老師楊貞醫師等等，人數眾多，不一一列舉，當然，我李宗恩也是推動這個管道的主要負責人之一。</p>\n<p>籌備期間，遇到新冠病毒激發世紀大瘟疫，為了能幫助更多人，我們把時間和精力專注在防疫及治療上，暫時把正本清源的工作放在旁邊。另一方面，我們也希望新冠疫情悲慘的噩耗能感化那些誇大不實及利用倪老師名聲斂財的人們，讓他們放下貪婪的心，重回到學醫、行醫的正道。</p>\n<p>隨著中醫被證實可以獨當一面、快速治癒新冠肺炎急重症病患，我們逐漸把時間和精力轉回到原本的任務，正本清源的工作一步一步展開。2021年2月20日為農曆的正月初九，為倪海厦老師逝世第九年的農曆忌日（公曆忌日為一月三十一日），我們選擇這一天正式公開「<a href=\"http://HanTang.health\" rel=\"noreferrer noopener\" target=\"_blank\">漢唐經方全球推廣網</a> (<a href=\"http://HanTang.health\" rel=\"noreferrer noopener\" target=\"_blank\">HanTang.health</a>)」來紀念倪老師，也請熱愛中醫及感念倪老師人紀天紀教學的社會大眾共同參與及支持！</p>\n<p>目前規劃的工作內容包括：</p>\n<ul class=\"wp-block-list\"><li>正本清源，建立公信力</li><li>重新整理及註解倪老師的醫案及網頁內容</li><li>列出倪老師學生、學生的學生名單，學習背景，執業資料等等</li><li>列出倪老師學生、學生的學生醫案，讓大家公開討論</li><li>與各地中醫愛好者及粉絲互動，也讓大家分享自己的學習經驗及困惑</li><li>宣傳各種教學及活動的行程</li></ul>\n<p><a href=\"http://HanTang.health\" rel=\"noreferrer noopener\" target=\"_blank\">HanTang.health</a>為「<a href=\"http://HanTang.health\" rel=\"noreferrer noopener\" target=\"_blank\">漢唐經方全球推廣網</a>」的主要網頁。為了大家容易閱讀及參與，我們計劃在不同的社區媒體同步複製：</p>\n<ul class=\"wp-block-list\"><li>臉書Facebook頁面為 <a href=\"http://facebook.com/hantangchinesemedicine\" rel=\"noreferrer noopener\" target=\"_blank\">@hantangchinesemedicine</a>，由台北漢唐中醫診所幫忙管理；</li><li>中國大陸不能使用臉書，連結境外網頁也常常出現問題，因此，我們請大陸的志工們幫忙設立及轉載內容到微信公眾號「倪海厦汉唐经方全球推广网」，二維碼如下：</li></ul>\n<figure class=\"wp-block-image size-large\"><a href=\"https://andylee.pro/wp/wp-content/uploads/2021/02/經方傳承微信公眾號.jpg\"><img alt=\"\" class=\"wp-image-9681\" decoding=\"async\" fetchpriority=\"high\" height=\"258\" sizes=\"(max-width: 258px) 100vw, 258px\" src=\"https://andylee.pro/wp/wp-content/uploads/2021/02/經方傳承微信公眾號.jpg\" srcset=\"https://andylee.pro/wp/wp-content/uploads/2021/02/經方傳承微信公眾號.jpg 258w, https://andylee.pro/wp/wp-content/uploads/2021/02/經方傳承微信公眾號-150x150.jpg 150w\" width=\"258\"/></a></figure>\n<ul class=\"wp-block-list\"><li>我們會陸續建立Line、微信、QQ等討論群，讓大家和倪老師學生及學生的學生們互動及討論。</li></ul>\n<p>提到倪老師的忌日，有一段插曲。2020年一月，新冠肺炎在中國大陸大爆發，我們很快投入了對抗疫情的工作，以經方中醫來救治新冠肺炎急重症病患。雖然我們有信心以純中醫方式治癒，嚴謹的實事求是精神下，我們必須按照中國國家醫療主管單位的痊癒標準，通過兩次病毒核酸檢測陰性。在疫情十分危急及各方壓力下，我們的第一位新冠病人在倪老師公曆忌日一月三十一日通過第一次毒核酸檢測陰性，二月二日倪老師農曆忌日（農曆正月初九）通過第二次毒核酸檢測陰性，成為全球最早以中醫快速治癒並通過病毒核酸檢測及各種西醫痊癒標準的新冠肺炎病例之一（據各方資料比對，很可能是第一個病例）。我們不迷信，然而，這樣兩次的時間巧合，讓我們心情激動，非常感謝倪老師對我們的教誨，沒有倪老師的人紀教學，我們是不可能在這麼嚴重的瘟疫下，有如此出色的表現。這也再度提醒我們，誠懇踏實地繼續推廣倪老師的教學工作，也與大家共勉之！</p>",
  "article_time": "2021年02月19日 08:04",
  "comments": [
    {
      "id": "13980d2877df12c92df988b9c85e34fb",
      "author": "魯豆腐",
      "time": "2021年02月19日 18:29",
      "content": "<p>非常感謝眾位師兄姊的齊心集力，為了倪師畢生所投入的心血發揚經方中醫<br/>\n做為曾經遠赴桃花島接受過倪師教導的學員，倍感高興又激動<br/>\n經方中醫藥又將能重新擦亮招牌為廣大的受病苦的信眾服務</p>\n<p>能善用經方治病的醫者或許不少，但散居世界各地實鮮為人知<br/>\n透過各位善心的眾家師兄姊的努力，希望能把善於治病的醫家廣為流傳<br/>\n以造福世上各地受病苦的人</p>\n<p>感謝 Dr.李及眾家師兄姊的用心<br/>\n您們的全心付出替倪師延續救人之道<br/>\n相信經方中醫將會在歷史流芳延傳</p>",
      "level": 0,
      "highlight": false,
      "children": [
        {
          "id": "3fcabe67b5e362c3a759197363bda95d",
          "author": "李宗恩",
          "time": "2021年02月23日 09:52",
          "content": "<p>謝謝你的支持及鼓勵！如果你有時間，歡迎一起參與！</p>",
          "level": 1,
          "highlight": true,
          "children": []
        }
      ]
    },
    {
      "id": "f78fc50798e0632e64d05d7ffe4204e2",
      "author": "无名",
      "time": "2021年02月19日 21:02",
      "content": "<p>感恩倪师，支持李博，相信汉唐经方会大放光彩。</p>\n<p>作为一个爱好者，多次使用，真的很受用。</p>",
      "level": 0,
      "highlight": false,
      "children": [
        {
          "id": "e3cbd835e5f13c27d30fda3204656e05",
          "author": "李宗恩",
          "time": "2021年02月23日 09:52",
          "content": "<p>謝謝你的支持及鼓勵！</p>",
          "level": 1,
          "highlight": true,
          "children": []
        }
      ]
    },
    {
      "id": "7fa33a26982c8ae0dd4019051c9a1ff3",
      "author": "田玉红",
      "time": "2021年02月19日 21:55",
      "content": "<p>好振奋人心的消息！谢谢各位老师！各位大德！你们才是当今精诚的大医！正本清源是善举啊！对我这样痴迷中医，从小就想当那个“靠着三个手指帮人的先生”中医爱好者来说，虽然与各位老师素未谋面，但是看到这个消息，感觉有了归宿感，好像找到了娘家一样！心存善念，天必佑之！谢谢李宗恩老师！谢谢众位老师！</p>",
      "level": 0,
      "highlight": false,
      "children": [
        {
          "id": "c615f4cc9c3a3598b7f7e1eee78cb5f5",
          "author": "李宗恩",
          "time": "2021年02月23日 09:52",
          "content": "<p>謝謝你的支持及鼓勵！</p>",
          "level": 1,
          "highlight": true,
          "children": [
            {
              "id": "d18135552ab4f4105bb453e59a2da8f6",
              "author": "田玉红",
              "time": "2021年03月03日 05:45",
              "content": "<p>老师好，我在国内，愿意为优秀的中医尽力！</p>\n<p>请教老师一个问题：早上睡醒时要出一身汗，这时会觉得热，但过一会汗消了又会觉得怕冷，这种情形在前一天劳累了更明显。同时早上起来如厕大便后，会觉得很累，心里肚子有空虚感觉，说是饿吧，吃东西后不能缓解，会觉得疲累。这是怎么回事？是更年期到了出现的症状吗？谢谢老师！</p>",
              "level": 2,
              "highlight": false,
              "children": [
                {
                  "id": "e38d9d69b6937f36df24a5cd551e481b",
                  "author": "田玉红",
                  "time": "2021年03月08日 12:45",
                  "content": "<p>老师，给您添忙了，这个问题不用回复了。是我原来学习不够深入，没有领悟到，现在这个问题已在学习中找到了答案，谢谢！</p>",
                  "level": 3,
                  "highlight": false,
                  "children": []
                }
              ]
            }
          ]
        }
      ]
    },
    {
      "id": "f3025a9c5476a92d9c3fb87570af0d4f",
      "author": "ieitZYB",
      "time": "2021年02月19日 22:18",
      "content": "<p>微信公眾號为“个人”认证不太好。</p>",
      "level": 0,
      "highlight": false,
      "children": [
        {
          "id": "58c8acf5adb045683f9425ce43bdcb1a",
          "author": "李宗恩",
          "time": "2021年02月23日 09:54",
          "content": "<p>差別不大，因爲我們都沒有中國國籍，不能設立公眾號，而如果成立公司或社團來設立公眾號，依然得由中國國籍人士建立。所以，都得靠大陸的志工來幫忙。</p>",
          "level": 1,
          "highlight": true,
          "children": []
        }
      ]
    },
    {
      "id": "b948dca1e882bf6122a20334d034e288",
      "author": "hongfeng",
      "time": "2021年02月20日 08:48",
      "content": "<p>很高兴能有正统网站可以关注！不知道李医生有没有加拿大讲学看诊的机会。本人有个舌根囊肿，不知道这方面的病理从哪里入手好呢？</p>",
      "level": 0,
      "highlight": false,
      "children": []
    },
    {
      "id": "b6e64b9315b4d8f07aafeba7f9292ee3",
      "author": "aaa",
      "time": "2021年02月20日 23:08",
      "content": "<p>希望李宗恩医师能考虑来大陆发展中医事业！</p>",
      "level": 0,
      "highlight": false,
      "children": []
    },
    {
      "id": "a1c651fd7fc4e8be9834d46727fb5af9",
      "author": "翔",
      "time": "2021年02月21日 07:28",
      "content": "<p>激动，感动</p>",
      "level": 0,
      "highlight": false,
      "children": []
    },
    {
      "id": "c8caa0ed2d95e680e50a6da5137218a5",
      "author": "李晨",
      "time": "2021年02月22日 05:19",
      "content": "<p>很高兴能正本清源，正名。<br/>\n请问李宗恩医师，之前问了那么多问题，你也回复了不少，也指出我做人处理事情有问题。</p>\n<p>我还能有机会学习倪师的课程吗？想学</p>",
      "level": 0,
      "highlight": false,
      "children": [
        {
          "id": "d8c98eb391cc04f05e71c1240977691c",
          "author": "李宗恩",
          "time": "2021年02月23日 09:57",
          "content": "<p>你可以仔細研讀倪老師的教材。</p>",
          "level": 1,
          "highlight": true,
          "children": [
            {
              "id": "901cbf8554bb568f2171d0dc1913309d",
              "author": "莫比乌斯环",
              "time": "2021年02月24日 15:34",
              "content": "<p>李医师，倪海厦医师的教材哪里可以买到？</p>",
              "level": 2,
              "highlight": false,
              "children": [
                {
                  "id": "dc8528a55dd62a0b2886491411af35df",
                  "author": "李宗恩",
                  "time": "2021年02月27日 16:07",
                  "content": "<p>台北漢唐中醫診所（忠孝東路五段）</p>",
                  "level": 3,
                  "highlight": true,
                  "children": [
                    {
                      "id": "30616933bf636c090531b584b6fc7849",
                      "author": "邮购教材",
                      "time": "2021年06月10日 01:48",
                      "content": "<p>李博士，请问可以邮购教材吗？</p>",
                      "level": 4,
                      "highlight": false,
                      "children": []
                    },
                    {
                      "id": "25c7c0b7f38175f2fe91cf6d0bd8a67d",
                      "author": "李宗恩",
                      "time": "2021年06月10日 15:58",
                      "content": "<p>你是指倪海廈老師的人紀教材嗎？請聯絡臺北民生漢唐中醫診所。</p>",
                      "level": 4,
                      "highlight": true,
                      "children": []
                    }
                  ]
                }
              ]
            }
          ]
        }
      ]
    },
    {
      "id": "4da1a3ddcc5bda1d1afaa3b397208ec6",
      "author": "莫比乌斯环",
      "time": "2021年02月22日 20:45",
      "content": "<p>李医师好，您能帮忙推荐一位倪老师的学生并且在北京地区执业的中医师嘛，感谢</p>",
      "level": 0,
      "highlight": false,
      "children": [
        {
          "id": "8e1fcd818337456c1fcc97641d7f815c",
          "author": "李宗恩",
          "time": "2021年02月23日 10:20",
          "content": "<p>我不清楚北京情況，我們會陸續增訂名單於http://hantang.health/wp/list/</p>",
          "level": 1,
          "highlight": true,
          "children": [
            {
              "id": "918c9e88a36da16c0ecbb66c4a169386",
              "author": "莫比乌斯环",
              "time": "2021年02月24日 15:34",
              "content": "<p>好的，谢谢李医师</p>",
              "level": 2,
              "highlight": false,
              "children": []
            }
          ]
        }
      ]
    },
    {
      "id": "7cb2f9acc580be8dd67f3d9d24ed6c71",
      "author": "hongfeng",
      "time": "2021年02月23日 13:30",
      "content": "<p>感谢倪师，感谢倪师的传人们给大家带来的福音！时常看到倪师的视频会有点风趣的悲伤！这种情绪和身体也有关，只是不愿意看见人间少了一位圣人！</p>",
      "level": 0,
      "highlight": false,
      "children": [
        {
          "id": "3e7966ef2ef8ab53e6acbacff83605af",
          "author": "无名",
          "time": "2021年02月24日 18:35",
          "content": "<p>同感，有时视频看着看着，内心就会撼动，感伤。</p>",
          "level": 1,
          "highlight": false,
          "children": []
        },
        {
          "id": "4184234ccef2ede47b3a57570b13bddc",
          "author": "李宗恩",
          "time": "2021年02月27日 16:05",
          "content": "<p>謝謝你的支持及鼓勵！</p>",
          "level": 1,
          "highlight": true,
          "children": []
        }
      ]
    },
    {
      "id": "217aba889aab3319e098536cf2052174",
      "author": "Lucky",
      "time": "2021年02月23日 20:29",
      "content": "<p>我在上海，毕业于中医大，也写过医院HIS系统。1年多年开始重新学习倪师的经典课程，受益匪浅，决定改中。对国内西医和民间医学有些了解，愿意来做国内志工的事情。</p>",
      "level": 0,
      "highlight": false,
      "children": [
        {
          "id": "f42ddc8527d4b49ceae9c2393fb68505",
          "author": "李宗恩",
          "time": "2021年02月27日 16:06",
          "content": "<p>有機緣的話，會麻煩你當志工。</p>",
          "level": 1,
          "highlight": true,
          "children": []
        }
      ]
    },
    {
      "id": "ea8d722b163bc0499cf32ef6269873f7",
      "author": "Vincent.Do",
      "time": "2021年02月25日 04:13",
      "content": "<p>这真是一个好消息，希望能为这个平台做点什么。我在中国国内，目前在河北唐山，希望力所能及的帮做些事情。</p>",
      "level": 0,
      "highlight": false,
      "children": [
        {
          "id": "03aa2a598cd6516fe0182f0e831e7392",
          "author": "李宗恩",
          "time": "2021年02月27日 16:08",
          "content": "<p>有機緣的話，會麻煩你當志工。</p>",
          "level": 1,
          "highlight": true,
          "children": []
        }
      ]
    },
    {
      "id": "f70e808e9cdbdf323fd5be565f79c067",
      "author": "故乡的云",
      "time": "2021年03月03日 13:42",
      "content": "<p>尊敬的李宗恩老师，您好！我也是倪海厦老师的一名忠实粉丝，自学倪师人纪教程已经快5年了。验证了很多倪师的诊断方法和治疗思路。同时为了宣传倪师的汉唐经方，我自己建立了一个”倪海厦经方之家”的网站，为大家分享倪师的文章www.jingfangchuanqi.cn<br/>\n希望我也能为汉唐经方推广出一份力。</p>",
      "level": 0,
      "highlight": false,
      "children": [
        {
          "id": "3fb8e9707f78486a0456c87a8d172a19",
          "author": "ieitZYB",
          "time": "2021年03月04日 14:24",
          "content": "<p>这，了解软件的人应该知道“Licence”的概念，超越一般民众意识，这个下载：<br/>\n<a href=\"http://www.hcpaint.com/show-7-1213-1.html\" rel=\"nofollow ugc\">http://www.hcpaint.com/show-7-1213-1.html</a><br/>\n要考虑许可问题。</p>",
          "level": 1,
          "highlight": false,
          "children": []
        },
        {
          "id": "ee8be99681ccbc9665f6fac69f011e70",
          "author": "李宗恩",
          "time": "2021年03月08日 12:55",
          "content": "<p>雖然你是有心推廣倪老師的教學内容，其實你已經盜版及侵犯倪老師的智慧財產。</p>",
          "level": 1,
          "highlight": true,
          "children": []
        }
      ]
    },
    {
      "id": "12ea5f57ee35604af1bdc068770afea7",
      "author": "ieitZYB",
      "time": "2021年03月04日 14:38",
      "content": "<p>比如有台大开放式课程：<br/>\n<a href=\"http://ocw.aca.ntu.edu.tw/ntu-ocw/ocw/cou/103S106\" rel=\"nofollow ugc\">http://ocw.aca.ntu.edu.tw/ntu-ocw/ocw/cou/103S106</a><br/>\n先秦儒家哲學，哲學系，傅佩榮,本課程將依序探討《論語》、《孟子》、《荀子》、《易傳》、《中庸》、《大學》六部經典，就原文澄清其主要哲學概念，並設定判準來重構先秦儒家哲學的體系。<br/>\n有同学愿意搬运整理到B站：<br/>\n<a href=\"https://www.bilibili.com/video/BV1Dt411R7FP\" rel=\"nofollow ugc\">https://www.bilibili.com/video/BV1Dt411R7FP</a><br/>\n要知道，倪师并没有开放，所谓善心人士，是笑话一则：<br/>\n<a href=\"http://www.hantang.com/chinese/ch_Articles/copyright4.htm\" rel=\"nofollow ugc\">http://www.hantang.com/chinese/ch_Articles/copyright4.htm</a><br/>\n有學生居然很天真的以為如果要發揚傳統中醫文化，最好的方法就是將老師的天紀、人紀上傳到網路上，公開給不特定人士觀看，殊不知這種作法已經觸法，不但讓老師生氣，更是很明顯的違反著作權法，老師不會因為是我的學生而不去計較，請同學們不要再犯了。</p>",
      "level": 0,
      "highlight": false,
      "children": []
    },
    {
      "id": "b48a0bea0183aec97baedffb9b5816d5",
      "author": "笑西子",
      "time": "2021年03月05日 19:10",
      "content": "<p>李老师好，我是倪师的超级粉丝，去年开始一直在岐黄圣贤智慧做志愿者，如果您这里需要志愿者的话请考虑我，期待全国各地都可以找到好医师的那一天。感恩！</p>",
      "level": 0,
      "highlight": false,
      "children": [
        {
          "id": "4c15b3ef136e4bdc24b5adf360cd5c0d",
          "author": "李宗恩",
          "time": "2021年03月08日 12:56",
          "content": "<p>感謝，有適當機會的話，會請你參加志工的行列。</p>",
          "level": 1,
          "highlight": true,
          "children": []
        }
      ]
    },
    {
      "id": "96249dd66ed35895e810a6336a11b810",
      "author": "宋俊",
      "time": "2021年06月09日 06:25",
      "content": "<p>您好李老师，想求助，我同事血糖高在吃降糖药，半年前医生给他换了一种降糖药，吃的眼睛发黄，脸黑，手掌手背发黑，阳不举。现吃中药50多天，主方是当归四逆汤加金匮肾气汤方，加些天花粉，生竹茹，兰草，现在西药停止一个月了，空腹血糖6点多，眼睛黄退一点，脸黑手黑都有好转，阳不举明显好转。最近半月吃药感觉没有起色，不知道下面该怎么办？恳请不吝赐教。谢谢！</p>",
      "level": 0,
      "highlight": false,
      "children": [
        {
          "id": "bc656aeb88c38f627ca3c3f2b2c41273",
          "author": "李宗恩",
          "time": "2021年06月10日 15:57",
          "content": "<p>我不在網上針對個案一一討論。</p>",
          "level": 1,
          "highlight": true,
          "children": []
        }
      ]
    },
    {
      "id": "20c66c476b8aebe64e2f5d8c7c5c8596",
      "author": "宋俊",
      "time": "2021年06月10日 18:26",
      "content": "<p>谢谢李老师回复！打扰了</p>",
      "level": 0,
      "highlight": false,
      "children": []
    },
    {
      "id": "c1de125f15da7bb3b5be3e1ca9a78bee",
      "author": "叶子",
      "time": "2022年08月02日 07:25",
      "content": "<p>今年32岁，想自学中医，可我不知道如何迈出第一步，希望有老师给我提点。</p>",
      "level": 0,
      "highlight": false,
      "children": [
        {
          "id": "0215c1b9d1144f4f671991be555135bf",
          "author": "李宗恩",
          "time": "2022年08月10日 10:09",
          "content": "<p>好好研讀倪海厦老師的人紀中醫教材。</p>",
          "level": 1,
          "highlight": true,
          "children": []
        }
      ]
    },
    {
      "id": "672af9b8dfb5a0caaf9055def09dc515",
      "author": "Jerry",
      "time": "2023年03月20日 22:06",
      "content": "<p>李老师您好！我母亲（今年70岁）罹患胰腺癌，未做切片等西医治疗。现在唯盼能够通过经方中医得到治疗。您能否麻烦指点和推荐，大陆面诊地点？不胜感激额！拜谢！</p>",
      "level": 0,
      "highlight": false,
      "children": [
        {
          "id": "c9e989012a0a708b68451217dc86acfe",
          "author": "李宗恩",
          "time": "2023年03月24日 13:32",
          "content": "<p>診所在美國，不在中國大陸面診。</p>",
          "level": 1,
          "highlight": true,
          "children": []
        }
      ]
    },
    {
      "id": "9b7876e08aff0226997556bb68b6948e",
      "author": "田野",
      "time": "2023年11月02日 07:59",
      "content": "<p>李老师，您好！我想咨询一下，倪师的汉唐系列部分药品和处方配比在哪里可以查阅，药品哪里能购买？不胜感激额！<br/>\n拜谢！</p>",
      "level": 0,
      "highlight": false,
      "children": [
        {
          "id": "8ae387d5a8c7e600fce5aa5d0d8970db",
          "author": "李宗恩",
          "time": "2023年11月07日 09:34",
          "content": "<p>已經說過很多次，漢唐系列藥品原本為倪老師看診時的輔助藥品，不是讓病人自己隨便買了服用，而中國大陸沒有核准那些中成藥，買賣是違法的。</p>",
          "level": 1,
          "highlight": true,
          "children": []
        }
      ]
    }
  ],
  "page": 17,
  "order": 3,
  "filename": "data\\page17\\page17_order2_f78fc50798e0632e64d05d7ffe4204e2.json"
}