{
  "article_url": "https://andylee.pro/wp/?p=5819",
  "title": "FM96.1：把現象當成結果–能治好病嗎？",
  "content": "<figure class=\"wp-block-audio\"><audio controls=\"\" src=\"https://andylee.pro/wp/wp-content/uploads/2019/06/S-20180918陽氣中醫：把現象當成結果–能治好病嗎？.mp3\"></audio></figure>\n<p>（語音檔案由FM96.1電台提供，文章摘錄撰寫中，請稍加等待謝謝。）</p>",
  "article_time": "2018年09月18日 22:17",
  "comments": [],
  "page": 34,
  "order": 2,
  "filename": "data\\page34\\page34_order1_62302874efe52d40903d9d1ac4e658c9.json"
}