{
  "article_url": "https://andylee.pro/wp/?p=3255",
  "title": "電視節目：《當張仲景遇上斯坦福》（十二）“斯坦福”中國授課引轟動",
  "content": "<p><iframe allow=\"accelerometer; autoplay; clipboard-write; encrypted-media; gyroscope; picture-in-picture; web-share\" allowfullscreen=\"\" frameborder=\"0\" height=\"281\" referrerpolicy=\"strict-origin-when-cross-origin\" src=\"https://www.youtube.com/embed/qIHJV4R4l8U?feature=oembed\" title=\"《當張仲景遇上斯坦福》（十二）“斯坦福”中國授課引轟動\" width=\"500\"></iframe></p>",
  "article_time": "2015年11月30日 19:46",
  "comments": [
    {
      "id": "a2bc3669641581cb9e15718e058c443e",
      "author": "8020",
      "time": "2015年12月04日 04:00",
      "content": "<p>礙於過去中國近代歷史與現今現實背境現在的中西結合的中醫的醫療水準著實並沒有讓人有任何期望之處，如李醫師說般：＂「因為我沒有浪費什麼時間」。是的，我一開始就跟著中醫大師級的倪海廈老師，找對了師父。＂。現在李醫師在中醫界也是薄有名氣會否倣效已故的倪海廈醫師肩付起傳統中醫的承傳任務呢！讓人們知道學習傳統的中醫可以為現代西醫口中所說的不治之症做的更加多更比西醫做的更好，期待更多有識之士齊來參與來為傳統中醫開創無盡廣濶的未來。</p>",
      "level": 0,
      "highlight": false,
      "children": [
        {
          "id": "5b6df6d1a37144756caba9b700036bd3",
          "author": "andy",
          "time": "2015年12月04日 16:56",
          "content": "<p>謝謝鼓勵，我們都會盡力宣導及承傳中醫，也期許更多人加入我們的行列！</p>",
          "level": 1,
          "highlight": true,
          "children": []
        }
      ]
    },
    {
      "id": "ab02fa5fba2939ba879d2fea5a2a99bb",
      "author": "Andre",
      "time": "2015年12月08日 19:12",
      "content": "<p>李醫師把厥陰跟罷極之本解釋得真好！希望有一天也能跟著您學習中醫。</p>",
      "level": 0,
      "highlight": false,
      "children": [
        {
          "id": "0d1b500e0a1218c92a45f0779e274976",
          "author": "andy",
          "time": "2015年12月09日 11:53",
          "content": "<p>謝謝鼓勵，有機會的話，很高興與大家分享個人的經驗與理解。</p>",
          "level": 1,
          "highlight": true,
          "children": []
        }
      ]
    }
  ],
  "page": 50,
  "order": 3,
  "filename": "data\\page50\\page50_order2_ab02fa5fba2939ba879d2fea5a2a99bb.json"
}