{
  "article_url": "https://andylee.pro/wp/?p=7045",
  "title": "FM96.1: 八所中医药大学被除名：中医的路到底在哪里？",
  "content": "<figure class=\"wp-block-audio\"><audio controls=\"\" src=\"https://andylee.pro/wp/wp-content/uploads/2019/12/20191119-八所中医药大学被除名：中医的路到底在哪里.mp3\"></audio></figure>\n<p>（ 語音檔案由FM96.1電台提供，文章摘錄撰寫中，請稍加等待。謝謝。）</p>",
  "article_time": "2019年11月19日 10:27",
  "comments": [],
  "page": 26,
  "order": 8,
  "filename": "data\\page26\\page26_order7_f77d99e752e782bf3564cda1191e4028.json"
}