{
  "article_url": "https://andylee.pro/wp/?p=7075",
  "title": "倪海廈老師吉他彈唱自己創作歌曲《我的夢》",
  "content": "<figure class=\"wp-block-audio\"><audio controls=\"\" src=\"https://andylee.pro/wp/wp-content/uploads/2020/01/倪老師唱的歌-我的夢.mp3\"></audio><figcaption>倪海廈老師吉他彈唱自己創作歌曲《我的夢》</figcaption></figure>\n<p>這幾天整理老舊的照片及電子檔案，翻出來很多與倪海廈老師有關的照片、錄音、錄影，心中湧現許許多多的感觸。這裡是一段倪老師彈吉他唱歌的錄音，歌曲是他2008年自己創作譜曲寫詞的《我的夢》，藍調的節奏下，道出他傳承中醫的心境：</p>\n<p><em>《我的夢》</em></p>\n<p><em>我 心中有個夢 千年的傳承 無法擺脫的禁錮     </em></p>\n<p><em>風 吹亂我的頭髮 回首望一望 我已然越過黃河</em></p>\n<p><em>我的夢 經過了淬煉 那是我心中一把火</em></p>\n<p><em>雨 打在我的臉上 我不去擦拭 因為我要 我要它  </em></p>\n<p><em>雷 隆隆的作響 千年以來 從未 從未改變過 </em></p>\n<p><em>我的夢 經過了淬煉 那是我心中一把火</em></p>\n<p><em>電 閃亮的發光 照亮著我們 千年的黯淡</em></p>\n<p><em>雲 變幻又莫測  覆蓋著多少 多少聖賢</em></p>\n<p><em>我的夢 經過了淬煉 那是我心中一把火</em></p>\n<p><em>我的夢 經過了淬煉 那是我心中一把火</em></p>\n<p>曾幾何時，倪老師帶領著大家一起追夢，期許復興經典中醫智慧，幫助更多受到病痛折磨的病人及家屬。那個時候，我們大多數都在各行各業全職上班，或者努力持家照顧老老少少，忙碌了一整天，夜深人靜，別人都休息後，我們才正開始專心研讀倪老師的教材及醫案。雖然很辛苦，因為有夢想，心情振奮，毅力十足，多麼希望醫術上能再接近倪老師一點點，早日能幫助各式各樣的病人。</p>\n<p>然而，倪老師辭世多年後，當年不辭辛勞、努力學習的人群中，還有多少人在追夢？許多人面對現實生活的壓力，不得不向金錢利益低頭，有的放棄學習中醫、有的靠一招半式來養病人、有的改賣各類保健品、更有的假藉倪老師的名聲來斂財。病人第一的諾言不再，改變世界的豪情雲散，剩下的是汲汲營營，以及迎合群眾喜樂的花言巧語、裝模作樣，讓人唏噓不已。</p>\n<p>人因夢想而偉大。雖然倪老師已經遠走，他留給我們的夢想依舊，讓我們重新點燃心中的那把火，一起繼續追夢吧！</p>",
  "article_time": "2020年01月09日 13:29",
  "comments": [
    {
      "id": "3036685503738fecfbef8534e4078b24",
      "author": "Sophie",
      "time": "2020年01月09日 16:49",
      "content": "<p>很感动。听到这首歌曲。</p>",
      "level": 0,
      "highlight": false,
      "children": [
        {
          "id": "75b4c6e6297e3891f44e98317fa545a7",
          "author": "andy",
          "time": "2020年01月10日 10:18",
          "content": "<p>許多和老師親近的學生，聽到這首歌，都會忍不住流下眼淚。</p>",
          "level": 1,
          "highlight": true,
          "children": []
        }
      ]
    },
    {
      "id": "a5e87c7ce38ff96ad252013144f60257",
      "author": "出師未捷身先死",
      "time": "2020年01月09日 20:03",
      "content": "<p>倪海廈倪師真的是一位帶有傳奇色彩的人物，在求學時代便展示了過人的天賦無師自通自學成才掌握了吉他彈奏技巧，之後在中醫領域更是青出於藍而勝於藍，超越了他的老師周左宇和徐濟民。倪師在求學階段完全憑興趣來自學，沒有拘泥於循規蹈矩的課堂教育。反觀現在的教育完全是填鴨式的教育，不管興趣與否，家長強迫子女去報各種興趣班，學校內的教育也是應試教育，完全按照分數評判優劣。</p>",
      "level": 0,
      "highlight": false,
      "children": []
    },
    {
      "id": "7b62f702b4f5bfc11e4336165688cffb",
      "author": "JonsonKu",
      "time": "2020年01月09日 22:47",
      "content": "<p>李醫師，無緣聆聽倪老師的吉他彈唱（Live show),今生之憾。細聽曲調略有傷感之意，但歌詞豪邁奔放。“那是我心中一把火”永遠不滅之火，光芒四射，大醫之道，永傳。</p>",
      "level": 0,
      "highlight": false,
      "children": [
        {
          "id": "b1bd078456e2ad9c6e6ea798b9837520",
          "author": "andy",
          "time": "2020年01月10日 10:22",
          "content": "<p>傳承的使命感如此巨大，各地醫療的亂象又如此之多，倪老師的詞曲既展現出豪情壯志，也道出無限感嘆。</p>",
          "level": 1,
          "highlight": true,
          "children": []
        }
      ]
    },
    {
      "id": "2d7c0b76af87996dd9a153ebf84fcef3",
      "author": "zhoujie",
      "time": "2020年01月10日 08:12",
      "content": "<p>我17岁了，在偶然的机会认识倪师现在100多天了，对我的人生有决定性的改变，我真想当面感谢倪师，被倪师所折服，虽然不是人纪班学生，但是我相信功夫不是有心人，我看录影带，和倪师网站也可以把经方传承下去，只是有些问题不能向倪师当面请教了，感觉倪师就像亲人一样，教我们真正的本领，不像学校照着教材讲很乏味，刚才在看录影带，现在有看到了倪师学生的网站很感动，因为我在大陆，看繁体还是有一些困难，所以就把网站的内容复制下来下朗读载个APP听，瞬间感觉自己责任重大，活了这么多年，从来没有像这一百多天一样，觉得学习是开心的，感谢倪师的出现让我一辈子选择正统经方，倪师说涉猎要广，我要早点休息了，明天继续看影带，</p>",
      "level": 0,
      "highlight": false,
      "children": [
        {
          "id": "8332682759c7a7e776ecf4dfc5d27616",
          "author": "andy",
          "time": "2020年01月10日 10:23",
          "content": "<p>很高興你開始學習經典中醫智慧，加油！</p>",
          "level": 1,
          "highlight": true,
          "children": []
        },
        {
          "id": "4c553e719816599398d8c65d06b20770",
          "author": "沉虔",
          "time": "2020年02月23日 03:44",
          "content": "<p>我也是19年的11月刚知道他，之后数次看他的文字和视频而流泪。好希望他还在人间呀。我看完了天纪，目前在看人纪。对我人生的志向以及做人有很大的改变。虽然他之前的那些弟子各自散去。但我相信以后会有越来越多的人受他的影响而成为更好的人。</p>",
          "level": 1,
          "highlight": false,
          "children": [
            {
              "id": "d1812edc302675963a036b66efca5635",
              "author": "andy",
              "time": "2020年02月24日 09:54",
              "content": "<p>是的，倪海廈老師留給世人許多的智慧，讓有心學習的人能夠入門。</p>",
              "level": 2,
              "highlight": true,
              "children": []
            }
          ]
        }
      ]
    },
    {
      "id": "89e1ac92d2792c57f7a1fa2b014c0e57",
      "author": "lmc",
      "time": "2020年01月12日 19:31",
      "content": "<p>希望我能赶上你们的步伐</p>",
      "level": 0,
      "highlight": false,
      "children": [
        {
          "id": "1dc1c7a7d23af8e50fd126779af79d85",
          "author": "andy",
          "time": "2020年01月14日 11:03",
          "content": "<p>加油！</p>",
          "level": 1,
          "highlight": true,
          "children": [
            {
              "id": "0a3dd56dd8281f6d91d6746f4f8da334",
              "author": "lmc",
              "time": "2020年02月24日 04:55",
              "content": "<p>好久没有看到李师写医案了，可能是武汉肺炎的问题，最近不知道李师有没有碰到特别的医案，期待中。</p>",
              "level": 2,
              "highlight": false,
              "children": [
                {
                  "id": "c1ba6eae147de4476377f3904275a16a",
                  "author": "andy",
                  "time": "2020年02月24日 10:00",
                  "content": "<p>可以寫的醫案很多，只是忙不過來了。</p>",
                  "level": 3,
                  "highlight": true,
                  "children": []
                }
              ]
            }
          ]
        }
      ]
    },
    {
      "id": "717d57c43dad729d145edaafb0a2ad48",
      "author": "胤宇健康",
      "time": "2020年01月18日 04:28",
      "content": "<p>好想去跟桃花岛跟诊好好学学，希望师兄能指个路。</p>",
      "level": 0,
      "highlight": false,
      "children": [
        {
          "id": "d798151cd276eccf76a561c02405910b",
          "author": "andy",
          "time": "2020年01月18日 09:15",
          "content": "<p>已經沒有所謂的「桃花島」了，倪海廈老師過世後，家人把原本診所地產賣出，現在是一家動物醫院。</p>",
          "level": 1,
          "highlight": true,
          "children": [
            {
              "id": "44a35ec813dde1b59cb4437a0fa57f28",
              "author": "沉虔",
              "time": "2020年02月23日 03:48",
              "content": "<p>我不知道倪伯时是怎样的人，听说他以前和倪师有不和。我身体患病，找他的弟子看的，诊费药费特别贵好长时间没好，不知道我有没有找对人。桃花岛售出的事，和他有关吗。这里不方便回答可以私发给我的2910280963@qq.com</p>",
              "level": 2,
              "highlight": false,
              "children": [
                {
                  "id": "e6b02fe7f2b6b38bd76805f164389ab0",
                  "author": "andy",
                  "time": "2020年02月24日 09:57",
                  "content": "<p>這些事情很容易打聽出來，我就不多說了。倪海廈老師原來在佛州的診所，確實是被倪伯時出售的，現在是一家動物醫院。</p>",
                  "level": 3,
                  "highlight": true,
                  "children": []
                }
              ]
            }
          ]
        }
      ]
    },
    {
      "id": "7bbfe1273922faf409a047853424995a",
      "author": "胤宇健康",
      "time": "2020年01月19日 07:23",
      "content": "<p>谢谢李老师，不知李老师有没有私人的邮箱，我想向您咨询点医学专业方面的事情，因为我是2002年浙江医科大毕业的，心脏电生理专业，从事西医心血管内科临床工作十多年了，后面西学中转的中医，学了倪老师的人纪教材，运用在临床工作中很受用，我想跟你咨询点病例方面的事宜</p>",
      "level": 0,
      "highlight": false,
      "children": [
        {
          "id": "8279ce323041a7cb7209774d2fa84774",
          "author": "andy",
          "time": "2020年01月19日 08:23",
          "content": "<p>你可以email到info@youngQi.com，我會看看我能幫什麼忙。</p>",
          "level": 1,
          "highlight": true,
          "children": []
        }
      ]
    },
    {
      "id": "76dbabe2734850355629f3a319b89098",
      "author": "viyiai",
      "time": "2020年01月24日 21:53",
      "content": "<p>想念倪师！</p>",
      "level": 0,
      "highlight": false,
      "children": []
    },
    {
      "id": "22deee8e8ef28ecc85d7caaa08508b28",
      "author": "倪粉",
      "time": "2020年02月01日 19:14",
      "content": "<p>今天农历正月初九，缅怀倪师，倪师永在。</p>",
      "level": 0,
      "highlight": false,
      "children": [
        {
          "id": "e85f0cf36bdd7622cc84d701b2e93a98",
          "author": "andy",
          "time": "2020年02月03日 20:26",
          "content": "<p>陽曆1月31日，農曆正月初九，永懷倪老師！</p>",
          "level": 1,
          "highlight": true,
          "children": []
        }
      ]
    },
    {
      "id": "09742b4bfa73fe1c575fda24103da4fa",
      "author": "冰山",
      "time": "2020年02月07日 23:19",
      "content": "<p>倪师逝去是我心中的痛</p>",
      "level": 0,
      "highlight": false,
      "children": []
    },
    {
      "id": "a37157d24a63b41ddf686020e1ec0ea0",
      "author": "廖欣强",
      "time": "2020年04月06日 04:39",
      "content": "<p>清明节之际，借宗恩博士主页来怀念倪师，愿倪师的心愿在宗恩博士不断坚持下，早日成为人民公认的正统医学，救治更多生命，让祖国正统医学重放光彩！！！</p>",
      "level": 0,
      "highlight": false,
      "children": [
        {
          "id": "4f34ab13d40daa030ce4be422005ea13",
          "author": "李宗恩",
          "time": "2020年04月06日 14:34",
          "content": "<p>謝謝你的支持及鼓勵！</p>",
          "level": 1,
          "highlight": true,
          "children": []
        }
      ]
    },
    {
      "id": "c387959416807acccddc134c7d673ae4",
      "author": "卢晨",
      "time": "2020年04月16日 05:29",
      "content": "<p>能看到听到很开心，也莫名很难过，给予力量与信念！</p>",
      "level": 0,
      "highlight": false,
      "children": []
    },
    {
      "id": "b289253eab43c884af601878965a9be0",
      "author": "卫元",
      "time": "2020年09月13日 04:12",
      "content": "<p>2018年的时候偶然拜读了倪师的人纪系列，深感震撼，没学过医学的我也能学懂，也是我从此走上中医之路的指引导师，感恩倪师！</p>",
      "level": 0,
      "highlight": false,
      "children": []
    },
    {
      "id": "fff6412389c37177fad2d675079c54bb",
      "author": "倪师的追随者",
      "time": "2020年11月26日 02:25",
      "content": "<p>李师，你完全可以顺着倪师的路走下去，我相信会有很多人跟随的，我知道这是条比较艰苦的路，但是只要有心，就一定可以传承下去的，完成倪师的遗愿！！</p>",
      "level": 0,
      "highlight": false,
      "children": [
        {
          "id": "1695a97b7d9d1981674b3d4cfc5f2157",
          "author": "李宗恩",
          "time": "2020年11月27日 11:44",
          "content": "<p>謝謝你的支持與鼓勵。</p>",
          "level": 1,
          "highlight": true,
          "children": []
        }
      ]
    },
    {
      "id": "cc04c4b3380564225f60b7136030f5fe",
      "author": "jerry",
      "time": "2021年03月06日 16:28",
      "content": "<p>你需要任何药材我都可以提供帮助。包括紫参、生附子、石硫磺。麻黄的替代品我也已经找到了。很难过倪海厦师傅走了之后发生的诸多变革。</p>",
      "level": 0,
      "highlight": false,
      "children": []
    },
    {
      "id": "c11ca393b05203f6c66685e2b371fb38",
      "author": "Kim",
      "time": "2021年11月14日 07:58",
      "content": "<p>心淨之人,可以憑音,靠像,看透內部.人和人真的有太大的不同.</p>",
      "level": 0,
      "highlight": false,
      "children": []
    },
    {
      "id": "762bb70b831ef5a7635fd5833b0790b6",
      "author": "天天",
      "time": "2023年03月07日 04:01",
      "content": "<p>感动！<br/>\n倪老师最欣慰的事情应该就是收了李医生这样一位能全盘接住老师一身本领并继续发扬的弟子，<br/>\n期望将来李医生也能有几位像李医生一样优秀的弟子，继续发扬光大。</p>",
      "level": 0,
      "highlight": false,
      "children": [
        {
          "id": "a0edc0b0026c882fa63ee71c0620bc6f",
          "author": "李宗恩",
          "time": "2023年03月13日 11:38",
          "content": "<p>謝謝你的支持及鼓勵。</p>",
          "level": 1,
          "highlight": true,
          "children": []
        }
      ]
    },
    {
      "id": "1e67240d18f30e3818647970bc144263",
      "author": "莲心不染",
      "time": "2023年05月17日 01:54",
      "content": "<p>你好你在你这儿留言就当给倪师说话了。。。谢谢分享倪师的歌儿<br/>\n我不是倪师的学生，听了这首歌感动的流泪，也不知道这是为什么。并且今年才了解到倪师，网上搜了很多关于倪师的讲课片段，感恩倪师分享善知识。真的是相见恨晚。<br/>\n盗版有好有坏，好处是让我们平民百姓可以网上看到倪师的珍贵善知识，自救。真心感恩。坏处是有的匪人以此牟取暴利。<br/>\n相信因果报应惩罚他们。</p>",
      "level": 0,
      "highlight": false,
      "children": [
        {
          "id": "a0b2df6f41692b91762d40612a1fc9cf",
          "author": "李宗恩",
          "time": "2023年05月17日 10:23",
          "content": "<p>謝謝你的分享。</p>",
          "level": 1,
          "highlight": true,
          "children": []
        }
      ]
    },
    {
      "id": "191c068aa2fe8a16b6e90793296cbdc2",
      "author": "子淇",
      "time": "2023年07月03日 01:48",
      "content": "<p>去年疫情放开后,无意间听到了倪师的这首歌,不自觉泪流,那种感动不能言说,我对中医可以说是不了解,近半年才有一点认知,但就觉得中医治病是有逻辑有道理的,只是叹惜这种认知没有早一些意识到,那样母亲也许不会走的那么早.感谢倪师,感谢李老师提供这样一个中医传播的途径,让我这样中医门外的小白有学习认知的机会</p>",
      "level": 0,
      "highlight": false,
      "children": [
        {
          "id": "2e1b9ccfa3c376dac12c2821daad2ca6",
          "author": "李宗恩",
          "time": "2023年07月04日 11:58",
          "content": "<p>謝謝你的支持及鼓勵。</p>",
          "level": 1,
          "highlight": true,
          "children": []
        }
      ]
    },
    {
      "id": "fd402f4bedaab7baa6dbc63b0e67f040",
      "author": "天空",
      "time": "2023年12月29日 10:50",
      "content": "<p>多年以後聽到倪老師的歌，心中滿滿的感動。觸動我的是，夢想是要經過淬煉的，感動的是老師一路走來心中始終如一的那一把火。這幾天一直在嘗試從內在去理解感受命門之火從何來，來到這裡，從倪老師的歌中聽到了。感謝倪老師、李老師兩位老師一直帶著這火把照亮前方的路。</p>",
      "level": 0,
      "highlight": false,
      "children": [
        {
          "id": "d18a54ef719f55c80ab9259404ff531e",
          "author": "李宗恩",
          "time": "2023年12月29日 10:58",
          "content": "<p>謝謝你的支持及鼓勵。</p>",
          "level": 1,
          "highlight": true,
          "children": []
        }
      ]
    }
  ],
  "page": 25,
  "order": 6,
  "filename": "data\\page25\\page25_order5_2d7c0b76af87996dd9a153ebf84fcef3.json"
}