{
  "article_url": "https://andylee.pro/wp/?p=3632",
  "title": "FM 96.1 : 心理、精神領域藥物的副作用",
  "content": "<!--[if lt IE 9]><script>document.createElement('audio');</script><![endif]-->\n<audio class=\"wp-audio-shortcode\" controls=\"controls\" id=\"audio-3632-1\" preload=\"none\" style=\"width: 100%;\"><source src=\"https://andylee.pro/wp/wp-content/uploads/2016/07/drcase_20160517_510-546pm_31m55s_converted.mp3?_=1\" type=\"audio/mpeg\"/><a href=\"https://andylee.pro/wp/wp-content/uploads/2016/07/drcase_20160517_510-546pm_31m55s_converted.mp3\">https://andylee.pro/wp/wp-content/uploads/2016/07/drcase_20160517_510-546pm_31m55s_converted.mp3</a></audio>\n<p>美國槍擊事件的發生，許多人怪罪於美國槍枝法的不嚴謹，實際上還有一個潛在的因素，就是藥物的濫用。公民人權委員會（Citizens Commission on Human Rights，CCHR），非營利的身心健康監督團體，近六十年針對精神疾病用藥的調查，發現許多藥物會造成自殺、暴力傾向等副作用，這類藥物平衡腦化學訊號的失衡，甚至有抑制腦神經活躍的作用，身體內同一個化學訊號，在不同身體部位的接受器不同，起的作用也不同，因此抑制了某種化學訊號的產生，相對需要此訊號的器官當然就受了影響，產生許多未知的副作用。</p>\n<p>在這舉一名癲癇的例子。一名四歲男童，八個月時發生第一次癲癇，發病時全身癲癇、躁動，甚至沒有行為能力，無法控制手腳，還會發出奇怪的聲音。該孩童接受台大醫院癲癇藥物的治療，院方指出，該類藥物需要終生服用，而這些藥物都會造成智力的損害，由原本的只有癲癇症狀，因為藥物副作用造成智力程度不及一歲孩童。親自來看診前先藉由遠端問診，請家長在當地購買科學中藥粉劑，服用三個半禮拜，據家長描述，孩童癲癇情形已經好多了。</p>\n<p>中醫認為痰飲積聚在腦腑所以造成癲癇，西醫解釋為腦部的不自主放電，追究其幼兒癲癇原因，主要是脾臟和肝臟的功能出了問題，當脾胃吸收營養不良進而造成肝血不足，反映在筋肉上的病變。身體的各個臟腑都有對應的情緒，中醫談＂肺主魄　＂，就憂鬱症的情況而言，當肺氣不宣時，就會造成情志的不暢，這時候使用宣發肺氣的＂麻黃湯　＂就能起到療效。中醫講求辨證論治，身體上任何的症狀都是中醫尋求的線索，每個臟腑都有對應的主症，看似複雜的疾病找出實際的來源，就能藥到病除。</p>\n<p>臨床接觸了不少孩童的病例，在這呼籲一下父母親，很多時候孩童的心理誘發身理不健康，有可能來自於為人父母的我們，小朋友成長過程中過分的壓抑或溺愛，都很有可能造成將來身心不健康的因素，這當中的平衡，還需要身為父母的我們來自省。</p>\n<p><strong>（語音檔案由FM96.1電台提供，文章摘錄自語音檔案內容，部分文字略有異同，敬請見諒。）</strong></p>",
  "article_time": "2016年05月17日 14:58",
  "comments": [],
  "page": 46,
  "order": 3,
  "filename": "data\\page46\\page46_order2_2e7d75191538213c992063fe50d5bcca.json"
}