{
  "article_url": "https://andylee.pro/wp/?p=6125",
  "title": "FM96.1：什麼是“氣血兩虛”？夏天常見的症狀有哪些？",
  "content": "<figure class=\"wp-block-audio\"><audio controls=\"\" src=\"https://andylee.pro/wp/wp-content/uploads/2019/07/s-07172019什么是“气血两虚”？夏天常见的症状有哪些？.mp3\"></audio></figure>\n<p><strong>（語音檔案由FM96.1電台提供，文章摘錄撰寫中，請稍加等待謝謝。）</strong></p>",
  "article_time": "2019年07月17日 16:03",
  "comments": [
    {
      "id": "313e85e758fd5d06cba7453c48267e5d",
      "author": "Jonson Ku",
      "time": "2019年08月02日 05:21",
      "content": "<p>李医师，请教一个问题，感冒咳嗽就会引发尿憋不住。这个什么原因？肺主气速降，金生水，水不能固？是否考虑肾阳不足呢？谢谢哦。</p>",
      "level": 0,
      "highlight": false,
      "children": [
        {
          "id": "e3fa4c7f2cb580b9620d72c5b9acfca3",
          "author": "andy",
          "time": "2019年08月04日 11:33",
          "content": "<p>不是什麼病症就對應什麼內在問題，得去檢查、研究病人其它症狀而推斷問題所在，你可以看一下這篇文章中尿頻的例子：https://andylee.pro/wp/?p=5539</p>",
          "level": 1,
          "highlight": true,
          "children": []
        }
      ]
    },
    {
      "id": "b5f4f6be68c168c42597d8461f5e7d30",
      "author": "明遠",
      "time": "2019年08月02日 20:38",
      "content": "<p>李醫師 您好:</p>\n<p>您在回答聽眾的提問有說道白天不喝水到了晚上半夜想喝水是屬於陰虛、血虛。如果是上午都不渴，過了中午開始感覺有點口渴，下午口渴越來越強，到了晚上非常渴，這種情況是否也是陰虛、血虛?</p>\n<p>謝謝!</p>",
      "level": 0,
      "highlight": false,
      "children": [
        {
          "id": "a16e440f738dff99387322db843b21aa",
          "author": "andy",
          "time": "2019年08月04日 11:37",
          "content": "<p>「陰虛」只是一個大略的說法，每個病人的情況不同，必須比對其它望聞問切的資料，譬如很多更年期的女士會有你形容的口渴情況，是一種陰虛的表現，但是更年期和七八十歲的長者的情況當然不同，不要以單一病症來討論問題的癥結。</p>",
          "level": 1,
          "highlight": true,
          "children": [
            {
              "id": "f9d9c2112354c62981c676069ba90ee7",
              "author": "明遠",
              "time": "2019年08月05日 09:13",
              "content": "<p>謝謝回覆!</p>",
              "level": 2,
              "highlight": false,
              "children": []
            }
          ]
        }
      ]
    },
    {
      "id": "30611135c17ec96488daa656316e149a",
      "author": "小李",
      "time": "2019年08月18日 03:34",
      "content": "<p>李医师您好，我妈今年７４岁前段时间一般隔几天到下午就有恶寒发热现象（都是全身觉得冷得发抖手掌脚掌摸上去冷冷的，要盖厚被子过个四五十分钟左右就是开始发热手脚也开始热了以后会出些汗然后就没事了，发热时一会就要小便一会小便但量不多，口渴）一直以为是感冒后面去检查说是胆管有结石，检测报告显示：（<br/>\n胆:胆囊大小10.98cm×3.4cm，形态尚正常，壁薄，囊内透声欠佳，于囊内探及一范围约375cm×1.57cm偏高回声附壁，后无声影，随体位的改变而移动变形，另于囊内探及一大小约0.90cm×0.52cm的强，后伴声影；胆总管上段宽约1.80cm，中段宽约1.27cm，内探及大小约1.73cm×1.31cm的强回声，后伴声影；左右肝内胆管均见扩张。<br/>\n超声提示:<br/>\n1.胆总管结石伴梗阻以上胆管扩张<br/>\n2.胆囊结石、胆囊内附壁偏高回声（胆泥？）<br/>\n3.脾轻度肿大）</p>\n<p>奇怪的是她这胆结石不会痛，除了胃口不好外就是隔个一至二天到下午就恶寒发热（先冷得发抖再发热）然后过了又跟没事一样。 发热时一会就要小便一会小便量不多，口渴。我们这的小医院是说要到上级大医院去手术清石才行。但是她年纪又太大了，想试试中药能不能治就<br/>\n先吃了这个方子（柴胡20 芍药20 甘草(炙)20 枳实20 海金沙10 五倍子10 鸡内金10　打粉泡米汤服用）两天后到下午还是会发冷发热，</p>\n<p>（后面就换了这个方子</p>\n<p>柴胡36 黄芩15 西洋参3 党参10 炙甘草15 半夏15 枳实20 白芍20 鸡内金20 茵陈15 金钱草15 白扁豆20服完还是到下午会发冷发热）</p>\n<p>她自己觉得最不舒服的就是这个发冷发热问题，结石都是一直不会痛，后面用了这个方子：<br/>\n柴胡48 桂枝21 黄芩21 栝蒌根21 牡蛎21 干姜21 炙甘草15，吃了两天还是出现发冷发热现象）</p>\n<p>想这咨询下您看看方便提供些思路吗？　谢谢……</p>",
      "level": 0,
      "highlight": false,
      "children": [
        {
          "id": "f32a725f06c169e3e2f5b365318140ad",
          "author": "andy",
          "time": "2019年08月20日 11:26",
          "content": "<p>我無法在網上針對個案來討論。</p>",
          "level": 1,
          "highlight": true,
          "children": [
            {
              "id": "055be10f61895c27579de848e166f66c",
              "author": "小李",
              "time": "2019年08月21日 08:41",
              "content": "<p>那李医生能讲讲经方对胆结的治疗模型吗？还有就是石头的大小真的像西医所讲的超过胆管大小石头都没办法排的吗？而经方治疗是不是不重视排石只要症状不在了就算石头还在也没事吗？</p>",
              "level": 2,
              "highlight": false,
              "children": [
                {
                  "id": "a09851c2dcf30df45fd2aca5917642b7",
                  "author": "andy",
                  "time": "2019年08月27日 15:34",
                  "content": "<p>不能這樣解釋，而是說如果沒有任何症狀，也不能從穴道按壓、脈象等等檢查出來，那麼中醫就無法知道膽裡面還有沒有結石，然而，臨床上只要結石不是特別小，都還是會反應在症狀、穴位、脈象等等。超過膽管大小的結石是可以排出的，膽管有彈性，可以通過很大的結石，只是通常無法在沒有藥物等外力的協助下排除。</p>",
                  "level": 3,
                  "highlight": true,
                  "children": []
                }
              ]
            }
          ]
        }
      ]
    },
    {
      "id": "f1d1b8fecf0dcaabefcc2e72e7a1fab2",
      "author": "Jean Pan",
      "time": "2020年02月18日 01:17",
      "content": "<p>李医师您好，麦门冬汤方中麦门冬用量非常大，请问你在临床上这个方剂的用量是怎样的？</p>",
      "level": 0,
      "highlight": false,
      "children": [
        {
          "id": "f8d12ad12545b7750ecec93658dcdc30",
          "author": "andy",
          "time": "2020年02月20日 10:29",
          "content": "<p>一般情況下，麥冬多開一些沒什麼關係，18～30克還挺常用的。</p>",
          "level": 1,
          "highlight": true,
          "children": []
        }
      ]
    }
  ],
  "page": 28,
  "order": 8,
  "filename": "data\\page28\\page28_order7_055be10f61895c27579de848e166f66c.json"
}