{
  "article_url": "https://andylee.pro/wp/?p=6127",
  "title": "FM96.1：“血癌”和 “類風濕性關節炎”—都是“寒濕”惹的禍？中醫治療效果又如何？",
  "content": "<figure class=\"wp-block-audio\"><audio controls=\"\" src=\"https://andylee.pro/wp/wp-content/uploads/2019/07/s-07032019“血癌”和-“类风湿性关节炎”—都是“寒湿”惹的祸？.mp3\"></audio></figure>\n<p><strong>（語音檔案由FM96.</strong>1<strong>電台提供，文章摘錄撰寫中，請稍加等待謝謝。）</strong></p>",
  "article_time": "2019年07月03日 16:05",
  "comments": [
    {
      "id": "21bafa460735c87495b9c7582921a8ce",
      "author": "淳賓",
      "time": "2019年07月29日 05:28",
      "content": "<p>多發性硬化症 multiple Sclerosis 也是寒濕引起的嗎？</p>",
      "level": 0,
      "highlight": false,
      "children": [
        {
          "id": "1f51ff27ca0bd5efa28d13b05f7dcd91",
          "author": "andy",
          "time": "2019年07月29日 09:13",
          "content": "<p><a href=\"https://andylee.pro/wp/?p=1987\" rel=\"ugc\">https://andylee.pro/wp/?p=1987</a></p>",
          "level": 1,
          "highlight": true,
          "children": [
            {
              "id": "21efd0799aa4c4ed6bcd6f236b631cd7",
              "author": "淳賓",
              "time": "2019年08月22日 12:27",
              "content": "<p>謝謝回覆!</p>",
              "level": 2,
              "highlight": false,
              "children": []
            }
          ]
        }
      ]
    },
    {
      "id": "7b964423c6c87ecc84b4820fd6662397",
      "author": "gordon",
      "time": "2019年09月08日 22:50",
      "content": "<p>翻成文字，供大家參考。<br/>\n      7月8月的有兩場比較重要的演講，一場是馬上7月7號在臺北漢唐經方論壇第三屆，他已經辦了三年了，每年都約人數越來越多，討論如何以中醫去應付各種疑難雜症。另外一個是8月底會在加拿大的國際講座，第三屆國際傳統醫學大會暨中醫大會了，在加大舉行是給醫生聽的！大概也都五六百人一次也很榮幸地被邀請去演講三個小時。聽大會解釋說他現在已經受到了加大總理的賀函，所以看來在加拿大是蠻大的一件事情。<br/>\n您可以到www.andylee.pro這個網站上可以看到這兩個訊息，你可以點到它的傳播媒體子欄目當中可以去看到怎麼樣去報名。在臺北這一次主講當中，在經方已經是第三屆了，經方論壇當中你講的主題是什麼？<br/>\n我想講兩個案例，這兩個案例都跟免疫系統有關，我想這十年來中醫慢慢被主流醫學認可，很多時候對免疫系統對這種水道循環。去年發現了一個新的人類最大的器官和跟蹤的水道很有關係。這個實際上是中醫的在在西方世界中被慢慢凸顯出來免疫系統的在一些比較不能處理的部分，所以我會提到兩個非常嚴重的病例，這兩個病例都被認為是沒有辦法治療。<br/>\n第一個是一個嚴重的急性淋巴白血病，那白血病有很多種，最棘手的是它是基因轉為主要天生基因有一對有兩個是反過來的，他有不同的位置轉位，其中一個叫mll，目前為止沒有要救因為它相對人數非常的少，一般來講藥廠藥研發總是需要有個經濟價值，它需要有一個標靶治療要足夠人數，當你人數很少的時候他不會去做研究，所以目前為止認為是一種存活率非常低的一種急性淋巴性白血病，就是一般所謂的血癌了。不管在中國大陸，在臺灣在很多的戲劇裡面常常會把血癌來出來言來討論說女主角得的血癌。其實血癌本身很平均下來不比其他癌症嚴重，不過這種情況下的白血病是非常嚴重的，這位小妹妹是在臺灣然後飛來美國看了以後會他又回臺灣，然後由於距離來治療他已經被兩次認為已經沒有救了，1月初的時候被同事可能兩三天要過世到我們治療之後稱回來了，到3月的時候又認為大概已經要放棄治療，認為兩個禮拜之內會過世，現在已經到7月初了，目前為止還在治療，但是問題已經超過一般認為可能生存的一個底線。<br/>\n我們來告訴大家說，雖然這是天生的基因的問題，實際上是沒有至少在今天沒有辦法做改進的方式下，中醫至少可以讓它往前走，那人撐多久不知道，到目前為止它還可以每天回學校一兩個小時，然後稍微有點互動，不會他太無聊，已經不是住在加護病房裡面，這是一個免疫系統，因為他的白血球會比較高，然後百分之九十幾白血球是無效的。所謂的芽細胞的所謂的不成熟的白血球了，也就是說它的骨髓在製造時候，因為癌細胞的作用它沒有辦法知道，好的白血球大部分都是壞的，所以免疫系統會出問題，這個是免疫系統的一個部分。<br/>\n另外一個就是非常嚴重的類風濕性關節炎，這位是50歲在灣區，我們以前可能有提過這個案子，現在還在治療之中，他非常嚴重，他突然全身發發類風濕濕關節炎，每一個關節基本上都壞，從手肘手指肩胛肩膀，然後腳膝蓋然後到腳踝都腫脹，然後變形非常疼痛。吃大量的止痛藥，然後勉強可以睡個一兩個小時。中醫介入之後開始轉變了，我們一直都有個對比，因為他有一位同樣的朋友跟他情況有點類似，但他的病症都在比較局部比較反而比較小，但是它用的西藥非常嚴重，是用化療方式，每八個月要吃化療的藥物，然後每個月要打一個針，然後每天要吃IBK勉強可以活著。但是醫生也警告他，這種方式遲早有一天他肝跟腎會出現問題，會腎衰竭甚至可能會沒有。到那個時候病人說他的關節炎也沒有辦法繼續治，同時還有更大的問題，相比之下中醫在治療上它現在已經痛減少非常多可以活動，我們希望它骨頭能夠轉變回來。<br/>\n這兩個案子都是顯示中醫雖然算古老，可是在臨床上面這麼嚴重的兩個病症在西醫是認為不可能有藥救的，基本上就是等它哪一天會出事。目前為止還是不錯，所以我們會在臺北想深入瞭解一下這個案子，因為這個對醫生來講是我們可以直接跟他講講方劑和劑量內容，因為我們比較不怕這些醫生聽了以後自己就依樣畫葫去做。因為畢竟他們知道用藥的危險性，一般在廣播裡面或是在網站上就不太公佈內容，因為怕他自己照樣畫虎，可能會出一些問題。<br/>\n一個血癌，一個是類風濕性關節炎，突發性的好像聽起來這個病名好像八竿子打不著，都各自沒什麼關係。那麼您在治療病例的時候，中醫的思路您是怎麼樣去治療這個案例？<br/>\n中醫講辨證論治，所以不能說血癌就是什麼方式來治，我想這也是我這次去加拿大主要會講的一些內容，待會再提加大的一場好，就說中醫提倡類風濕關節炎，雖然有一些用藥的一些方向，可能實際上重點是要去辨證論治，這兩個案子為什麼特別抽出來，除了跟免疫系統有關以外，一個大小孩在四歲多，一個是大人那快50出頭了，一個在臺灣，一個在美國，他天南地北的西醫病名可是在用藥上基本上非常相似，因為他們兩個基本上都認為中醫看他的寒濕入到骨頭裡面去.這個極寒到了骨髓裡面之後產生的病變表現出來在小女孩身上是一個血癌的症狀，所以他沒有辦法正常去製造血液血球白血球紅血球血小板沒有辦法正常運作。<br/>\n另外一個他把他骨節裡面也是骨頭，但他比較偏骨節，所以造成類風濕性關節炎，造成他骨頭病變，所以這兩個實際上都跟寒證跟骨頭有很大的關係，所以我們用藥就稍微強烈一點，不像一般平常的所謂的熱藥對吧？這個用過就可以一些稍微的藥，這兩個都用到非常強的藥。雖然藥劑不多，都用到生附子、炮附子、烏頭、生硫磺。這些一般來講是經方派比較擅長，那四個重藥一起用起來確實很重，如果你開錯的話病人心臟會受不了，而同時它會很多熱會浮現在外面，因為你如果沒有辦法把這些藥引到骨頭裡面，這麼熱的藥等於是一個火山要爆發一樣。可這兩位病人是反應都非常的好。我們從很低的劑量開始去看他的轉變，他的承受度慢慢提高，因為它畢竟還是有每個禮拜去驗血象，他的白血球怎麼樣，他說他的立刻利顆粒球有多少，他的所謂的芽細胞，這些所謂的西醫的指數。雖然中醫不看戲的報告，但是報告在這種情況是一個蠻好的參考，所以這個實際上是一個很大的對比，為什麼一個個子小小很瘦弱的四歲小孩的用藥既然比一個五十幾歲很嚴重的關節炎的大人還要重。<br/>\n這個情況從化療已經被證明，其實要效果非常差，所以這位小孩小妹妹在臺灣被臺灣叫古署立醫院最大的一個等級的醫院去查以後，醫生已經跟大家講說這種白血病即使是化療，骨髓移植它能夠存活的幾率也很低，並不是每一種的癌細胞你去把他殺掉就OK。因為他是本身基因就有問題，那也是一個突變，他們認為這種基因轉變並不是突變在後天，而是在生下就已經有了變身，實際上這種現在這十年來，如果大家看癌症就吃一部分治療癌症的用藥，其實前十名的藥物都是所謂的免疫療法，或是所謂的標把治療，都是針對某一段基因而提出的一些攻擊，然後阻斷什麼的化療把這些強烈的癌症細胞把它殺掉，它對身體影響非常大。所以這位小妹妹其實在找我們看著以前其實已經做過三次化療，然後他化療結果很快對你說，你白血球裡面有90%都是壞的，比如說白血球到9萬已經很高，現在1萬左右，那90%壞的那就全部殺了，壞的沒有了，可是他的白血球基本上到零了，那就會造成感染，感染之後要去處理壞蛋。因為他殺完之後並不代表這些癌細胞就不見的，他只是暫時沒有辦法跟你抵抗。例如說你今天去轟炸，美軍去轟炸越南，他沒有辦法抵抗，可是等到他反擊之後更強，所以他每一次化療完又會再復發，但是從而帶來的問題就越來越大，所以化療只是說沒有辦法的辦法先把敵人殺一殺，查一查看能夠活多久，然後把問題暫時在定了一個兩個禮拜三個禮拜三個月不知道！<br/>\n前幾次他做過化療之後已經宣佈說因為感染的非常嚴重臉都爛掉了，因為他也沒有辦法抵抗就跟愛滋病一樣。你今天如果你白血球沒有的話，今天酥肉的黴菌一般人認為沒什麼大不了的細菌就會讓你身體失去抵抗力，然後它裡面會開始也會變化，所以別人說即使你用很強的抗生素她因為她身體已經沒有抵抗力了，覺得跟癌症就跟艾滋愛滋病一樣，所以他會開始爛或是安然得很嚴重所以他因為那樣子被認為他其實1月已經發生一次病危，同時認為兩天之內會過世我們搶救回來然後用中藥這很辛苦。因為在畢竟在臺灣我能在美國開了飯我還不知道結果怎麼樣，所以提醒吊膽到3月我第2月穩定3月又有一次認為他心肺功能因為它又會感染嗎，因為你拉回來之後他就是沒有抵抗力！一旦一個小感冒就讓他病情嚴重，所以再拉回來。所以他化療已經在這種案子認為即使其他醫學認為那是沒有用的，只是說拖能拖拖一個禮拜拖一個月拖一個月，可是基本上不太可能做到一年了！<br/>\n關節也基本上用化療的比較少，基本上關節炎大部分都是用止痛藥把我們以前大家講過說在晚上你在應付有沒有需要看到很有名的一個藥，但它還有很多造成腸胃道的問題，它是一種就像嗎啡去一樣一次痛，可他並不能把問題解決，他只能說到你好像今天比較不痛，所以過日子，所以沒講過說嚴重的類風濕性關節炎叫做不死的癌症，因為它實際上給病人痛苦可能比癌症還大，但他死不掉，它整個手像這位病人整個手像巫婆一樣，他已經向W行了，他先往內歪在往外歪在網內外再往外彎，好像W形狀抓件基本上那個手勢就很像，只能用像像螃蟹的爪子，沒有辦法握拳，然後腫大也很痛！西醫有時候會用化療藥物很強的化療藥物，等於說他不要有這種痛的感覺，但並不能把病治好，這種免疫系統目前為止西醫看到成功案例基本上大部分都是壓制現象，而不是在治理治療病本身。<br/>\n大部分醫生都是針灸方面的專家比較沒有去疾病方面就是開藥的好辨證論治看到目前為止也都是在治療症狀的比較多，包括一些關於中國大陸國內來的醫生，他們提到很多一按就像大部分項目前提過去中國大陸給講學的時候發現當地的一樣大部分所謂的癌症治醫案肝癌肺癌實際上你看它內容大部分都是說因為肝癌的人會痛會便秘會不能睡你去把症狀壓制就認為是在對於癌症處理雖然對癌症病人當然是有幫助，她今天不能吃不能睡會吐你去幫他把它減緩！雖然減緩症狀是醫生該做的事，但是並不是最重要的，因為減緩還症狀讓病人舒服不見得讓他存活的更久，重點是說中醫可以讓這些病症存活更久，甚至可以有逆轉病情的情況。<br/>\n為什麼四歲的孩子和類風濕性關節炎都是寒濕引起的，它這個寒到底是從哪來的呢？這個就變成比較難去追蹤，這也是中醫一般被認為比較難解釋的，比如說它在西醫來講，我就可以聽到說你叫做基因的轉為了就要知道那就病的原因，所以會說我們是小孩子因緣際會含到了骨頭裡面去，這函是你吃霜淇淋我想不至於治病會造成那麼嚴重，那是天生的就比較深，腎氣不足到怎麼喊到骨頭不好嗎？<br/>\n這個就很難去爭論說到底是為什麼，但是以中醫來講它在骨髓裡面當然就跟他腎氣有關，從小一生下來身體有關，所以你可以說爸媽天生帶來腎氣不足，那西醫的講法是說基因造成的轉位，所以這個就比較麻煩去解釋中醫比較能從後來的現象來說你看到是這樣至於說他當初為什麼這麼寒比較難去定位，但類風性澀關節它是後天發的倒是很可以解釋，跟他的飲食習慣非常有關係。因為他自己家裡的一些事情我們不太談太多免得有病人的拍背死有意思！他自己蓋房子花了兩年非常辛苦非常累，然後飲食習慣基本上就是青菜水果or牛奶，就是典型的這種所謂公立學校給小朋友吃的這種飲食老師就跟著吃，反正免費的吃了很多這種造成脾濕的現一種飲食習慣，加上他非常累兩年自己來蓋房子真的自己來幹！蓋然後就請工人幫忙一起蓋，自己花了非常多時間。我們認為的他是高盛造成他的水道的問題，所以他在得到類風濕性關節以下以前有乾燥症，就眼睛舌頭皮膚都很幹乾燥症，在西醫本來就認為是一個免疫系統的問題。到幾年前他的生活習慣繼續往下走，而突然就變成嚴重的關節炎，這個就比較容易知道說怎麼去解釋它，我們中醫沒有基因檢測，沒有辦法知道那麼細，所以中醫比較在micro部分比較弱，可能在整體去管理的健康治療。</p>",
      "level": 0,
      "highlight": false,
      "children": [
        {
          "id": "00cb5a223b1479866355ad83346e55bc",
          "author": "andy",
          "time": "2019年09月11日 11:03",
          "content": "<p>非常感謝你幫忙把廣播轉成文字襠！</p>",
          "level": 1,
          "highlight": true,
          "children": []
        }
      ]
    },
    {
      "id": "91c53c6200aac6fce9ba3008b506c061",
      "author": "秦嗷嗷",
      "time": "2021年09月17日 06:00",
      "content": "<p>李宗恩医师，有个问题想请教一下您，就是学好倪师人纪的中医生理病理学，读古书再运用它分析，是不是会更清晰吖？</p>",
      "level": 0,
      "highlight": false,
      "children": [
        {
          "id": "4c586e6101125a7cf344f28c0d03fe1e",
          "author": "李宗恩",
          "time": "2021年09月20日 21:31",
          "content": "<p>如果你能把倪老師的人紀讀通了，大概就已經了解許多中醫古籍的內容了。</p>",
          "level": 1,
          "highlight": true,
          "children": [
            {
              "id": "5521b27a11e16af6baefb32fdf2ccca7",
              "author": "秦嗷嗷",
              "time": "2021年09月21日 12:20",
              "content": "<p>哦哦！因为之前碰到同一个内容，感觉李医师用生理病理学解释的我更容易懂。</p>",
              "level": 2,
              "highlight": false,
              "children": []
            }
          ]
        }
      ]
    }
  ],
  "page": 28,
  "order": 9,
  "filename": "data\\page28\\page28_order8_31f03f2718cf4d79e0e204d8da5e8b11.json"
}