{
  "article_url": "https://andylee.pro/wp/?p=8256",
  "title": "急性膽囊炎",
  "content": "<p>昨日週五挺忙的，診所病人排得緊，晚上還應「中醫國際聯盟」的邀約，在其主辦的「中醫理論體系建設學術研討會」上給一場Zoom網路演講，整天幾乎沒有時間休息。中午時分，診所前台接到一位舊病人的求救電話，說他胃脹難受兩天了，沒有食慾，噁心想吐，週五早上起床，突然右上腹到胸口非常疼痛，且從腹部痛到背部，痛到得蜷著身體躺在床上，一下全身發冷又一下身體發熱，全身無力，非常難受。</p>\n<p>一聽到這些症狀，幾乎可以確定是急性膽囊炎或其它膽囊膽管有關的急性病症。本來週五診所行程很緊，無法再插入病人，然而，據我對這位舊病人夫婦兩的認識，我知道他的情況一定很嚴重，不然不會貿然地要求立刻插入來看診。</p>\n<p>下午兩點，病人在太太攙扶下勉強托著疼痛的身體到了診所，我很快的詢問了症狀及檢查病人，以他情況的嚴重度來說，如果到了西醫急診室，幾乎可以確定會立即安排手術切除膽囊。好吧，又是一個中醫急診的病例，先下針中脘、天樞、膽石點、梁丘、內庭。取穴的意義很直接了當，中脘和天樞為近取穴，同時，中脘為胃的募穴及腑會，天樞為大腸的募穴。梁丘為胃經的郄穴，常在腹部急症時使用，胃經子穴本為厲兑，但厲兑下針太痛，臨床常以內庭來代替，搭配郄穴和子穴來壓制胃經上的脹痛，配上前面的腑會中脘，又是「會郄治療法」。再以膽石點來針對膽家的問題。</p>\n<p>中醫急診時，我通常會針藥併施，來增加療效。不過，很可惜，科學中藥粉劑製造商沒有生產五倍子、海金沙等的科學中藥粉劑，診所無法當場配製我想要的藥方粉劑，煮中藥湯劑又得多耗一個小時左右，於是，我以胃苓湯、旋覆代赭石湯、大承氣湯科學中藥粉劑混合來代替，讓病人在留針時服用。</p>\n<p>經過下針及服用科學中藥粉劑，病人症狀暫時緩解，我告訴病人回家後得立即煮中藥湯劑服用，第一二天得多服用幾次，之後恢復到一天服用中藥湯劑兩次。我給他開的藥方以清肝、清膽、通便為主：柴胡、玉金、黃芩、龍膽草、五倍子、海金沙、旋覆花、代赭石、炙甘草、黃耆、白芍、大黃、厚朴、枳實等等。</p>\n<p>晚上7點左右，我剛剛開始Zoom網路演講，病人回報情況。他告訴我，下午從診所回到家裡，還沒有服用中藥湯劑，就已經好了很多。服用一碗中藥湯劑後，疼痛完全消失，也排便了，總算沒事了，「feel alive again」（感覺又活回來了）。根據病人自己的形容，喝完一碗中藥湯劑後，感到「膽結石在分解及移動」，覺得很神奇。雖然我已經聽過不少病人形容，服用中藥後有這樣「膽結石在分解及移動」的感受，實質上是如何，現代西醫學該怎麼解釋，可能得要有一些科研計劃來深入探討。不過，急診歸急診，病人還是得服用中藥湯劑三四周，把肝膽好好清一清，免得又有膽結石等的形成，再度導致急性膽囊炎。</p>\n<p>在「中醫理論體系建設學術研討會」上，我很快地提了一下當天這個急性膽囊炎的中醫急診病例，我特別強調中醫復興及推廣到國際醫學界，最重要的是回歸到臨床治療效果，而不是虛無縹緲的新理論。雖然中醫確實和易經、五運六氣、天象等等有關聯，沒有紮實的急症重症治療效果，把中醫過度推向哲學討論，玄而又玄的臆測，只會讓中醫從實戰醫學變成清談玄學，更快被世人摒棄。</p>\n<p>另外，我也提到了這次中國大陸領導中醫界對抗新冠肺炎疫情的天津中醫藥大學校長張伯禮院士。張院士在武漢抗疫說了一句「名言」：「肝膽相照，我把膽留在武漢了」，因為張院士在抗疫時積勞成疾，造成急性膽囊炎，膽囊被西醫手術切除了。許多人因而在網路上說，中醫不如西醫，連張院士這樣重要的中醫人物，得了急性膽囊炎，都無法以中醫治療，只能求助於西醫手術。許多「老中醫」及中醫愛好者跳出來辯護，說中醫重於預防、「上醫治未病」，已經形成膽結石就晚了，該開刀的還是得開刀。真的是這樣嗎？中醫可以快速治療急性膽囊炎，病人在急診室等安排開刀房的時間裡，我們就已經把問題穩定下來了。中醫教育在中國大陸及其它地方，已經走偏了，導致對急症重症的臨床療效不佳，不知道檢討改進，反而把中醫推向「養生」、「慢慢調整體質」等，中醫的精髓都失去了，還沾沾自喜。「上醫治未病」不是指「養生」，而是當病人還沒有任何病症表現，自己及其他人都察覺不出問題時，「上醫」就可以從病人生活模式或非常微小不明的現象知道這個人未來會出什麼病症，在病人「未病」時就已經把問題解決了，而不是「上醫擅長於預防疾病而不擅長於治病」，如果「下醫治已病」而「上醫不擅長於治病」，那麼「上醫」根本連「下醫」都不如，又怎麼會是「上醫」呢？所以，一位中醫師治不好急性膽囊炎，不要拿「上醫治未病」來搪塞，更不要大剌剌發表似是而非的討論，而是應該回去好好再度學習中醫，等急症重症臨床療效得到肯定後，再來討論如何學習中醫、中醫該如何發展等等。</p>",
  "article_time": "2020年05月30日 20:20",
  "comments": [
    {
      "id": "c7eecf6c11d83de1f13f0d15932d3d04",
      "author": "明遠",
      "time": "2020年05月30日 22:50",
      "content": "<p>李醫師 您好:</p>\n<p>我爸約一個月前因膽囊炎破裂引發菌血症和肺炎，他因為3年前車禍腦傷後失智，身體有不舒服也不會表達，這次就算膽囊已破裂，卻連叫一聲都沒有，我是半夜起來查看時才發現他呼吸急促口吐白沫，後來送去急診才知道是膽囊破裂，西醫因為怕病人無法承受開刀，所以只做膽囊引流，當然也吃了不少抗生素，後來症狀消除出院。現在有去看中醫(倪老師的優秀學生)，醫生說海金沙五倍子雖然能清除膽結石，但吃太多身體會虛掉，現在沒有症狀，一個月吃個幾帖即可，但您寫到在急性期要連續服藥三四周。這就讓我迷惑了，到底該如何處理?另外病人身體有疼痛卻不表達，那平常該如何注意(膽囊發炎)?</p>\n<p>謝謝</p>",
      "level": 0,
      "highlight": false,
      "children": [
        {
          "id": "5786c0b4d0513ff56a13475ad9b1d7a6",
          "author": "lmc",
          "time": "2020年05月31日 09:40",
          "content": "<p>这就说明一个问题，学艺不精，中医讲究阴阳平衡，医师在开方子的时候就应该考虑到攻补兼顾，如果病人需要，就可以开，本身身体就属于不平衡的状态，就用药把身体推到一个平衡的状态。所以倪师，李师，开药会出现寒热并用，攻补兼顾的药一起用，这样才能收放自如，游刃有余。</p>",
          "level": 1,
          "highlight": false,
          "children": []
        },
        {
          "id": "f7ff0eb632d5a6144ee45791bee6ec70",
          "author": "ET",
          "time": "2020年05月31日 17:31",
          "content": "<p>李博说：“不過，急診歸急診，病人還是得服用中藥湯劑…”,即是说前面说的是急诊处理（包括针灸、科中粉药），后面说的“三四周”就不属于急诊了。</p>\n<p>李博不是说同样的方子吃三四周，是要患者接着下来的三四周继续回诊把肝胆调理好。倪医师也说过很多时候经方是急性期最有效，一剂知，二剂已，因为你身体正在抵抗。郝万山教授讲大柴胡汤时也说了，胆石症吃大柴胡汤，有症状的时候才有效。</p>\n<p>所以您父亲看的医生说的也没有错，作为医师他要根据病人的情况来开药。</p>",
          "level": 1,
          "highlight": false,
          "children": []
        },
        {
          "id": "b94f66e40bfe2fba155c9ea803f2981c",
          "author": "李宗恩",
          "time": "2020年05月31日 20:11",
          "content": "<p>每一個病人的情況不一樣，不能以偏概全，不是一個方法用在所有膽囊炎的病人身上。不過，確實得補瀉兼顧，並隨著病人治療的反應來調整藥方。</p>",
          "level": 1,
          "highlight": true,
          "children": []
        }
      ]
    },
    {
      "id": "c57f811cbdf00f5c686f146398bbd636",
      "author": "请教",
      "time": "2020年06月03日 01:35",
      "content": "<p>李大夫，请问汉唐的哪些配好的药在哪里可以买得到？比如风湿性关节炎和那个治疗胃病的那些方剂等等！</p>",
      "level": 0,
      "highlight": false,
      "children": [
        {
          "id": "2c93d0127e4ec12586e3b2e19f824b94",
          "author": "李宗恩",
          "time": "2020年06月07日 10:03",
          "content": "<p>據我了解，中國醫藥管理機關並沒有核准任何和倪老師「漢唐一百方」相關的中成藥，在中國直接販售皆為違法。另外，倪老師原來設計那些藥丸等，皆以病人看診為前提，病人看診後，以醫生開的藥方為主，再以某些特地藥丸來增強效果或方便病人長時期服用中藥。因此，沒有中醫師看診下，不要隨便服用任何中成藥。</p>",
          "level": 1,
          "highlight": true,
          "children": []
        }
      ]
    },
    {
      "id": "5e5544ce034564bbbf50154a5c9a7655",
      "author": "aaa",
      "time": "2020年06月05日 23:20",
      "content": "<p>李大夫，有无考虑将博客文章集结出书？</p>",
      "level": 0,
      "highlight": false,
      "children": [
        {
          "id": "8e68a4a1ef0715c3c8bed81bcca5dc42",
          "author": "李宗恩",
          "time": "2020年06月07日 10:07",
          "content": "<p>已經有幾家出版商表達意願，但我還沒時間認真處理這些事宜。</p>",
          "level": 1,
          "highlight": true,
          "children": []
        }
      ]
    },
    {
      "id": "917c34531d780b78d862600b059ad4d3",
      "author": "Gary",
      "time": "2020年06月08日 12:16",
      "content": "<p>宗恩老師，想請教您在使用人參的時候，紅參和一般白山參使用有區別嗎？倪老師說紅參更好，但藥店說紅參大熱完全不一樣，請問您是怎麼理解的？另外參行一般都喜歡把參頭留下來裝好說用來解參毒？謝謝您的解答，感謝❤️</p>",
      "level": 0,
      "highlight": false,
      "children": [
        {
          "id": "227eaa1a8ee5a910ecdf88fdd83d9c99",
          "author": "李宗恩",
          "time": "2020年06月10日 10:17",
          "content": "<p>這得看你用人參來做什麼，傷寒雜病論裡使用人參，絕大多都不是為了大量的補氣，反而是用小劑量的人參來加強脾胃，紅參確實比較熱，但在小劑量時正好來加強中焦的熱，所以，藥材適用與否，取決有拿來做什麼，而非在沒有前提下比較兩種藥材。而以前人認為人參頭會催吐，通常會切除人參，拿來做催吐藥物，然而，現代研究顯示，人參頭並不會催吐，也不會影響人參的藥性，沒有必要切除。</p>",
          "level": 1,
          "highlight": true,
          "children": []
        },
        {
          "id": "c4a1bac4cca4070bec310041e8dc4766",
          "author": "shawn",
          "time": "2020年06月23日 12:35",
          "content": "<p>伤寒论的人参是补津用的，现在一般用党参替代。<br/>\n有部分人考究，张仲景用的是上党的人参，就是后世的党参。<br/>\n红参比较热，底子薄的人吃了容易上火，众所皆知。<br/>\n穷人用人参 可以用 党参+黄芪 替代</p>",
          "level": 1,
          "highlight": false,
          "children": [
            {
              "id": "ca59834c7091ec7e528630d43cdcead8",
              "author": "ET",
              "time": "2020年06月23日 17:49",
              "content": "<p>听郝万山教授的课里说上党有人参和党参，但是人参已经绝种了，现在只剩下党参。仲景时代的人参功效介于现代的人参和西洋参之间，可以根据病人的需要来开这两种人参。但是平时治感冒当然还是用党参比较经济。</p>",
              "level": 2,
              "highlight": false,
              "children": []
            }
          ]
        },
        {
          "id": "0cb218ee7b12d0f9c15c4da51a611465",
          "author": "shawn",
          "time": "2020年06月23日 12:41",
          "content": "<p>況且張仲景用藥特色是廉價效優普及大眾，也更符合上面的說辭。</p>",
          "level": 1,
          "highlight": false,
          "children": []
        }
      ]
    },
    {
      "id": "ba8ac086b605a32a1fbed76859ae0254",
      "author": "四川 颜永信",
      "time": "2020年06月20日 13:36",
      "content": "<p>李博士：十多年前，我被确诊为胆结石。医院3个院长出于关心劝我做手术，我说我肯定不做手术。我最后选用成都中医学院陈朝祖教授主编中医治法与方剂一书中验方胆道排石汤，服药半小时后，排除许多大便，原来心口胀，胃胀，两肋不舒服均已消失，胆结石病拖半月自觉痊愈。随后感觉吐白浓痰消失或减少，但不持久，后仍吐浓痰。2020年1月学习倪海厦汉唐中医后，将斯马特电动汽车换成汉唐电动汽车，去桂林汉唐中医治疗，两次诊费500元，因第一次没捡药，第二天不同意捡，只好交复诊费200元重新看病，开药14付，700多元，不给处方。回去服了3付，感觉不好，剩下11付作废。现在双肺纹理增多增粗，紊乱，模糊，以左下肺为甚，其内可见散在稍高密度影。四，五十年结论也是这样纹影增多结论。主要是白浓痰的成因是肺与大肠问题？还是肺肾同治问题。今年瞄准肺病，使用经方，感觉痰少了一点，但还是吐白浓痰，爬山，劳动气喘，静下来或坐下来无此感觉，迷失治疗方向。根据李博士您的提醒，我将减少只瞄准肺的误区。麻黄杏仁二陈汤原来也用过，可能加治大肠药物。自己思维有限，业余学习，请李老师多指导关注。这里付胆道排石汤（成都中医学院中医治法与方剂）经验方治胆结石供大家参考：大黄10  芒硝15分3次冲服 枳壳10  黄芩10  银花15  茵陈30  金钱草30  木香10   共8味药水煎服，胆结石随大便排除体外，实践证明治胆结石有效。</p>",
      "level": 0,
      "highlight": false,
      "children": [
        {
          "id": "2626aab74abd8ec36e751c32b4dacd10",
          "author": "李宗恩",
          "time": "2020年06月26日 20:52",
          "content": "<p>謝謝你的分享。</p>",
          "level": 1,
          "highlight": true,
          "children": []
        }
      ]
    },
    {
      "id": "0696535e79a3090e6056f8fdfddcc5b2",
      "author": "四川 颜永信",
      "time": "2020年06月22日 18:51",
      "content": "<p>麻黄杏仁，黄芩干姜，半夏茯苓陈皮炙甘草，枳实瓜蒌，大黄金荞麦：化痰水煎服，一剂。都可能起一点作用。瞄准肺与大肠。</p>",
      "level": 0,
      "highlight": false,
      "children": []
    },
    {
      "id": "6a4bf7ee28f26796fdc1347569a96616",
      "author": "四川 颜永信",
      "time": "2020年06月22日 18:55",
      "content": "<p>时刻关注李宗恩老师网站，及时在1500人3个微信群分享李老师临床案例。</p>",
      "level": 0,
      "highlight": false,
      "children": []
    },
    {
      "id": "ccabd32646213e211f9e83d580559bdf",
      "author": "李晨",
      "time": "2020年06月24日 08:43",
      "content": "<p>大哥你是真有钱啊，桂林汉唐那里是在2楼进门那里有一张倪海夏老师的照片，他们并不是倪海夏亲自带过的徒弟。初诊是500，复诊是200，你说开14付700块，我想里面肯定有附子这类药。因为那里的医师专产附子。他们都不了解什么叫对症和不舒服，意思就是病人好了一分，就叫对症了，继续服药，就是除了赚钱其他没有毛病</p>",
      "level": 0,
      "highlight": false,
      "children": []
    },
    {
      "id": "d6de280502ba08cb4494c39063563099",
      "author": "微雨落花",
      "time": "2020年06月25日 17:14",
      "content": "<p>李博您好！几个月前有留言让您帮忙推荐中医师，疫情管控放松后我已从深圳回到河南郑州，目前已经去找汤英医师看诊一次，约了明日复诊。特来感谢您的推荐！感恩！</p>",
      "level": 0,
      "highlight": false,
      "children": [
        {
          "id": "99ab7a52fce6f20cd72fd58844e5175c",
          "author": "李宗恩",
          "time": "2020年06月26日 21:05",
          "content": "<p>祝你早日康復。</p>",
          "level": 1,
          "highlight": true,
          "children": []
        },
        {
          "id": "aea58be49d2db998496185e0c69f17c8",
          "author": "雨中",
          "time": "2020年08月19日 23:52",
          "content": "<p>@微雨落花 你好，我是河南新乡的，我爱人患病子宫内膜癌，症状是：左腹股沟有淋巴结肿块，有鸡蛋大小，右少腹部有包块，下体月经期大量出血，人疲惫无力，右肋骨靠后感觉有东西在顶着，按着疼痛。想去通许人民医院看病，想问一下汤英医师是中医科的 还是治疗那一方面的，我微信是18303605168 望其告知，谢谢。也请李博士推荐一下河南的中医师。谢谢老师。</p>",
          "level": 1,
          "highlight": false,
          "children": []
        }
      ]
    },
    {
      "id": "7118f32bd18a4dd8030a5d18829a18b6",
      "author": "明遠",
      "time": "2020年06月26日 23:54",
      "content": "<p>李醫師 您好:</p>\n<p>倪老師講到清膽結石的處方中有滑石這味藥，此案例一開始的處方沒有滑石，請問原因是?</p>\n<p>謝謝!</p>",
      "level": 0,
      "highlight": false,
      "children": [
        {
          "id": "48c69028ee4dbb7d83af01dab7e262c3",
          "author": "李宗恩",
          "time": "2020年06月29日 11:27",
          "content": "<p>我不希望一些人看到一些病名和中藥方，就自己拿來亂服用，因此我寫醫案和文章時，通常不寫計量，也不一定會把整個藥方及細節寫出來。另外，研讀醫案的重點在瞭解病情癥結及醫生思路，而非把藥方記下來。</p>",
          "level": 1,
          "highlight": true,
          "children": []
        }
      ]
    },
    {
      "id": "4b36d92e4543ae4bbdf56962a01e94bd",
      "author": "四川 颜永信",
      "time": "2020年06月29日 07:00",
      "content": "<p>我去看看到底有多高水平，结果第一个医生还可以，说上热下寒，开了厚朴麻黄汤，因我在桂林旅游中，不便带药，结果第二天去捡药，不同意捡，又挂号200元，两次诊费共500元，第二次是该店一个负责的，一下开了14服药，700多元。花了1200多元表示我对汉唐经方中医的支持，不给我药单。该店二楼有倪海厦画像。回家后服了3剂，感觉不好，余下11服药作废。据当地出租司机告诉我，主要是外地慕名来看病的多。桂林汉唐诊所附近一50多岁的保安悄悄对我说，该诊所是骗人的。我听到后仍想一探究竟，看来也是经方与时方混合，时方的成分较多。根据李宗恩老师对我的指导，我最近选用大黄附子细辛汤加金荞麦（土茯苓），治疗浓痰多疑症。从大肠治肺。这细辛10克喝起来有点笳味，效果还可以，不知以后能否根治待观察。我现在只看倪海厦的书和李宗恩老师的医案，其他国内的教授早抛到云外，没时间看，时间要用于学习倪师的五术。</p>",
      "level": 0,
      "highlight": false,
      "children": []
    },
    {
      "id": "9a5ca307b5301b5fee7cd0692214edc9",
      "author": "四川 颜永信",
      "time": "2020年06月29日 08:20",
      "content": "<p>钱是不成问题，够用了。现在看来，大陆确实没有好的汉唐经方诊所。治病全靠自己去学习倪海厦的教学视频，去领悟老师的神。原来不重视伤寒论，不会用，现在敢用了。金匮要略，针灸，天纪也学了一遍，基本可以批命。批命与看病一样不一定全准，还需要学习，因为相信倪师的人纪是国内最高水平，进而相信天纪，学习使用易经，最后还是落到人纪针灸中医上来。以前学医很糊涂，学习倪师以后，看病的高度不同了，真的感恩倪师。我估计倪师还在，病毒期间民间中医有篇危重病再谏言书，我认为是倪师所作。因为死而名声远播。因为卜卦水山蹇，五面鼓，故倪师决定按天命传五术。即使大小二限逢，相信倪师也能化解。李宗恩老师肯定知道倪师情况。李宗恩老师在新冠肺炎期间指导河南通许县人民医院治疗冠状肺炎时所发表的辩证施治方药方案，是我们应当学习和实施的准则，李宗恩老师不愧是一代宗师倪海厦老师的传人，是我们学习的榜样。</p>",
      "level": 0,
      "highlight": false,
      "children": []
    },
    {
      "id": "9d47c71e181dbabf20a7e3b56bd8d408",
      "author": "李晨",
      "time": "2020年06月29日 09:31",
      "content": "<p>外地慕名的多，还不是蹦着倪老师的名称去的。旁边保安我去倒是没看到过。记得我是最后一次去看，过去没有钱交诊费了，开始问好的，和医生聊一聊天要不要交钱，他说不用。我才过去的。最后出来，哪位医生说我要得癌症，到时把我吓得在路口发呆几分钟。现在也过去一年多了，也没事。后面我才跑到李医生网站来咨询。 因为我话比较多，李医生可能会把我当小年轻看待不回复也常有。李医生他们跟诊倪老师的时候，我才出生。 也符合小年轻。</p>\n<p>说实话他们开那个药方我也能开出来，也许开的比他们还稳重。说多了都是眼泪。</p>",
      "level": 0,
      "highlight": false,
      "children": []
    },
    {
      "id": "30a5e53608ba86cc09cee4f4283cddbb",
      "author": "明遠",
      "time": "2020年07月19日 23:22",
      "content": "<p>李醫師 您好:</p>\n<p>這個案例有用通便的處方，是因為病人有便祕嗎?還是治療膽結石必須要加強排便。</p>\n<p>謝謝</p>",
      "level": 0,
      "highlight": false,
      "children": [
        {
          "id": "16e56bc7e06ebd7d07619f4f54ac2fe7",
          "author": "李宗恩",
          "time": "2020年07月20日 08:04",
          "content": "<p>排膽結石時，腸道得要通暢。</p>",
          "level": 1,
          "highlight": true,
          "children": []
        }
      ]
    },
    {
      "id": "6b7e9cf67cd8b9d1198ec51e42f9f8b5",
      "author": "雨中",
      "time": "2020年08月19日 23:51",
      "content": "<p>你好，我是河南新乡的，我爱人患病子宫内膜癌，症状是：左腹股沟有淋巴结肿块，有鸡蛋大小，右少腹部有包块，下体月经期大量出血，人疲惫无力，右肋骨靠后感觉有东西在顶着，按着疼痛。想去通许人民医院看病，想问一下汤英医师是中医科的 还是治疗那一方面的，我微信是18303605168 望其告知，谢谢。也请李博士推荐一下河南的中医师。谢谢老师。</p>",
      "level": 0,
      "highlight": false,
      "children": []
    },
    {
      "id": "91bec7ba50cb7b0f0b50ec70d995ac3b",
      "author": "中藏",
      "time": "2020年08月21日 22:47",
      "content": "<p>李醫師您好，作為中醫外行，看到“急性膽囊炎”，顧名思義是肝膽方面問題，請問為什麼您下针取穴主要是腸胃方面的穴位呢？（如胃經郗穴梁丘、胃經榮穴內庭、大腸募穴天樞、胃經募穴中脘）謝謝您！</p>",
      "level": 0,
      "highlight": false,
      "children": [
        {
          "id": "cb4f6d6d7320df218e5ac5f8b4fa3a0e",
          "author": "李宗恩",
          "time": "2020年08月24日 10:58",
          "content": "<p>針灸處理緊急的痛症時，是以疼痛位置的經絡為依據。</p>",
          "level": 1,
          "highlight": true,
          "children": [
            {
              "id": "43e4653c3d51d77837d345767d0d62d3",
              "author": "中藏",
              "time": "2020年08月25日 15:27",
              "content": "<p>多謝賜教！</p>",
              "level": 2,
              "highlight": false,
              "children": []
            }
          ]
        }
      ]
    },
    {
      "id": "a5a7efc8d7950a584b5a9b7d755566ff",
      "author": "Shamrock",
      "time": "2020年08月22日 15:39",
      "content": "<p>我有聽課！我答一下，看對不對。因為膽囊疼痛的地方對應是足陽明胃經經過，所以取胃經的穴道。</p>",
      "level": 0,
      "highlight": false,
      "children": [
        {
          "id": "9cfe9279604642303750ec205b1b83bb",
          "author": "李宗恩",
          "time": "2020年08月24日 11:04",
          "content": "<p>看來你有好好聽課！</p>",
          "level": 1,
          "highlight": true,
          "children": []
        },
        {
          "id": "e3ad9ef817729aeef20c48fa281b2b78",
          "author": "中藏",
          "time": "2020年08月25日 15:28",
          "content": "<p>謝謝學友熱心解答。</p>",
          "level": 1,
          "highlight": false,
          "children": []
        }
      ]
    },
    {
      "id": "e0a8fef7efffa23764d4201fcd4214c0",
      "author": "明遠",
      "time": "2020年12月03日 19:23",
      "content": "<p>李醫師 您好:</p>\n<p>此案例提到急性膽囊炎第一二天得多服用幾次，之後恢復到一天服用中藥湯劑兩次。如果是其他結石問題，例如腎結石掉下來輸尿管造成血尿，如果服用豬苓湯治療，是否第一天也要多服用幾次?</p>\n<p>謝謝</p>",
      "level": 0,
      "highlight": false,
      "children": [
        {
          "id": "cfca92ae8a305daf80cda5492ba8c9de",
          "author": "李宗恩",
          "time": "2020年12月03日 19:29",
          "content": "<p>一般而言，是的。</p>",
          "level": 1,
          "highlight": true,
          "children": []
        }
      ]
    },
    {
      "id": "4ef4684a418f965a349ac0d3febef07c",
      "author": "Vincent.Do",
      "time": "2021年02月16日 05:38",
      "content": "<p>这介案例对我很我启发。目前正在治疗胆结石，由原来1.0cm胆囊中，现在是0.65在胆囊管中。因病人比较虚弱，目前还是以补正为主，控制症状为辅，希望患者能在身体较为康健时再攻下。感谢李医师分享，让我更有信心，实在不想切除胆囊，如果切除，后面的人生会更加麻烦。</p>",
      "level": 0,
      "highlight": false,
      "children": [
        {
          "id": "d03536b4dc3d22c34dae836df254fbcb",
          "author": "李宗恩",
          "time": "2021年02月16日 15:12",
          "content": "<p>謝謝你的分享。</p>",
          "level": 1,
          "highlight": true,
          "children": [
            {
              "id": "adbc50ed465b6490232f5d72607d73bd",
              "author": "Vincent.Do",
              "time": "2021年02月28日 05:11",
              "content": "<p>请教宗恩老师：对于无症状的胆石患者（比如西医查到有胆石），一般有几种处理方式：1、不做处理，待有症状时再处理，但可用鸡内金等化石让它尽量变小；2、我听说有国内的医生用某些手段比如让患者吃油腻食物等方式让其呈现出症状再用大柴胡汤、四逆散等对症下药排石。<br/>\n请问您对于这种无症状的患者一般如何处理呢？</p>",
              "level": 2,
              "highlight": false,
              "children": [
                {
                  "id": "b02cd914a8dea994bd22c483f1be9a5d",
                  "author": "李宗恩",
                  "time": "2021年03月08日 12:51",
                  "content": "<p>不會沒有症狀，而是中醫師不一定知道該檢查或訊問什麽症狀。</p>",
                  "level": 3,
                  "highlight": true,
                  "children": [
                    {
                      "id": "870559ce4bfd8937de8d8a2136433153",
                      "author": "Vincent.Do",
                      "time": "2021年03月08日 15:56",
                      "content": "<p>很是受教！谢谢宗恩老师！<br/>\n还是临床说得对，“会治病的医生说话”，没临过几天床的、闭门造车、纸上谈兵者，说的不足为信！</p>",
                      "level": 4,
                      "highlight": false,
                      "children": []
                    }
                  ]
                }
              ]
            }
          ]
        }
      ]
    },
    {
      "id": "1b2e91348784a3681dabb3ee95f634f3",
      "author": "Ashley",
      "time": "2021年11月22日 04:52",
      "content": "<p>當心臟本身有問題(出生就有二尖瓣脫垂)，是不是就容易有膽結石？而且會不會用中醫也很難治？會是因為心臟打出去的力道太弱的關係嗎？</p>",
      "level": 0,
      "highlight": false,
      "children": [
        {
          "id": "e19118e6826ed3d77ddcb03a19112c76",
          "author": "李宗恩",
          "time": "2021年11月30日 19:37",
          "content": "<p>心臟力量不足時，比較容易導致膽結石，但不是絕對的。心臟本身有問題時，清除膽結石不一定比較困難，而是以後是不是比較容易再產生膽結石的問題。</p>",
          "level": 1,
          "highlight": true,
          "children": [
            {
              "id": "c1121d5ebc92165c2a587aec890eb2a6",
              "author": "Vincent.Do",
              "time": "2022年01月08日 01:03",
              "content": "<p>借此请教李师：病人在清胆石时只要使用枳壳，就会心跳加速血压迅速上升，这种情况该如处理？另外，在您处理的案例中，是否都能将结石清出？谢谢老师。</p>",
              "level": 2,
              "highlight": false,
              "children": [
                {
                  "id": "c7878566f509f2450793e5a9281fa23a",
                  "author": "李宗恩",
                  "time": "2022年01月21日 09:35",
                  "content": "<p>個案的反應不同，得瞭解病人其它的問題，不能一概而論。中藥清膽結石，不一定能把各種大小的膽結石都清出來，重點在於是不是能不淤堵，維持正常功能。</p>",
                  "level": 3,
                  "highlight": true,
                  "children": [
                    {
                      "id": "64e89888a8c45e3540c6e62be82afe5c",
                      "author": "Vincent.Do",
                      "time": "2022年01月24日 14:30",
                      "content": "<p>谢谢老师指点。</p>",
                      "level": 4,
                      "highlight": false,
                      "children": []
                    }
                  ]
                }
              ]
            },
            {
              "id": "51aac462084291ab98f7babc64597fd9",
              "author": "Ashley",
              "time": "2022年01月23日 17:06",
              "content": "<p>請問先天的二尖瓣脫垂，能用中醫治癒嗎？還是說只能這個先天的心臟問題共存，藉由每天適度運動來加強心肺功能？</p>",
              "level": 2,
              "highlight": false,
              "children": [
                {
                  "id": "e149ab63ae456019b9a9ae5b12e8f900",
                  "author": "李宗恩",
                  "time": "2022年01月30日 19:52",
                  "content": "<p>這得看你怎麼定義「治癒」，天生少了一隻手，再怎麼厲害的醫生也不可能讓病人把手長出來。能不能做到讓病人正常生活，或許是比較好的指標。</p>",
                  "level": 3,
                  "highlight": true,
                  "children": []
                }
              ]
            }
          ]
        }
      ]
    },
    {
      "id": "00e6314dafbbc47932a7b498c98f5eb5",
      "author": "傅均貴",
      "time": "2022年01月06日 06:51",
      "content": "<p>李醫師 您好:</p>\n<p>膽囊息肉會不會造成膽囊炎,有人說薏仁及烏梅等茶飲可以緩解膽囊息肉的生成,有用嗎?<br/>\n可以提供治療膽囊息肉的經方當參考嗎?</p>",
      "level": 0,
      "highlight": false,
      "children": [
        {
          "id": "dc552efe8927d127def005d656413d0d",
          "author": "李宗恩",
          "time": "2022年01月21日 09:30",
          "content": "<p>膽囊息肉可以造成膽囊炎，你的找中醫師看診，而不是自己隨便看網上文章吃這喝那。</p>",
          "level": 1,
          "highlight": true,
          "children": [
            {
              "id": "634188e75b7cf4bf73205b0145283253",
              "author": "傅均貴",
              "time": "2022年01月25日 17:49",
              "content": "<p>了解,謝謝李醫師.<br/>\n我看過中醫師,藥方裡有薏仁及烏梅,紫花地丁等<br/>\n請問李醫師,我的膽囊息肉有三年的歷史,約0.5公分,在中醫的治療上可以有效控制或逐漸縮小嗎?</p>",
              "level": 2,
              "highlight": false,
              "children": [
                {
                  "id": "d1fd2219dda342ebcc3c16c1f6f2f0e0",
                  "author": "李宗恩",
                  "time": "2022年01月30日 19:58",
                  "content": "<p>我在網上不針對個案一一討論。</p>",
                  "level": 3,
                  "highlight": true,
                  "children": []
                }
              ]
            }
          ]
        }
      ]
    },
    {
      "id": "fbd3321218b2ecd3031087ca7a39fe43",
      "author": "Ashley",
      "time": "2022年01月23日 17:20",
      "content": "<p>同樣是有膽結石，從超音波上看起來結石的量差不多，有些人是24小時都在打嗝導致胃食道逆流且三不五十右上腹巨痛；有些人卻完全沒有特別的症狀只是偶爾右上腹有小悶痛，請問李醫師，導致這些現象的機制為何？這是病人心臟、肝臟情況不同造成的？還是病人的中焦環境各相不同？</p>",
      "level": 0,
      "highlight": false,
      "children": [
        {
          "id": "766b3054c9c3814f37ac7b7967ae7ca9",
          "author": "李宗恩",
          "time": "2022年01月30日 19:54",
          "content": "<p>超音波上看起來膽結石量，對西醫而言，也只是諸多判斷條件之一，更何況是中醫。</p>",
          "level": 1,
          "highlight": true,
          "children": []
        }
      ]
    },
    {
      "id": "68880edcf20f31d8a3945c3e3cb25a89",
      "author": "明遠",
      "time": "2022年01月24日 21:56",
      "content": "<p>李醫師 您好:</p>\n<p>下面這則新聞，有5000顆膽結石，請問這種程度，中醫是否還能治好?<br/>\n<a href=\"https://www.chinatimes.com/realtimenews/20220125001353-260418?ctrack=pc_main_headl_p14&amp;chdtv\" rel=\"nofollow ugc\">https://www.chinatimes.com/realtimenews/20220125001353-260418?ctrack=pc_main_headl_p14&amp;chdtv</a></p>\n<p>謝謝</p>",
      "level": 0,
      "highlight": false,
      "children": [
        {
          "id": "1b0bd90b23e9db1044e94a5398640c73",
          "author": "李宗恩",
          "time": "2022年01月30日 19:55",
          "content": "<p>膽結石數目多，不代表每一個膽結石體積巨大，一堆微小的膽結石反而比一個超級大的膽結石容易排出。</p>",
          "level": 1,
          "highlight": true,
          "children": []
        }
      ]
    },
    {
      "id": "67a6259b878536defbc759861c8467e1",
      "author": "闫中天",
      "time": "2023年01月06日 18:56",
      "content": "<p>看了第一段我为啥第一反应是用小柴胡汤加减，请问如何确定第二段所说的一聽到這些症狀，幾乎可以確定是急性膽囊炎或其它膽囊膽管有關的急性病症？</p>",
      "level": 0,
      "highlight": false,
      "children": []
    },
    {
      "id": "d8e84a6fa51f6141e411880d572249f8",
      "author": "中醫愛好者",
      "time": "2023年05月17日 12:07",
      "content": "<p>李醫師你好，記得倪師在講膽結石的時候是用四逆散做加減，除了用炙甘草之外，用散劑也是希望藥不要走太快，可是您這裡卻是用湯劑，而且連續吃3到4週，想知道這樣的藥效不會走太快，導致排石不完全嗎？<br/>\n還是說排膽結石用湯劑也是可以，而且效果一樣好？</p>",
      "level": 0,
      "highlight": false,
      "children": [
        {
          "id": "87e8d4187724f8bda2940c4b539372b6",
          "author": "李宗恩",
          "time": "2023年05月17日 14:49",
          "content": "<p>這就是有沒有跟診及臨床的差別，倪老師臨床上大多是用湯藥，單純的四逆散對稍微嚴重一些的膽結石膽囊炎也是不夠的。這也是為什麼很多人看了盜版教材，自以為學會了，臨床療效卻一塌糊塗。</p>",
          "level": 1,
          "highlight": true,
          "children": []
        }
      ]
    },
    {
      "id": "65cb6b7f09d75a6667926b93786e64bc",
      "author": "中醫愛好者",
      "time": "2023年05月20日 07:39",
      "content": "<p>了解，原來如此，唉，倪師已經不在了，您又遠在美國，台灣這要找好的經方醫師，真不容易。</p>",
      "level": 0,
      "highlight": false,
      "children": []
    },
    {
      "id": "60deeed47391868ae8429d372e3fe3ca",
      "author": "暗香疏影",
      "time": "2024年03月23日 21:10",
      "content": "<p>【肝膽相照，我把膽留在武漢了】殊不知这句看似给自己封功之言却让中医成为了一个笑话，一个中医界名人出此言老祖宗都汗颜！请教李博士海金沙和鸡内金打粉冲服可否，这个计量如何把握？另外我发现一个现象，身边长期服用乱七八糟这个维生素那个保健丸的老年人（其他年龄段未关注），都有放屁多的现象，这应该也是肝脏出问题的指标之一吧？毕竟这么多乱七八糟东西给肝脏增加了很多分解血液毒素的负担。</p>",
      "level": 0,
      "highlight": false,
      "children": []
    },
    {
      "id": "f1b950bba233c70d8b27851d4f914832",
      "author": "君荷",
      "time": "2024年09月16日 04:36",
      "content": "<p>李老师，您好！您多次提到清肝胆时要兼顾补，并且是先清再补效果好。您还打了个比方：家里都是垃圾，怎么把新家具搬进来？<br/>\n我想请教一下:(1)清肝胆可能会导致病人虚，一般是指肝血虚吗？所以补就是补肝血吗？(2)如果病人本身寒重，清肝胆会更寒，所以后面补的时候还得加些热药。对吗？<br/>\n先行拜谢李老师！祝您工作顺利，生活愉快！</p>",
      "level": 0,
      "highlight": false,
      "children": [
        {
          "id": "e2142723ecb96196287fd2619d18a3a3",
          "author": "李宗恩",
          "time": "2024年09月19日 12:05",
          "content": "<p>（1）是（2）得看情況。</p>",
          "level": 1,
          "highlight": true,
          "children": []
        },
        {
          "id": "89731c6f0d01603ea0b2eee1c232f951",
          "author": "李梁",
          "time": "2024年09月23日 08:50",
          "content": "<p>这个我可以跟你分享个我知道的现象，比较有意思，也可以让你思考许多！有一大部分自学学员在处理肝病的时候一直常常用到倪老师的柴龙郁黄，鳖甲茜草，有意思的是我了解到的相当一部分出现了动则胸口出汗，吃饭也出汗，胸口汗多，而且部分后背刺痛感更加严重等等，一去医院检查，反而是没有太大效果！甚至出现炙甘草汤症，跟当归四逆汤症与吴茱萸汤症等等的都有大把人在！为什么会这样！倒不是说倪老师跟宗恩老师告诉我们的这些清肝是错的，而是在于你自己没有辨证论治，照葫芦画瓢，没有正确对自身有生理病理学的探讨，而是信手拈来敷衍塞责的应对，不能看到自身多平衡点的复杂交融程度，当然好不了！</p>",
          "level": 1,
          "highlight": false,
          "children": []
        }
      ]
    },
    {
      "id": "5f19be8a1500be9b5d2667613ac0667c",
      "author": "刘斌",
      "time": "2025年02月25日 16:49",
      "content": "<p>李老师您好，关于清肝胆常用药材的几个问题想咨询您一下。<br/>\n1、龙胆草：根据药典，是有四个来源。常用的有主产于东北的关龙胆，还有主产于云南四川的坚龙胆。网络上查到的信息是说关龙胆最好，但是我观察市面上销售的是棕红色的坚龙胆多一些，想问一下您用的是哪一种。<br/>\n2、郁金：根据药典，也是有四个来源。常见的有主产于四川来源于姜黄块根的黄丝郁金，主产于广西来源于莪术块根的桂郁金，主产于浙江的温郁金，还有绿丝郁金。网上查询说是黄丝郁金的产量少质量最佳主要用来出口，桂郁金是市场上最常见也使用最广的。想问一下您用的是哪一种。<br/>\n3、五倍子：主要有肚倍和角倍两种，网上查询说是角倍产量高，质量不如肚倍好，想问一下您诊所用的是肚倍还是角倍。如果是买的整个的五倍子，然后自己敲碎用的，是否还需要用黑醋炮制一下再来清肝胆用。<br/>\n4、黄芩：市面上常见的有分，老根中空的枯芩和新根质实的子芩，网上说这两种功效不大一样。想问一下您清肝胆时用的是枯芩还是子芩，临床效果上是否真的有区别。<br/>\n5、柴胡：药典规定是柴胡的干燥根入药，但是我观察到市面上很多的柴胡饮片都是带了一部分根茎一块切碎了入药的。想问一下您药房的柴胡是否带着根茎呢，从药商的角度肯定是带着根茎可以产量更高，从临床效果的角度是带根茎好还是不带好呢。</p>\n<p>谢谢您的答疑解惑，从您的网站上学到了很多真正的中医临床知识。</p>",
      "level": 0,
      "highlight": false,
      "children": []
    },
    {
      "id": "d2b35c533b080ebf621a4ff9be888d3c",
      "author": "aaa",
      "time": "2025年03月22日 17:26",
      "content": "<p>李医生，代赭石和陈皮都是降气，请问他们两者有什么区别？在代赭石汤中可以用陈皮代替代赭石吗？</p>",
      "level": 0,
      "highlight": false,
      "children": [
        {
          "id": "9fc23cd1d6a4738a206b02131b8ba36b",
          "author": "李宗恩",
          "time": "2025年03月30日 09:14",
          "content": "<p>你應該查詢中藥基礎教材。</p>",
          "level": 1,
          "highlight": true,
          "children": []
        }
      ]
    },
    {
      "id": "2d14b58ba5ecb6d1fa0afa4e83d12c31",
      "author": "玉泉",
      "time": "2025年09月17日 01:46",
      "content": "<p>李医师，您好！请教一个病例：<br/>\n病人全身黄、白眼球黄；小便深黄已变浓茶色2天；大便白色；近一个月没有胃口吃的不多，近两天胃疼；夜间全身痒尤其生殖器周围；恶风起鸡皮疙瘩；斜肋无不适感；无恶心呕吐；左右胆石点都有压痛；总胆红素145。（病人之前服用真武汤加减治疗肾囊肿的中药两个月，停药10天左右出现上述症状）<br/>\n1、服用小柴胡加清肝胆的中药及配合针灸3天，小便颜色略有变成深黄，大便颜色几乎为改善，胃口已开可以正常吃饭，夜间身痒、恶风已减去大部分。总胆红素涨至246。<br/>\n2、因总胆红素涨幅太大，病人办理住院停服中药，MR扫描肝内无肿瘤体积正常，肝内外胆管未见扩张，胆体积小，胆囊壁厚。医院诊断为药物性肝损伤，给输液保肝药。<br/>\n3、住院3天后病人小浓黄色，大便陶土色，但再次出现夜间身痒、饿但不欲食的症状，总胆红素涨至290。为减轻身痒再次中药（增加大黄、枳实），4天后身痒及不欲食的症状基本消失，小便浓黄色，大便黄色，总胆红素降至270。<br/>\n4、3天后总胆红素降至250，因总胆红素降幅太小，医院诊断为肝损伤造成的肝内毛细管损伤导致胆汁无法排出的胆於。<br/>\n请问李医师三个问题：<br/>\n1、胆红素不会立马停住，应该是服用中药后降速涨到最高值再下降，但前3天总胆红素为什么会涨幅100多？<br/>\n2、再次服用中药后，总胆红素降得慢，我们应该如何看待？<br/>\n3、该病人医院诊断“胆於”的情况，中医应该怎么样的治疗思路？</p>",
      "level": 0,
      "highlight": false,
      "children": [
        {
          "id": "ba86aecc4c8212d9b043cd827545fd79",
          "author": "李宗恩",
          "time": "2025年09月17日 14:06",
          "content": "<p>我不在網上針對個案一一討論。</p>",
          "level": 1,
          "highlight": true,
          "children": []
        }
      ]
    }
  ],
  "page": 20,
  "order": 10,
  "filename": "data\\page20\\page20_order10_d858b257c054101e8be9d6011e771ea0.json",
  "timestamp": 1759068291.1718488
}