{
  "article_url": "https://andylee.pro/wp/?p=8526",
  "title": "硃砂入藥？",
  "content": "<p>最近台灣有個紛紛擾擾的中醫新聞，一位知名的中醫師可能誤用硃砂入藥，導致數位病人鉛中毒、汞中毒住院救治。許多病人及臉書、網頁讀者希望我討論一下這則新聞。我們並不了解真實的細節，很難憑藉報紙網路上零零碎碎的新聞資訊來討論這件事情，不過，我們可以來討論一下被懷疑的中藥材硃砂。</p>\n<p>硃砂，神農本草經中正名為「丹砂」，上經列出的第一味藥材，主要功能為養精神、安魂魄、益氣明目等等。硃砂的主要化學成份為硫化汞，並不含有鉛，因此這次事件雖然懷疑是硃砂所致，顯然並不符合病人鉛中毒的情況，代表有其它的成份及原因，不是單純硃砂的問題。</p>\n<p>那麼，硃砂到底可不可以入藥？台灣法律禁止，中國大陸卻允許，知名的安宮牛黃丸即含有硃砂，而安宮牛黃丸在一些有紀錄的急重病例上發揮奇效。傳統上，使用硃砂有三個很重要的環節。第一，在礦石中提取硃砂的過程很重要，一不小心就有許多雜質殘留其中，譬如硫化砷、磷灰石、瀝青質等。第二，硃砂只能生用，也就是在藥丸或湯藥上撒一些硃砂細粉，不能火鍊或高溫水煮，不然可能直接釋放出汞，也就是水銀，有劇毒。第三，硃砂的用量得非常的小，雖然許多中醫古籍中都把硃砂列為無毒，但都使用很小的劑量，有些甚至提及硃砂長期使用，寧神過了頭，人會變傻。現代科學研究顯示，服用硫化汞後，人體吸收汞離子的比例很低，短期微小劑量不會造成中毒，不過，長期服用會累積在肝腎等，導致慢性汞中毒，一次大量服用，會導致急性中毒。</p>\n<p>換句話說，硃砂有其特殊的功效，是可以幫助到病人的。不過，如同許多其它猛峻的中藥材，得在適當病情及時機下謹慎使用，品質管制也十分重要。不能因為硃砂不當使用可能導致汞中毒而廢棄硃砂，很多西藥的毒副作用遠大於硃砂，卻被允許在醫生權衡下使用，我們也該以同樣的態度來正視硃砂的用處及可能問題。</p>\n<p>台灣這件新聞有一個插曲，另一位病人的家屬出面表示，病人之前服用該診所的中藥，也導致了鉛中毒，但中藥處方裡並沒有硃砂或其它有爭議的藥材，都是很常見到的一般中藥材。如果這個陳述是真實的，或許問題根本不在硃砂，而是中藥材品質管制的問題。中藥材品質管制確實是中醫藥推展中的重要環節，可能更需要醫療主管機關去管理，而不是僅僅關注在硃砂可不可以入藥。</p>\n<p>安宮牛黃丸除了含有硃砂外，還有「更毒」的雄黃（硫化砷），但不可否認的，安宮牛黃丸在好幾個被高度關注的急重症病例上發揮了奇效，成功救治了病人。如果你沒事隨便亂吞安宮牛黃丸，造成汞中毒、砷中毒，那是不該怪罪於硃砂和雄黃的。</p>",
  "article_time": "2020年08月06日 18:30",
  "comments": [
    {
      "id": "c3d59ae5c289a9a1600e4e7c16645904",
      "author": "中醫愛好者",
      "time": "2020年08月07日 06:12",
      "content": "<p>感謝李醫師的詳細解說</p>",
      "level": 0,
      "highlight": false,
      "children": []
    },
    {
      "id": "cb7b3de3d3a09d760d165c4f79834dd6",
      "author": "杨贞老师有组织过这样的活动吗？",
      "time": "2020年08月07日 06:55",
      "content": "<p>李教授您好，有一个岐黄圣贤智慧微信公众号，里面零门槛学习中医，有三道关，三道关学习完以后就有机会跟杨贞老师跟诊，但是这里面门槛太低太低，学习通过率都百分之百。第二道关就是线下见面会，学习家庭的伦理教育内容，这个还没参加过，里面学员自始至终都没有见过杨老师，也不知道是不是打着杨贞老师的名字去做其他的事情，还是真心的传承中医文化，如果是真心传颂那是功德无量，如果杨老师根本不知道有这回事，那就证明别人另有用意，会对杨老师名誉有损！麻烦问下您真实情况！</p>",
      "level": 0,
      "highlight": false,
      "children": [
        {
          "id": "d7fc2b41f6fa955a600f60619b580038",
          "author": "李宗恩",
          "time": "2020年08月07日 09:24",
          "content": "<p>岐黄圣贤智慧的中醫教學，是楊貞醫師幫忙推展的，我不清楚細節，不過應該是免費的。</p>",
          "level": 1,
          "highlight": true,
          "children": [
            {
              "id": "ec872327ac3be4ad852e5198ab5e5fff",
              "author": "谢谢您李教授",
              "time": "2020年08月07日 22:38",
              "content": "<p>谢谢李教授，您的回答给了我们很大的信心。看到国外的情况现在很复杂，真的很替您担心，希望您在外地照顾好自己。</p>",
              "level": 2,
              "highlight": false,
              "children": [
                {
                  "id": "eb2a7aa6553bc87c7244bd1ef0fb52e6",
                  "author": "李宗恩",
                  "time": "2020年08月08日 10:04",
                  "content": "<p>謝謝你的關心。</p>",
                  "level": 3,
                  "highlight": true,
                  "children": []
                }
              ]
            }
          ]
        },
        {
          "id": "a1bc35bc34b9b957514ca767e0003817",
          "author": "ieitZYB",
          "time": "2020年08月10日 15:34",
          "content": "<p>“岐黄圣贤智慧微信公众号”<br/>\n通过“关于公众号”查看详情如下：<br/>\n账号主体：个人；<br/>\n性别：男；<br/>\n地区：江西省；<br/>\n名称记录：2019年10月31日“正安聚友会深圳分会”改名“岐黄圣贤智慧”。</p>",
          "level": 1,
          "highlight": false,
          "children": []
        }
      ]
    },
    {
      "id": "3d9c5c8cb5cb677d1a02834cbd972293",
      "author": "李晨",
      "time": "2020年08月07日 08:28",
      "content": "<p>是骗子，杨贞医师是倪老师的弟子没有错，也在河南通许呆过，不过杨贞医师并不对外开诊，我在李博士这里了解的。<br/>\n我都怀疑下次有人打着中医的旗杆，说学习交费能见到李博士，和李医生聊天这种，江湖太险恶啊！</p>",
      "level": 0,
      "highlight": false,
      "children": [
        {
          "id": "7184cd98413a585853cb20a6c1363739",
          "author": "ieitZYB",
          "time": "2020年08月09日 21:51",
          "content": "<p>李同学这段发言很奇怪呀 ^_^</p>",
          "level": 1,
          "highlight": false,
          "children": [
            {
              "id": "d3681b57b60b4fa975654a00cb3a08bb",
              "author": "ieitZYB",
              "time": "2020年08月09日 22:49",
              "content": "<p>抱歉，补充这条，不奇怪，是回复没有紧跟上文，而我也没看到发言有关联性，要是能删除留言我就删除上一条^_^</p>",
              "level": 2,
              "highlight": false,
              "children": []
            }
          ]
        }
      ]
    },
    {
      "id": "acfbeae48340a7d742acc430736866bb",
      "author": "无显示",
      "time": "2020年08月07日 11:20",
      "content": "<p>李大夫，您好！您上次建议我找机构帮助我家庭暴力案。我是没有放弃找资源，还没有进展。我的儿子6岁半，他怕睡觉和噩梦一年多了，也许2年了。每次睡觉之前总是说怕噩梦。眼睛里的眼白总是有红色的血丝比正常的要多一点。他父亲是那种心理学家说的Narcissistic personality disorder。我的儿子过去2年里跟他爸爸住的时间比较多，我儿子每次来我这，他总是无声的哭，他不想去他爸那，他说他爸总是自己看电脑，要他看电视，给他饼干，冰淇淋。我儿子满嘴有20来个牙齿都被钻了，2年之前儿子跟我一起住时很健康。现在精神创伤加吃得食物质量差。我个人的经验即使我饮食可以保证但生活在每时刻精神虐待的环境里加上身体的危险，我过去感觉到自己是行尸走肉，感觉到自己已死。为了活着，我搬出去了。我的儿子如果可以离开他爸爸，他的精神和身体都会正常，及时不用药物。但是这个过程可能是很多年。您认为通过远程的跟您问诊，您写出的诊断能用于法庭吗？最初，当地的family court 的团队害我的儿子是由于我是中国人，他爸是美国人，种族discrimination. （我个人可能是一辈子不会生病，生病也不会去找西医）</p>",
      "level": 0,
      "highlight": false,
      "children": [
        {
          "id": "31d9110d7fe6522c8c5ac2d6a35bbd17",
          "author": "李宗恩",
          "time": "2020年08月08日 09:56",
          "content": "<p>以法院的角度，需要這方面專業醫生的診斷報告。另外，因為你和兒子父親有之前法院裁定的離婚協議，事情會很複雜，沒有專業律師幫忙，會很難進行的。我還是建議你去找華人家庭服用義工組織，讓他們來一步一步地幫助你。</p>",
          "level": 1,
          "highlight": true,
          "children": [
            {
              "id": "7b5c96034b863e7fb2d0d77ae2e54129",
              "author": "无显示",
              "time": "2020年08月08日 14:57",
              "content": "<p>好的。感谢回复！</p>",
              "level": 2,
              "highlight": false,
              "children": []
            }
          ]
        }
      ]
    },
    {
      "id": "adc93a453aeb1cbf041bb2ede54551b7",
      "author": "四川 颜永信",
      "time": "2020年08月08日 17:13",
      "content": "<p>李老师：肩周炎疼痛难举，用灸法解除寒凝疼痛有效。膝盖痛又影响步行，是老年人常见病，针灸有效，不知能否彻底治好，中药用桂枝芍药知母汤无效，治疗原则是气血虚又中风还是慢慢用补肾治疗？请李老师指示方向。谢谢。</p>",
      "level": 0,
      "highlight": false,
      "children": [
        {
          "id": "a6005c567fd42dc7b51d0469c7cde7b7",
          "author": "李宗恩",
          "time": "2020年08月11日 13:57",
          "content": "<p>重點不是針灸、桂枝芍藥知母湯等有沒有效，而是你的辨證論治是不是到位了，用針用藥是不是兼顧各方面了。</p>",
          "level": 1,
          "highlight": true,
          "children": [
            {
              "id": "d051b8a1d7b5b8bf0c380feb4d1723d7",
              "author": "四川 颜永信",
              "time": "2020年08月17日 01:06",
              "content": "<p>谢谢李老师的指导。我家属突发膝盖痛，但桂枝芍药知母汤是治全身关节痛的方。我对老年人膝盖痛，至今辩证不知病因。现在痛暂时控制住了，但究竟怎么痊愈，仍无把握。只好按网友疏肝健脾补肾的思路去处理。我本人几十年流清涕打喷嚏用桂枝汤已痊愈，并有了对伤风的免疫力。肺气肿用泽漆汤治愈，紫参淘宝网有售。痰多根据你的提示，我用大黄附子细辛汤一剂，上病下治。一月后的今天在大黄附子细辛汤里加入黄芩清肺热，治病求本。李老师指导河南通许县人民医院治疗新冠肺炎，表现出经方家的高超水平。谷歌人工智能以4：1战胜世界围棋顶级冠军，人机大战引起全球关注。张仲景遇上斯坦福科学逻辑，用人工智能改变伤寒论教学，创造全新教学模式。</p>",
              "level": 2,
              "highlight": false,
              "children": []
            }
          ]
        }
      ]
    },
    {
      "id": "54905d4296301813d38c9d68ac8d89d6",
      "author": "以联系过您的诊所",
      "time": "2020年08月09日 07:51",
      "content": "<p>李医师您好！母亲一周前发现舌苔剥落一块。以向诊所通过电话，了解到网诊效果不好，替母亲着急。而我又是患病28年的强直性脊柱炎，恳请帮助我们。您什么时候有活动回台北或者介绍位在大陆或台北的医师。目前还不知道大陆居民能不能去台北。期盼回复</p>",
      "level": 0,
      "highlight": false,
      "children": [
        {
          "id": "aed060a1fb64551db2814e3aece0cc79",
          "author": "李宗恩",
          "time": "2020年08月11日 13:58",
          "content": "<p>關於台灣的情況，請詢問台北漢唐中醫診所。</p>",
          "level": 1,
          "highlight": true,
          "children": []
        }
      ]
    },
    {
      "id": "a7f5ce5c4984aa3a6daa22164ae24d08",
      "author": "李晨",
      "time": "2020年08月09日 23:00",
      "content": "<p>人记学员有没有一个叫，铁杆中一的学员呢？在之前的老网站倪老师的简介里，怀念倪师里面有一段他的留言。2011年完成和倪海夏老师跟诊人记教学。也就是倪老师2011年才把人记交完。使我联想到，之前桂林汉唐那个医生也是自学经方看视频的，取的名字也叫铁杆中一，然后再留言了也提到了师叔伯师什么的。怀疑网站被改过。<br/>\n还有林大栋医生在里面留言，不忘初心牢记教悔什么的，最后还不是背道而驰，利用倪师名气来赚钱！<br/>\n感觉倪师当年选错了不少人，一般从八字上选，天梁坐命的人，跟着倪老师，是永远不会背叛人也不会做出格的事，个人观点。</p>",
      "level": 0,
      "highlight": false,
      "children": [
        {
          "id": "149d453d1e62906766f2639a81411106",
          "author": "ieitZYB",
          "time": "2020年08月10日 15:14",
          "content": "<p>李同学，最好找到原文出处，不要乱评论。<br/>\n再来这段“2011年完成和倪海夏老师跟诊人记教学。也就是倪老师2011年才把人记交完”还要注意错别字为好。<br/>\n倪师弟弟称师叔是对的。确认中一其人，一线临床医师，在北京（倪师过世，2012年深圳汉唐活动以及有倪师追思环节，见过）中一也看这个网站，请看这篇《倪海廈老師逝世兩周年紀念》下面的留言：<br/>\n<a href=\"https://andylee.pro/wp/?p=1226\" rel=\"ugc\">https://andylee.pro/wp/?p=1226</a></p>",
          "level": 1,
          "highlight": false,
          "children": []
        }
      ]
    },
    {
      "id": "d1ee462d1814cbbd75e9fa75f11b24b3",
      "author": "李晨",
      "time": "2020年08月10日 17:59",
      "content": "<p>你自己去看吧，漢唐的老網站，如果連這個都沒有看到過就不算是倪老師的粉絲，在者我嚴重懷疑你沒有認真的看過倪老師的每個文章和視頻偽裝的粉絲。就像你這種出事跑的最快的一個，也是最容易背叛人的。<br/>\n如本人並不想挑起是非，看到是什麼驗證是真的就發過來，畢竟我在中國是農村人沒有你們那麽有錢，接觸的東西沒你們高層，但見到的比你多。在者，倪老師死於肝癌的消息來自其本人弟弟，公開發表過自己網絡找視頻，不是每一個人都給你提供。<br/>\n其一，本人來李博士網站交流，完全是敬佩其學術，並沒有惡意，如果覺得我不好可以封禁本人賬號。<br/>\n其二，如果認為本人揭露所謂的倪師高徒，在中國打著漢唐經方的口號，初診收500效果不好還恐嚇關係這種事，甚至嚴重到200都騙。<br/>\n其三對我有意見，以後本人不會在出現在李博士的博客。謝謝，在者你也不用稱我為李同學，本人和你沒有任何關係，也不想跟你這種人一起學習</p>",
      "level": 0,
      "highlight": false,
      "children": [
        {
          "id": "a63421e4d48d4c74f4494a803304084d",
          "author": "ieitZYB",
          "time": "2020年08月11日 01:15",
          "content": "<p>菜鸟，关于“漢唐的老網站”这个说法，请注意：<br/>\n<a href=\"http://www.hantang.com/\" rel=\"nofollow ugc\">http://www.hantang.com/</a><br/>\n跟<br/>\n<a href=\"http://www.hantang-nihaisha.com/\" rel=\"nofollow ugc\">http://www.hantang-nihaisha.com/</a><br/>\n的区别。<br/>\n我当然不是脑残粉，我对倪师怎么死的或者八卦说是怎么死的都不感兴趣。我对人纪的支持力度超越一般粉丝的想象。我喜欢“物理医学”的观点。<br/>\n因为懂些技术，为避免后来的粉丝被误导做些义务工作。<br/>\n各位认真学习“物理医学”的粉丝，请认准为好：<br/>\n<a href=\"http://www.hantang.com/\" rel=\"nofollow ugc\">http://www.hantang.com/</a></p>",
          "level": 1,
          "highlight": false,
          "children": []
        }
      ]
    },
    {
      "id": "81f978895bccc3e6f74caa8105129464",
      "author": "李晨",
      "time": "2020年08月11日 16:56",
      "content": "<p>支持和懂是兩回事，你喜歡什麼物理醫學，和你喜歡中醫也是兩回事。老天爺有沒有說喜歡物理醫學的人就一定會治病？好比我就是博士就是研究生，你就是菜鳥文盲。現在中國大陸西醫那個不是研究生學歷？有學歷不代表會治病。<br/>\n在者你懂技術和你坐義務是兩回事？上帝有講懂技術的人坐的義務都是認真的？都是實用的？沒有吧，你懂技術，和支持都是兩回事，不要把自己看的太過重要。<br/>\n好比，我假設你是對的，為何提供的網站都是英文版本？大陸都是中國普通民眾多看不懂英文，而已倪老師之前的網站也是用的繁體字來適應大家。<br/>\n這很明顯是動了你的利益蛋糕呀。你也是那個什麼伯師派來的臥底吧？伯師騙了多少錢知道嗎？</p>",
      "level": 0,
      "highlight": false,
      "children": [
        {
          "id": "16ddbc6895fc2e7d88573b56ce0c2fce",
          "author": "ieitZYB",
          "time": "2020年08月11日 19:10",
          "content": "<p>菜鸟，鸡同鸭讲，自己去补充点上网常识必技术知识吧，要了解什么是网站域名、首页、链接。<br/>\n还敢提天纪，菜鸟一个，别误导新粉丝了。李医师本人在这个blog谈人纪回避天纪。</p>",
          "level": 1,
          "highlight": false,
          "children": []
        }
      ]
    },
    {
      "id": "de29f0d5a82a0234546006cac04af367",
      "author": "李宗恩",
      "time": "2020年08月11日 19:27",
      "content": "<p>李晨和ieitZYB，請不要在我網頁上爭吵。www.hantang.com是倪老師原本網頁，www.hantang-nihaisha.com是倪老師過世後才設立的。倪老師2012年1月31日過世後增加的內容，當然也就不可能來自倪老師。</p>",
      "level": 0,
      "highlight": true,
      "children": []
    },
    {
      "id": "a31a3af7e4338d40fb0200bfd6f1e118",
      "author": "明遠",
      "time": "2020年08月12日 02:40",
      "content": "<p>我去年得了肩周炎，也是非常痛，晚上睡覺翻身稍微碰到就會痛醒，但我沒有治療，現在大概好了90%。我從4年前開始到現在，大概每天晚上都凌晨3點才睡，每天睡眠嚴重不足，再加上又吃素，身體狀況惡化很快，病就開始來，因為我以前有拉單槓的習慣，所以就出現肩周炎，我以前長年赤腳慢跑，得肩周炎後不久又得足底筋膜炎，再過不久，膝蓋外側開始痛。我只有吃些健脾疏肝補腎的中藥，並沒有針對這三個問題去治療，可能是我人紀有學到一點基礎，雖然睡眠嚴重不足營養不良，但身體沒再惡化，並且還能恢復一些，雖沒完全好，但這三個問題現在只剩肩周炎10%沒好。我的心得是，如果不知道處方，就先把身體調養好，身體會自己去處理問題。</p>",
      "level": 0,
      "highlight": false,
      "children": []
    },
    {
      "id": "62254fb86f3e5aaa3afcc296f60f1d10",
      "author": "四川 颜永信",
      "time": "2020年08月18日 07:50",
      "content": "<p>用百度可以打开李宗恩老师网站，其他的不行</p>",
      "level": 0,
      "highlight": false,
      "children": []
    },
    {
      "id": "2298d89ab373342b1d859afc72d9363e",
      "author": "Alex",
      "time": "2020年08月28日 17:31",
      "content": "<p>請問李醫師<br/>\n如倪師所說經方的精神是經典配方，黃金比例。柴胡龍骨牡蠣湯非用鉛丹不可嗎？有其他替代藥方嗎？</p>",
      "level": 0,
      "highlight": false,
      "children": [
        {
          "id": "1c7790b3a9dd47e1467b74edf5370fc5",
          "author": "李宗恩",
          "time": "2020年08月30日 12:26",
          "content": "<p>癥結在於你為什麼要使用柴胡加龍骨牡蠣湯？想要改變什麼？如果你真的知道在做什麼，自然就能找到替代的辦法。</p>",
          "level": 1,
          "highlight": true,
          "children": []
        }
      ]
    },
    {
      "id": "573c42028a9c065662fe285c0e0b0bfc",
      "author": "经方迷",
      "time": "2020年09月02日 08:32",
      "content": "<p>中国大陆一般都用磁石代替，其实龙骨牡蛎偏咸寒，咸能软坚，寒主向下，收敛的作用强，磁石重镇安神倒不是非用不可，正如李医师所说，一个方子就像固定的招式，关键在于药方背后的思路是什么？还有就是开方人的逻辑是怎样的？，开方就是开方位，病情纷繁复杂，具体朝哪个方向，从哪里下手，都在于中医师自己的经验和套路，方向不对，药方不起作用或效果不如意，方向对了，用不同的药，开不同的方，一样有效果。</p>",
      "level": 0,
      "highlight": false,
      "children": []
    },
    {
      "id": "9e218334361b146faef78b43187c8395",
      "author": "朱江政洋",
      "time": "2020年09月03日 05:07",
      "content": "<p>可能是用铅丹渗入朱砂中增加份量謀利，因铅丹也是紅色的雖有色差但混合不會差很多且铅丹重賺較多。</p>",
      "level": 0,
      "highlight": false,
      "children": []
    }
  ],
  "page": 20,
  "order": 1,
  "filename": "data\\page19\\page19_order10_31d9110d7fe6522c8c5ac2d6a35bbd17.json"
}