{
  "article_url": "https://andylee.pro/wp/?p=11576",
  "title": "湯英主任醫師的來函",
  "content": "<p>昨天晚上收到通許第一醫院傳染科湯英主任醫師的來函：</p>\n<p>「李老师，您好！很久没有给您联系了，今天有时间，给您汇报一下我近期的工作和收获。首先给您汇报…. （私人事情）….. 还有，从元月开始，全开封市的高危人员，指的是密接、次密接、复阳、境外返汴人员，我一共看诊1000多人，效果都非常满意。这个月初，我还应兰考县政府的邀请，一个人指挥了全县的抗疫工作，一人一诊1022人，在兰考呆半个月，现在兰考一切恢复正常状态了。今生最大的荣幸就是有缘拜您和杨老师为师，学习倪师的医术！在日常工作中，还有不尽如意的治疗效果，我会不懈努力学习的！」</p>\n<p>看到湯主任的來函，既為她高興也心疼她的辛苦。湯主任在2020年初疫情大爆發的混亂下，不顧自己的安危及家庭生活，義不容辭地站在抗疫的最前線，親自帶領大批醫療人員治療確診及高風險的病人，戰功累累，除了為央視、新華社、人民日報等大幅報導外，也榮獲了河南省抗疫最高榮譽個人英雄獎。今天年初，新冠疫情在大陸捲土重來， 湯主任再次擔任重任，領導開封及蘭考地區以中醫來對抗新冠疫情，並親自看診數千人，獲得非常好的成效。</p>\n<p>回頭看看台灣中醫對抗新冠的情況，卻讓人十分憂心。一大群沒有真的治療過新冠急重症的中醫師，也不管病人的整體症狀表現，盲目地推廣清冠一號。甚至還有大型中醫院管理階層出來說，Omicron的病人沒有感到身體寒冷，咽喉有灼熱感，就代表Omicron是溫熱症，得以清冠一號來清熱解毒。中醫辨證論治，是藉由整體症狀表現來反推身體内部的失衡問題，不是憑著少數幾個症狀來斷定。更何況人體的狀況並非單純一個寒或熱就可以解釋，譬如，我們以前討論過新冠重症病患往往出現肺部下方大量寒水、寒痰積聚，肺部上方卻極度燥熱、津液枯槁，開中藥方時不同部位的寒熱都得考慮到，失一隅則失江山。</p>\n<p> Omicron初期症狀通常有咳嗽、喉嚨痛、發燒、全身酸痛、流鼻涕、鼻塞、頭痛、疲倦、頭暈等等，如果硬要找出一個適應於大半病人的方向，葛根湯加減，配合半夏厚朴湯、苓桂朮甘等，是比較適宜的大方向。如果發燒，除非到了40<strong>°</strong>C，不用急著退燒，發燒是人體免疫系統對抗外敵時的正常反應，葛根湯等中藥使用得當、身體開始恢復時，燒自然會退。如果 40<strong>°</strong>C高燒不退，靠清冠一號並不能保證退燒，即使高燒暫時退了，臨床上常常看到病情反反復復，燒退又起。在我們大量的治療病例中，我們會使用以石膏爲主的白虎湯加減，這也是爲什麽我們之前治療新冠急重症病患時，常常會使用大青龍湯等重用石膏的方劑，確保肺部不會過度燥熱、津液枯槁。</p>\n<p>許多台灣的家長問到小兒Omicron導致腦炎的病例。葛根湯證時，醫生失治，或者病人原本有其它身體問題，有可能誘發剛痙，出現抽筋、抽搐、癲癇、四肢抖動<strong>、</strong>昏迷、角弓反張等症狀，即爲腦炎的症狀，治療依然以加大劑量的葛根湯加減爲主，適度加入白虎人參湯等來退熱、補津液。這本來並非難處理的病症，我們也治療過很多，西醫卻往往束手無策，多數只能使用「支持性療法」，也就是試圖減緩局部症狀，而非治療病因。另一方面，台灣許多中醫師聽到Omicron就只會開清冠一號，殊不知清冠一號無法避免剛痙、腦炎的發生， 如同大陸的連花清瘟無法避免輕症轉重症一樣，使用不當反而會加重病情。</p>\n<p>臨床醫學是實戰的學問，如果真的想大幅啓用中醫來對抗新冠疫情，最好的辦法是和治愈過大量新冠急重症的中醫師們詳細討論，而不是紙上談兵地吵咽喉燒痛是寒是熱、哪個中藥材有天然抗生素成分等等。 </p>",
  "article_time": "2022年05月27日 15:08",
  "comments": [
    {
      "id": "7f9423336a61e468de950b3033f0f2dc",
      "author": "Calvin",
      "time": "2022年05月27日 16:34",
      "content": "<p>醫師好，我住台灣，目前台灣疫情的確讓人擔憂，昨天九萬多例，已經超過很多國家的高峰人數了，小孩腦炎也是全世界最高，高過日本，醫師請問你知道為什麼嗎？ 為什麼台灣小孩容易變腦炎？ 如果萬一有腦炎症狀，用葛根湯既可以了嗎？感謝</p>",
      "level": 0,
      "highlight": false,
      "children": [
        {
          "id": "569109694725b2d698b650b198c20348",
          "author": "李宗恩",
          "time": "2022年05月28日 08:13",
          "content": "<p>葛根湯是個大方向，個案差異可能很大，還是應該找好的中醫師看診。</p>",
          "level": 1,
          "highlight": true,
          "children": [
            {
              "id": "2fcd30b4ac350edb5e58d327cff4c9b6",
              "author": "陈生",
              "time": "2022年06月08日 09:13",
              "content": "<p>李老师愿意继续web3.0吗？有一个算是衍生的项目，关于服装行业的，希望和李老师交流</p>",
              "level": 2,
              "highlight": false,
              "children": [
                {
                  "id": "99445a198b16bd600380af9608b660d2",
                  "author": "ieitZYB",
                  "time": "2022年06月08日 20:54",
                  "content": "<p>哈…看来是广东的，服装IE转IT了解一下 ^_^<br/>\n<a href=\"http://www.ie-it.net\" rel=\"nofollow ugc\">http://www.ie-it.net</a></p>",
                  "level": 3,
                  "highlight": false,
                  "children": []
                },
                {
                  "id": "bc70ea251dc892ce7fa48e6f6b482354",
                  "author": "李宗恩",
                  "time": "2022年06月10日 13:03",
                  "content": "<p>我目前不直接介入投資案，如果你有什麽具體的想法，可以寄到診所(info@youngQi.com)，有時間的話，我可以看一看。</p>",
                  "level": 3,
                  "highlight": true,
                  "children": []
                }
              ]
            },
            {
              "id": "25104dfe9b701682d0bb1df09433f400",
              "author": "倪师粉丝",
              "time": "2022年06月11日 12:49",
              "content": "<p>李师您好：<br/>\n    若有时间，可以通过邮件回复下我的问题吗？<br/>\n    我想问的是 关于 倪师 阳宅学的版权问题，因为我的书中要推广和大面积验证这个学问，我想讲倪师的讲课内容文字版作为书的一部分出版，我想知道对于阳宅学相关版权问题或者利益人能不能授权或者有条件授权？急盼回复</p>",
              "level": 2,
              "highlight": false,
              "children": [
                {
                  "id": "12ea48bb669c08c1c98f3d9bdc7b24ca",
                  "author": "李宗恩",
                  "time": "2022年06月11日 10:53",
                  "content": "<p>倪師母親自管理版權事宜，另外，倪老師交代不再出版，更不用說授權他人出版。</p>",
                  "level": 3,
                  "highlight": true,
                  "children": [
                    {
                      "id": "0aff3493771c8dbe7e43ac799ce3fae6",
                      "author": "倪师粉丝",
                      "time": "2022年06月12日 01:54",
                      "content": "<p>李师傅，我给您发邮箱了<br/>\n这个邮箱info@youngQi.com<br/>\n邮件地址以 lawyer 开头<br/>\n我是无法联系倪师母亲的，能不能帮忙在您看了我给您发的邮件，能不能帮忙开口问问，因为：1，在于大家认为是好智慧不经意就传开了2.知识产权也有保护期过期的时候3.倪师的理想是帮能助到有需要的人 4.对汉唐和中医都是一个好的契机.5.其他效果。因此，如果倪师母亲有条件授权，可以说出来。</p>",
                      "level": 4,
                      "highlight": false,
                      "children": []
                    },
                    {
                      "id": "7931121357652edd3ff2edfb03c676b2",
                      "author": "李宗恩",
                      "time": "2022年06月12日 18:02",
                      "content": "<p>很抱歉，我已經說過不能。</p>",
                      "level": 4,
                      "highlight": true,
                      "children": []
                    },
                    {
                      "id": "f9274d256206736fed89bac4b94cc1aa",
                      "author": "倪师粉丝",
                      "time": "2022年06月12日 02:09",
                      "content": "<p>标题中有 阳宅学  三个字<br/>\n感谢您百忙中抽出一点时间<br/>\n也就是下面的 必填  的这个电子邮件</p>",
                      "level": 4,
                      "highlight": false,
                      "children": []
                    },
                    {
                      "id": "aab80f536eca697ded95e8f6a5e5f0b3",
                      "author": "倪师粉丝",
                      "time": "2022年06月12日 02:50",
                      "content": "<p>我那时已经因为父亲肝癌而接触医学，并拜倪海厦老师为师学习中医，虽然依然关心高科技趋势及投资，越来越多的时间及心思放在中医上。之后，我太太提醒我，科技及投资业不缺我一个，我能做的最多是让自己很有钱，但中医界极度缺乏能和国际主流接轨的人，更何况倪海厦老师托付我传承。太太的话彻底点醒了我，让我决定做出人生中极大的转变，正式走向中医。<br/>\n====<br/>\n我的目标在于让老百姓能看起病，病能根除，能有勇气走进医院！而这些必须依靠几千年下来的中医！帮我就是在帮助中医！希望您在百忙中看看我发给您的两份邮件，只要看了，我就无怨无悔，无论结果怎样！</p>",
                      "level": 4,
                      "highlight": false,
                      "children": []
                    },
                    {
                      "id": "86ba9695242b07bccb5dae630858a8df",
                      "author": "倪师粉丝",
                      "time": "2022年06月13日 01:14",
                      "content": "<p>和占卜的结果所显示的过程一样啊，看来是天意。符合国际公约的少量介绍，然后让看书想知道的的自行去找吧。也只能这样了。<br/>\n嗯，这事就这样吧。<br/>\n真诚的祝福你们，为倪师祈福，倪师母亲健康快乐，感谢您们救死扶伤，功德无量<br/>\n愿中医普及起来吧。</p>",
                      "level": 4,
                      "highlight": false,
                      "children": []
                    },
                    {
                      "id": "90d4b662f60a1dc43e255670bfe49e20",
                      "author": "倪师粉丝",
                      "time": "2022年06月13日 06:44",
                      "content": "<p>简介的时候，给起了个名字叫 倪海厦阳宅学  或者 倪氏阳宅学<br/>\n不晓得哪个好呢。<br/>\n第一个响亮，但是闲的不尊敬，第二个尊敬，但是不响亮。<br/>\n开始知道的人不多，就先叫第一个响亮，以后大家都知道了，再改为倪氏阳宅学。</p>",
                      "level": 4,
                      "highlight": false,
                      "children": []
                    }
                  ]
                },
                {
                  "id": "a852fed9cb74469fc0edac1a34415575",
                  "author": "ieitZYB",
                  "time": "2022年06月13日 11:24",
                  "content": "<p>出书?<br/>\n先把“‘倪師母’親自管理版權事宜”整明白！</p>",
                  "level": 3,
                  "highlight": false,
                  "children": [
                    {
                      "id": "b61ac26ac976e3415f28f1ffd70c6d29",
                      "author": "倪师粉丝",
                      "time": "2022年06月14日 08:38",
                      "content": "<p>知道啊，只是简介，符合  伯尼尔公约<br/>\n对于知识产权/智慧财产的条约的。身为倪师粉丝，怎能违背他老人家意思。但是好东西也要世人知道啊。我能做的就是让大家知道有人研究出这个智慧，也是符合法律主旨精神——人类智慧进步</p>",
                      "level": 4,
                      "highlight": false,
                      "children": []
                    },
                    {
                      "id": "4ea87669e31ea4654bf6602ed1088258",
                      "author": "倪师粉丝",
                      "time": "2022年06月14日 09:42",
                      "content": "<p>如果能帮忙联系，绝对希望谈一谈。大陆知识产权以前本身就落后太多，作为第三世界国家，落后就要挨打也许不会落到小国家，但是大陆一定会挨打，比如特朗普就想着通过贸易战让大陆民不聊生，大陆政府一向只想着合作发展，互利共生，但是你们也看到了，米国放过谁？还说疫情是  北京新冠  啊 呸。以前不放过大陆，现在不放过俄罗斯，甚至发动金融战收割全世界且是正在进行时。如果以前按照美国的想法产生相应的法律，那么，还没有发生战争，启动授权禁止，那么十几亿人都不进步了吗？一次洗劫，收获比入侵圆明园还要多！资本嗜血会发生什么，世界时时刻刻都在发生，我们难道看不到吗？新冠为何而起，为何揭露新冠真相的科学家总是死于非命，还不明白吗？人为刀厨，我为鱼肉，真的敢让把十几亿人走向这条路吗？<br/>\n     所以，同胞能相信，但昂撒人一定要留个心眼啊，万劫不复人家只会笑你傻。在这一代米领导眼里，天下皆是其工具其鱼肉。连其国内民生尚且不顾，更何况外人？<br/>\n      我大概能猜出，倪师应该是当年传教的时候，明明是他研究出来的，他的那个棒槌学生一定是忘恩负<br/>\n义，说自己研究出来也不敢报倪师的名字，而倪师性格介于天蝎座和射手座之间，天蝎座对于背叛绝不容忍，所以发生后面的事情，，，这些行为对我来说能深刻理解，但是更聪明的方法是让背叛者人财两空，而自身名望卓著，活成人人心目中的崇敬的偶像大师。也许，以前的社会连获得诺贝尔奖的大陆人莫言，宁愿赞美日本人，也要说大陆只值得揭露现实不值得赞美，又能说什么？毕竟人穷识少，就看到那点金钱利益，又被别用用心的人整天抹黑，声望能好才怪。<br/>\n    不过，如今习大大带领下，竭尽全力走正道，知识产权得到空前加强，也许还要，但是只要起诉到法院，法院一定只会主持公道，因为终身负责，每个法官对于自己的判决要经得起历史的考验。大陆已经明白，只有创新，中华民族才有未来，要创新一定要把知识产权保护好，宁愿舍弃企业也要保护好知识产权。<br/>\n     所以，倪师母是可以考虑放下以前的恩恩怨怨了，倪师信基督已经回归主的怀抱了，我们可以给他积阴德。主教导我们，爱自己爱周围的每<br/>\n一个人。把汉唐和中医搞起来，让倪师的名字响彻大陆全国的每一个角落，让倪师的名字响彻全球，才是最对得起倪师，最能证明倪师正确，当年那个小人理应遭人唾弃的最好办<br/>\n法。否则，外人也许会同情当年那个小人，这就叫怀璧其罪。这世道，无非就是人心。怀揣着人类进步的密码，却不愿意分享也不愿挣钱，外人就不会支持老师，倪师粉丝虽然一再维护倪师的名誉和产权，但是架不住已经流出去的，且那些小人为了点钱故意私自卖高价，好东西要的人还多，又没有人切实有效的维权，这就是目前的情况。主啊，您的荣光一天一天的在减少，主啊，请您张开双臂，在天上开导倪师，让他放下曾经被背叛的仇恨吧，赦免他的苦难吧，怜爱这世人吧，拯救这世人吧。让世人沐浴在倪师的学问里吧！阿门！</p>",
                      "level": 4,
                      "highlight": false,
                      "children": []
                    }
                  ]
                }
              ]
            }
          ]
        }
      ]
    },
    {
      "id": "8635d7c2e8a45ef3587533b04ffb0faf",
      "author": "水晶发卡",
      "time": "2022年05月27日 17:18",
      "content": "<p>通许人民医院好样的，有你们这些心有大爱的中医师，国内中医事业就有希望。所谓的流感就是不断在告诉人们:西医通过所谓病毒、杀毒对抗疗法存在根本性错误。是没有基于人体病理进程的研究，而是停留在研究药物上。人们却被那些为了利益而扭曲社会认知的观念所欺骗。新冠的流行只是发出更响亮的警钟。最近国内有志人士揭露小学课本的插图一事，何其相似啊。从小从认知上进行有意图的带偏。互联网上更是有一批似是而非的言论，国内俗称“带节奏”，挺形象的。不打疫苗就意味被贴上无知，自私，反科学的标签，还被几亿网民网暴。</p>",
      "level": 0,
      "highlight": false,
      "children": []
    },
    {
      "id": "e46b86774875e911fbbd9148c402cdf4",
      "author": "中医愛好者",
      "time": "2022年05月27日 18:51",
      "content": "<p>臨床醫學是實戰的學問，如果真的想大幅啓用中醫來對抗新冠疫情，最好的辦法是和治愈過大量新冠急重症的中醫師們詳細討論，而不是紙上談兵地吵咽喉燒痛是寒是熱、哪個中藥材有天然抗生素成分等等.—-中國大陸無論西醫還是部分中醫都玩這套，其他行業一樣打嘴炮，衛建委不用談了，上下起手，醫保基金從大河變成路邊的小溪流了。</p>",
      "level": 0,
      "highlight": false,
      "children": []
    },
    {
      "id": "4e6117a44048e796bf1efe3a88a63516",
      "author": "Yingnan",
      "time": "2022年05月27日 20:36",
      "content": "<p>在日本的同学得了omi，上报医院，医院派人送来了5盒“葛根汤”。<br/>\n然后居家隔离休假，吃了不到一周，好了。</p>",
      "level": 0,
      "highlight": false,
      "children": [
        {
          "id": "a53f588ade160fc3e695e51115473fec",
          "author": "李宗恩",
          "time": "2022年05月28日 09:54",
          "content": "<p>請問有更多的細節嗎？譬如這家醫院是特例，還是日本醫療體系已經設定如此中醫治療的標準流程？</p>",
          "level": 1,
          "highlight": true,
          "children": [
            {
              "id": "a55cace8388f80b761be97b3358be388",
              "author": "秀鈴",
              "time": "2022年05月29日 01:23",
              "content": "<p>應該不是通例，應該剛好那位醫師開了中成藥的處方，日本有不少中成藥是健保可以給付的。我曾因小腹疼痛，在日本西醫院就診，拿到過「當歸芍藥散」。我兒子在日本工作，2020年4月（原始病毒株）及2022年2月（omicron）前後兩度感染，都拿到西藥。我們不大使用西藥，兩度染疫主要都是自己用日本經方中成藥治療。</p>",
              "level": 2,
              "highlight": false,
              "children": []
            },
            {
              "id": "7a3fe77a4985804106839c609f48227a",
              "author": "Yingnan",
              "time": "2022年06月10日 09:02",
              "content": "<p>抱歉刚看到回复，我问了他，日本类似家庭医生模式，他的医生给他发的药有姜黄汤，葛根汤，五苓散还有一些西药退烧的，西药内容具体他也不知道，因为日本一类药品只有数字代码没名字。<br/>\n家庭医生然后要求他自我隔离7天，没药打电话给他送，如果恶化也打电话。</p>\n<p>我又问日本是否统一使用中药来处理covid，他说按他掌握的信息并没有，可能只是他的家庭医生比较偏爱“汉方”。<br/>\n按他的话说，现在日本医疗好像不太在意，任由他自生自灭。。。（应该是玩笑有点夸张，吃了药几天就好了）<br/>\n========<br/>\n我个人认为他们的家庭医生应该也在执行某种 《标准治疗方案》，里面是有“汉方”存在，这只是我的假设，我让会日语同学查查去。</p>",
              "level": 2,
              "highlight": false,
              "children": [
                {
                  "id": "71627018ea3fe2b8ebe3f7365d31ddd7",
                  "author": "李宗恩",
                  "time": "2022年06月10日 13:04",
                  "content": "<p>謝謝你告訴我。</p>",
                  "level": 3,
                  "highlight": true,
                  "children": []
                }
              ]
            }
          ]
        },
        {
          "id": "8a359e63b4ca2689b9da24c237afc363",
          "author": "內經初學者",
          "time": "2022年05月30日 07:51",
          "content": "<p>請問你在日本的同學用的是什麼品牌的“葛根湯”？謝謝！<br/>\n我用的是仙豐牌的五苓散，治好了打過加強針半年後呈陽性的同事，在眾目睽睽之下，太show off，中藥很強大。</p>",
          "level": 1,
          "highlight": false,
          "children": [
            {
              "id": "8b6f30e03b5534c1f8cc633ce8593fe6",
              "author": "小宇",
              "time": "2022年06月07日 07:55",
              "content": "<p>请问，在哪里可以买到仙豐牌的药？</p>",
              "level": 2,
              "highlight": false,
              "children": [
                {
                  "id": "9867d7ef27954b473b11317cfefec97f",
                  "author": "內經初學者",
                  "time": "2022年06月07日 19:57",
                  "content": "<p>Dr.李的诊所有.</p>",
                  "level": 3,
                  "highlight": false,
                  "children": []
                }
              ]
            }
          ]
        }
      ]
    },
    {
      "id": "93c9022dbf3f6ac7b28335ceee6fde5e",
      "author": "Grace",
      "time": "2022年05月28日 02:52",
      "content": "<p>博士您好，我是您長期的粉絲，也因為您的書而開始尋找漢唐體系的診所。適逢高雄漢唐開幕，我不但長期每週固定回診調養身體、也報名基礎課開始學習。因為有體驗到自己健康的進步，我對於倪師所教授的經方知識深信不移，也非常支持並樂見您們為了復甦中醫的努力！去年當您宣布北中南三個診所開始視訊看診，我心中熱血沸騰，覺得非常感動！不過兩個月前、當疫情尚未興起時，家人高燒不斷，卻被高雄漢唐診所拒診（經我電話詢問，診所要病人先去大醫院做PCR，確定是陰性才願意診治），而去年配合的高雄四季診所也是拒絕接受發燒的病人。當時我非常的失望，這不正是一個證明經方的機會？為何這兩個診所反而畏懼面對疑似確診患者？what kind of messages are they sending to people? That they won’t be able to handle COVID patients? I think it’s such a miss opportunity and frankly felt abandoned by doctors that I trust so deeply. (Luckily with my limited knowledge of 傷寒論, I was able to lower the patient’s temperature and stabilized his condition. Eventually he got better in two days.)</p>",
      "level": 0,
      "highlight": false,
      "children": [
        {
          "id": "2c5ce72cddcc948723b213c74ebdc4c5",
          "author": "李宗恩",
          "time": "2022年05月28日 08:18",
          "content": "<p>去年我幫忙轉載台北漢唐中醫診所的公告，對他們的運作細節並不清楚，我會幫你問一下，轉達你的情況，或許有什麼誤解，據我了解，他們一直盡力幫忙治療確診病人。</p>",
          "level": 1,
          "highlight": true,
          "children": [
            {
              "id": "eafe6c0f8a55e2ec6ab6ea05a85e0c00",
              "author": "Grace",
              "time": "2022年05月28日 18:53",
              "content": "<p>Thank you for your reply! I still believe in the power of 經方, and understand that there could be limitations in the logistics of the actual practice.<br/>\nI left the comment not to criticize, but more as a reminder of what could’ve been done better: Despite the ambitions of 漢唐 in promoting and trying to form a school of thought, there’s still a long way to go.<br/>\nThank you for willing to pass on the message.</p>",
              "level": 2,
              "highlight": false,
              "children": [
                {
                  "id": "2f8b726e834226a2e5471bcfa97b4028",
                  "author": "李宗恩",
                  "time": "2022年05月30日 21:11",
                  "content": "<p>經過我了解，台灣政府規定確診病人必須經由中醫公會分配到指定中醫院所遠程看診，同時，確診病患健保卡插入健保讀卡機，讀卡機會發出警示並立即通報管理單位。換句話說，如果有了症狀，得在檢測前找自己信任的中醫診所遠程看診，一旦檢測陽性，那就只能由管理單位來安排治療，任何中醫師私自接治確診病人，有可能被吊銷醫師執照。這樣的規定實在很難苟同，而且指定的中醫院所很可能就是開給你清冠一號。</p>",
                  "level": 3,
                  "highlight": true,
                  "children": [
                    {
                      "id": "a7b8e7d7554c2b3c6242137233240b34",
                      "author": "健鴻",
                      "time": "2022年06月01日 02:53",
                      "content": "<p>亞洲華人地區整個醫療體制  上至權責單位，中至教育機構，下至醫療單位藥廠層層掛鈎，打壓抹黑消滅傳統中醫，在百年前就已如此，主因在華人不相信自己數千年的偉大中醫與人性貪婪所致，不斷崇洋媚外！！！<br/>\n所以倪師才非常不喜歡為華人治病….<br/>\n西醫唯二優點只有檢驗科學與外科(含眼、牙科)….其餘毫無治病能力…但因為人性+資本主義作祟….運用法律手段來限制有能力、良心的中醫師救人。</p>",
                      "level": 4,
                      "highlight": false,
                      "children": []
                    },
                    {
                      "id": "8e7563098e35f703a6f3c04baa189212",
                      "author": "Grace",
                      "time": "2022年06月05日 01:30",
                      "content": "<p>謝謝博士再次回覆。<br/>\n1）我親戚發高燒時疫情尚未爆發，他並未「確診」，快篩結果也是陰性，因為人在高雄，希望直接到高雄漢唐診所就診，但仍拒被拒絕了，聲稱只在pcr採陰的情況下才願意治療發燒的患者。（因為在高雄求救無門，才轉而詢問台北漢唐是否能視訊看診，但也許當時政府尚未開放視訊看診的權限）<br/>\n2）目前政府公佈可以遠距看診的中醫診所清單中也有高雄漢唐診所在列，但是診所卻公告不提供視訊看診服務。實是自己放棄了這個戰場。<br/>\n3）I don’t hold grudges against the clinic, I just feel sad that they missed a good opportunity to demonstrate the power of 經方醫療。I see that there’re many uncontrollable factors in clinic operations and management that could affect the availability and quality of treatment, so this has actually taught me a lesson to  improve my own medical knowledge so that I won’t need to rely so heavily upon others. In this regard, I really appreciate you for generously offer your expert experiences and knowledge to the public, in which I’ve learned a great deal. Please accept my sincere gratitude.</p>",
                      "level": 4,
                      "highlight": false,
                      "children": []
                    }
                  ]
                }
              ]
            },
            {
              "id": "654cf1f10fedf4bf85ceae182ff56066",
              "author": "行者",
              "time": "2022年05月29日 20:06",
              "content": "<p>我們也曾幫他人詢問台北漢唐櫃台，結果也是確診者不能看診，他們曾說有漢唐199號可以處理OMI有症狀者，但需看診才能購藥，感覺實為矛盾，後來才推薦民生漢唐遠距看診。在此之前，已曾推薦民生漢唐遠距看診，治癒快塞陽性小一學童。也曾助一市場賣菜長者電話問診，症狀也已消退。確實經方中醫可以治新冠，但只是不知台北漢唐有何顧忌。</p>",
              "level": 2,
              "highlight": false,
              "children": []
            }
          ]
        },
        {
          "id": "4687134de99c9c66303f869722d901ea",
          "author": "ieitZYB",
          "time": "2022年05月28日 17:12",
          "content": "<p>诊所回复也很清楚的:確定是陰性才願意診治。<br/>\n不然，营业执照可能有危险嘛。</p>",
          "level": 1,
          "highlight": false,
          "children": []
        }
      ]
    },
    {
      "id": "e86282f3b650c7585f688cebb20ee6bb",
      "author": "Yves Fan",
      "time": "2022年05月30日 12:21",
      "content": "<p>大佬，看到你十多年前和史玉柱的對話了，很有水平，也很有預見性，只可惜評委聽不懂……中國對你來說確實不是很好的fit，對于人才、多樣性的包容度太低了。<br/>\n萬萬沒想到你竟然從醫了，果然是高端玩家啊，自定義人生。<br/>\n<a href=\"https://www.bilibili.com/video/BV1wx411t77i/?spm_id_from=333.788.recommend_more_video.3\" rel=\"nofollow ugc\">https://www.bilibili.com/video/BV1wx411t77i/?spm_id_from=333.788.recommend_more_video.3</a></p>",
      "level": 0,
      "highlight": false,
      "children": [
        {
          "id": "07f3b1d191a8f803abb0fbcf0c8698e5",
          "author": "李宗恩",
          "time": "2022年05月30日 22:09",
          "content": "<p>人生本來就可以也應該是多元化的，目的在尋求智慧與慈悲。史玉柱及馬雲兩位先生在金錢物質上比我多得多，但老天對我也不差，讓我從不同角度來了解這個世界及生命的意義，也給我機會幫助許多人及為社會貢獻價值，而物質上我也並不匱乏，所以，我很感恩，也謝謝很多人的支持。</p>",
          "level": 1,
          "highlight": true,
          "children": [
            {
              "id": "8fbb8f6ebb32b38c8c66f5c94e1e253c",
              "author": "R",
              "time": "2022年05月31日 12:20",
              "content": "<p>很高兴您选择了中医，为大众揭示生命的奥秘。这比单纯的做生意赚钱要有意义得多！您的聪明才智用来造福百姓，这是老天对大众的恩典！</p>",
              "level": 2,
              "highlight": false,
              "children": [
                {
                  "id": "8e4f22e673f9cbba7881d03e70733ccf",
                  "author": "李宗恩",
                  "time": "2022年06月02日 11:11",
                  "content": "<p>謝謝你的支持及鼓勵。</p>",
                  "level": 3,
                  "highlight": true,
                  "children": []
                }
              ]
            },
            {
              "id": "800a3cabc41db94cafb6d7f7394bc93c",
              "author": "carey",
              "time": "2022年05月31日 19:00",
              "content": "<p>宗恩老師應該早就超越簡單的物質追求了吧，否則也不會從醫。<br/>\n您致力於弘揚中國傳統醫學以及造福人類未來，<br/>\n如果國内的環境能改變，您的宏願一定能早日實現！</p>",
              "level": 2,
              "highlight": false,
              "children": [
                {
                  "id": "0d95ff71027cb0dc578651b2647d218c",
                  "author": "李宗恩",
                  "time": "2022年06月02日 11:11",
                  "content": "<p>謝謝你的支持及鼓勵。</p>",
                  "level": 3,
                  "highlight": true,
                  "children": []
                }
              ]
            },
            {
              "id": "35ddc59b463c2daf5594d261e09b947f",
              "author": "出師未捷身先死",
              "time": "2022年05月31日 20:17",
              "content": "<p>這是2007年赢在中国商业实战-赢在中国36强晋级12强(第九场)，可惜的是在李博士的部落格裡面很少提到這次經歷，在回憶倪師的部分李博士提到在北京的旅館裡給別人算命，難道是參加這次活動？</p>",
              "level": 2,
              "highlight": false,
              "children": []
            },
            {
              "id": "855f76cfa4d240764df591c4e835362c",
              "author": "永恒的爱恋",
              "time": "2022年06月01日 18:21",
              "content": "<p>史某人需要的是可确定的可快速变现的赚钱方式，他不在意事件本身是否有益于社会进步。而李博士您的出发点是超越社会发展性的前瞻，但是短见资本家不愿意为不确定的机会投资，这就是根本分歧所在。另外史某人一辈子也没干什么好事，没让他投资你也是一件好事。</p>",
              "level": 2,
              "highlight": false,
              "children": [
                {
                  "id": "8935613ab4098efcc7791988e6f9ca6e",
                  "author": "李宗恩",
                  "time": "2022年06月02日 11:28",
                  "content": "<p>我本來就沒打算向史玉柱或主辦單位集資，我是在報名截至那天正好在美國中文報紙上看到節目單位的報名宣傳，覺得挺有意思的，想借這個機會多了解大陸的創投情況，也順便飛離美國去透透氣，讓大腦休息休息。馬雲看到我就直接説我不是為錢而來，他猜我是爲了央視廣大的收視率來宣傳自己的，我也坦然承認不是爲了集資而來，但也非爲了宣傳自己，大半只是爲了好玩。不過，節目單位爲了時間限制級及節目效果，把很多對話都剪輯掉了。</p>",
                  "level": 3,
                  "highlight": true,
                  "children": []
                }
              ]
            }
          ]
        },
        {
          "id": "08c00116b1358dd4e350628923fc4f21",
          "author": "Cherry",
          "time": "2022年06月01日 22:10",
          "content": "<p>那年我还在北京，是《赢在中国》的超级粉丝，每期都看。我浏览了一下上面的视频，想起了当年看那一期的时候。一转眼15年过去了，我定居在了美国，从事IT，而且。。。成为了你的病人。如果没有上面这个视频，我大概永远都不会把两者联系起来。命运真是神奇。15年前我肯定不会想到有一天你会学医。我现在相信这是命运最好的安排。作为病人，我十分认可李医生的功力。我期待见到李医生重新解读中医五大经典，把中医的精髓传承下去。一万年太短，只争朝夕。加油！</p>",
          "level": 1,
          "highlight": false,
          "children": []
        }
      ]
    },
    {
      "id": "66cde0ebb20ffee9e9a981cfbc764734",
      "author": "Vincent.Do",
      "time": "2022年05月31日 12:37",
      "content": "<p>只可惜湯英这样的医师太少了，而且能够如此信任湯英医师的地方机关部门也太少了。可参考一下微信文章：https://mp.weixin.qq.com/s/MRxoYgXVt5wu1yQX7Whfig</p>",
      "level": 0,
      "highlight": false,
      "children": []
    },
    {
      "id": "46ed46ea27034333f4fd561cfaacfd84",
      "author": "开开",
      "time": "2022年06月02日 19:43",
      "content": "<p>李医师，您好。我是大陆的一名大三学生，非中医（医学）专业，我想拜师，师承或者是考中医的研究生，不知道这种方法可行吗？您有没有推荐的在大陆的能够走师承的老师？您认为大陆的哪一所中医药大学会好一些？您在中医的学习上有什么建议吗，在学习倪师的天纪，人纪有没有什么学习方法？非常非常感谢您能够回答，希望您不会觉得我唐突。我是在今天才在（哔哩哔哩网站）上看到您的视频（关于您在电视节目中与马云等人的交流的节目），询问到了您的个人博客，但是没有找到，但是找到了您的这个部落？再次谢谢您能解答我的问题，也再次希望您不会觉得唐突。也祝您端午节快乐，安康。</p>",
      "level": 0,
      "highlight": false,
      "children": [
        {
          "id": "3c4cf4da40ca349d3710596a0da1b384",
          "author": "ieitZYB",
          "time": "2022年06月02日 23:56",
          "content": "<p>我知道的这个，当年广州研究生招收非中医专业的，作参考：https://mp.weixin.qq.com/s/sJDPPMJwLPT7a9U0Elz4hQ</p>\n<p>年轻人，加油。</p>",
          "level": 1,
          "highlight": false,
          "children": []
        },
        {
          "id": "fca5e17debf12db7b517843a964353cb",
          "author": "李宗恩",
          "time": "2022年06月10日 12:53",
          "content": "<p>你得先多了解大陸中醫這個領域的市場及問題，喜歡學習中醫和當中醫師是兩件事，早點清楚現實的限制，才能做出對自己負責的決定。真的想學好中醫，可以先從倪老師的人紀教材開始，中醫藥大學爲了是學歷及醫生職照，但我不清楚大陸中醫藥學院的情況，你得多問多去了解。</p>",
          "level": 1,
          "highlight": true,
          "children": []
        }
      ]
    },
    {
      "id": "310bedfa10bccb4be263971ea1aa4962",
      "author": "雲川",
      "time": "2022年06月03日 21:38",
      "content": "<p>李醫師您好，近些日子偶然看到了倪師的視頻便從此入迷，先是看黃帝內經視頻又轉針灸大成，从看到手太陰肺經開始我便買針試著給自己針灸，恰好那幾天喉嚨不舒服咳嗽，我便下列缺，效果非常好。<br/>\n隨著我學的越來越多穴道我自己曾下過天樞、中脘、承滿、少海等穴道。<br/>\n如今已經學到了膀胱經，我這種一邊學一遍拿自己做實驗的行為是否正確呢？</p>",
      "level": 0,
      "highlight": false,
      "children": [
        {
          "id": "1e24af76acae0f614e4ce9d40081fddc",
          "author": "李宗恩",
          "time": "2022年06月10日 12:58",
          "content": "<p>學習針灸可以從自己開始，但辨證論治的部分，得多看一些不同的病人。很多自學中醫的人，只爲自己或少數家人診斷及治療，這是有問題的，很容易誤解書本内容，少數幾個病例治得好，就認定自己理解正確了，少數幾個病例治不好，就扭曲書本的解釋，兩者都不好。</p>",
          "level": 1,
          "highlight": true,
          "children": []
        }
      ]
    },
    {
      "id": "edcbc3067f2513f040ad595023f93b2f",
      "author": "夜雨",
      "time": "2022年06月06日 02:06",
      "content": "<p>提供下大陆北方地区，打完灭活疫苗后（1周到2个月，最长的2个半月）出现的流鼻涕、打喷嚏、恶寒或不恶寒、身痛、疲倦、咽痛、咽干等症状的处理方法，除恶寒汗出而口不渴者，以桂枝汤加黄芪，或厚朴杏子外，大部分使用桔梗玄参汤加减（黄元御先生方，半夏、橘皮、茯苓、桔梗、杏仁、玄参等），或加射干；或加干姜五味子；或加党参、白芍。大部分一两剂即愈，然而，素有鼻炎者，慢性胆囊炎者，慢性胃炎者，皆难愈，一鼻炎患者，身痛、腰酸、鼻痛、鼻干、咽痛、咽干、口干而不渴，二十余剂近三十剂方愈。</p>",
      "level": 0,
      "highlight": false,
      "children": []
    },
    {
      "id": "1d84cd2bab51f15ff823a880ebf4c2e2",
      "author": "出師未捷身先死",
      "time": "2022年06月06日 23:43",
      "content": "<p>四川綿竹80高齡的老中醫于榮光免費給患者送藥，挽救了無數患者的生命，卻被當地的衛健委扣上非法行醫的帽子，罰款7萬，勒令他停止非法行醫。這種數典忘祖崇洋媚外倒行逆施的行為很難想象會發生在經方的發源地。美國不是經方的發源地，老百姓卻沒有因為政客的反華言論而排斥和為難中醫。倪師在美國佛州行醫，沒有因為動了西醫的奶酪而受到西醫同行的排斥，西醫反而主動推薦患者到他那裡治療。</p>",
      "level": 0,
      "highlight": false,
      "children": []
    },
    {
      "id": "7f6413e9044c363c08f11bb210697e3c",
      "author": "hoong",
      "time": "2022年06月11日 10:39",
      "content": "<p>老師您好，我在網路上看到個16年前您在大陸參加節目的影片，當時您提出了web3.0的概念，大家當時都聽不懂。想請問老師後續您為甚麼沒繼續發展您的理念?是否是您發現web3.0存在着很大問題所以沒繼續了可否和我們分享一下。另外，如今區塊連技術是否能夠實現web3.0。實在不好意思在這邊問您沒關係醫療的問題，但我最近在深入研究這方面的東西所以才在試著聯繫您，希望可以得到您的回覆</p>",
      "level": 0,
      "highlight": false,
      "children": [
        {
          "id": "706d872c275710ae6aaf039555157ae0",
          "author": "李宗恩",
          "time": "2022年06月11日 11:14",
          "content": "<p>我那時已經因為父親肝癌而接觸醫學，並拜倪海厦老師為師學習中醫，雖然依然關心高科技趨勢及投資，越來越多的時間及心思放在中醫上。之後，我太太提醒我，科技及投資業不缺我一個，我能做的最多是讓自己很有錢，但中醫界極度缺乏能和國際主流接軌的人，更何況倪海厦老師託付我傳承。太太的話徹底點醒了我，讓我決定做出人生中極大的轉變，正式走向中醫。</p>",
          "level": 1,
          "highlight": true,
          "children": [
            {
              "id": "4112c9dba4ad6cae48d86529f7bf05d2",
              "author": "慕中",
              "time": "2022年06月12日 05:23",
              "content": "<p>成功的男人背後原來真有個偉大的女人! 能這樣想,了不起。</p>",
              "level": 2,
              "highlight": false,
              "children": []
            }
          ]
        },
        {
          "id": "8c8188f94ef213ed0401d9242805bf38",
          "author": "霸气十足",
          "time": "2022年06月11日 23:12",
          "content": "<p>请问你在研究哪一块的区块链应用，同为李医师的粉丝，也是区块链从业者，可以交流。</p>",
          "level": 1,
          "highlight": false,
          "children": []
        }
      ]
    },
    {
      "id": "c1862d10219aa88d9d53cdf3a74c268d",
      "author": "R",
      "time": "2022年06月15日 04:46",
      "content": "<p>您好，李医生，我想请教一个问题，是这样的，有个大陆宝妈因为发邮件咱们诊所邮箱，客服回复说今年不接收新患者，她很着急，托我帮忙，她家三个孩子出生在月子里就发现孩子平躺着时，身体总是扭成c型，把他们拉直摆正后，一会儿又歪了，身体歪得那侧身体肌肉显得特别紧张，去医院拍片检查，孩子全身骨骼没有任何畸形，脊柱骨楔都是正常，现在孩子大了身体还是扭曲睡觉，她这几年带着孩子去了全国各地不少按摩康复中心，医生都说是由于妈妈子宫过于狭窄，导致孩子在子宫内蜷住了导致的习惯，出生后还保持着那个习惯，可是孩子几岁了身体歪的那侧身体肌肉还是紧张，腋下所有的肌肉像被什么扯住了一样！进行过按摩推拿效果不是很好，孩子现在身体站起来也歪，偏离中轴线，脖子歪，脊柱歪，骨盆旋转导致了现在孩子有点长短腿，正骨过，又回到原位，南京鼓楼医院邱勇教授建议回来游泳，吊单杠，长大侧弯度数加深的话戴矫正支具保守治疗，因为孩子目前小，妈妈不想等，想从中医方面找一个治疗的方向，想知道这病的原因是什么？为什么三个孩子都是一模一样的？到底是肾主骨，肝主筋，还是脾主肌肉？到底从哪方面入手？眼看孩子一天天长大，老大胸腔开始变形了，妈妈快要奔溃了，她治疗路上也遇到很多这样的孩子，恳请李医生简单的指点一下，万分谢谢您！</p>",
      "level": 0,
      "highlight": false,
      "children": [
        {
          "id": "f9cd9d1f7d8b9c06f2af3bbd4eb49e58",
          "author": "ieitZYB",
          "time": "2022年06月15日 19:43",
          "content": "<p>我知道一个有，试一下：<br/>\n<a href=\"https://mp.weixin.qq.com/s/wBEc6WCpS0377hJBz4BQ9g\" rel=\"nofollow ugc\">https://mp.weixin.qq.com/s/wBEc6WCpS0377hJBz4BQ9g</a></p>\n<p>武功也了得</p>",
          "level": 1,
          "highlight": false,
          "children": [
            {
              "id": "a45f3f8249d761937efecd0b70c1da69",
              "author": "R",
              "time": "2022年06月17日 14:18",
              "content": "<p>感谢您的帮助！我会告诉她的！</p>",
              "level": 2,
              "highlight": false,
              "children": []
            }
          ]
        }
      ]
    },
    {
      "id": "fbdb1dc9d0f73d6591ee1e9cca26c437",
      "author": "吴茱萸",
      "time": "2025年02月17日 17:13",
      "content": "<p>杰克马两个小孩，早早移民大家拿，可惜双双脑瘤，回天乏力啊！</p>",
      "level": 0,
      "highlight": false,
      "children": []
    }
  ],
  "page": 11,
  "order": 1,
  "filename": "data\\page10\\page10_order10_e460d369fb3a1cfd95e28d65cc6de767.json",
  "timestamp": 1740448543.8223286
}