{
  "article_url": "https://andylee.pro/wp/?p=11442",
  "title": "給兩岸領導人的公開信",
  "content": "<p>新冠疫情在全球延燒兩年多後，大多數國家已經走出疫情最嚴重的高峰，開始大幅開放，也不再需要檢疫或查驗疫苗證明，經濟活動也再次蓬勃發展。然而，中國大陸及台灣或許是因爲之前以阻擋方式對抗疫情太成功，現在面對不斷上升的確診人數，繼續封城隔離已經無法擋下疫情的巨大洪流，開放又會造成確診人數千倍萬倍的增加，兩岸都落入進退兩難的困境。</p>\n<p>地區性的瘟疫，及時快速的圍堵政策是可行的。很可惜， 新冠疫情早就遠遠超過圍堵政策的有效規模，除了海峽兩岸之外，世界各國沒有哪個地方以堅持圍堵政策而抗疫成功的。這就好像大禹治水的故事，鯀受帝堯之命治理洪水，鯀試圖以圍堵方式治水，不斷加高岸邊河堤高度，卻造成水卻越淹越高，終告失敗。禹繼任父親鯀治水命令，改以疏導的方式來治水，看起來像是向洪水低頭，實質上卻逐漸產生效果，最終得以免除水患。</p>\n<p>同時，就算堅持圍堵政策最終可以成功碾平新冠疫情，海峽兩岸還能堅持多久？ 以國際情勢而言，當大多數的國家都開放了，經濟活動及國際交流恢復正常運作，如果中國大陸及台灣仍然堅持封城鎖國，等同與世界各國劃上分界，對兩岸的長遠影響是非常負面的。 而以國内情勢而言，封城鎖國已經造成了很多民生及經濟問題， 民怨四起，遲早會造成社會動盪、犯罪率增加。</p>\n<p>以果決行，當我們很清楚圍堵政策絕對是死胡同時，我們就不應該掩耳盜鈴、自欺欺人，時間拖得越久，問題將越加嚴重，開放是勢在必行的。然而，一方面不得不開放，另一方面開放會導致感染人數大增，醫療系統負載過大，甚至死亡人數暴增，即使極力强迫人民打疫苗，除了人權爭議及大幅副作用外，在病毒快速變種下也被證實效果遠不如原本的期待。那麽，我們該怎麽辦？</p>\n<p>其實，答案早就擺在眼前。我們反思新冠疫情蔓延兩年多來，哪些地方、哪些時段對抗疫情最快速、最有效？2019年底武漢爆發新冠肺炎，快速擴散到中國各地，情況失控非常嚴重。當時既來不及深入了解新冠病毒，各種西藥無法治療，更沒有什麽新開發的特效藥及疫苗，疫情卻在幾個月内快速控制住。當時真正親自參與一線抗疫的醫療人員們，大多都知道及承認中醫藥發揮了極爲關鍵的效果，才能快速有效逆轉新冠疫情 。2020年4月，中國國務院也在國際記者會中正式對外表示，中藥「清肺排毒湯」在中國各省市發揮非常良好的療效，是所有試用過中西藥中最有效果、最快見效的藥物。之後中國各個省市皆把中醫治療列爲抗疫最重要的工作之一，無一地區不證實中醫藥的有效性。中國大陸因而從重災區轉變爲非疫區，反過來觀看其他國家的嚴重疫情。</p>\n<p>然而，中醫藥似乎只能當個亂世英雄，中國大陸疫情穩定後，接下來的抗疫工作都放在疫苗及西藥的開發，中醫藥又被踢到角落，視如敝屣，利用完就丟。無論承認與否，事實擺在眼前，忽視中醫是得付出代價的。中國大陸疫情平靜一年多後，新冠病毒從境外傳回中國大陸，導致疫情第二次大爆發。爲什麽主導抗疫工作的人群不回顧剛剛才發生過的歷史，充分認知疫情第一次大爆發時中醫扮演的重要角色，反而再度落入封城鎖國、强制疫苗的死胡同？</p>\n<p>我個人從2020年一月即投入了抗疫工作，我們團隊在河南通許人民醫院以中醫藥快速治療新冠重症的故事也被中央電視台、新華社、人民日報等大幅報導。之後指導許多地區的醫護人員如何以中醫藥對抗疫情，並親自治療過數百位新冠確診病人，從加護病房的重症病人到無症狀的輕症病人，從最早的病毒株、Delta、到Omicron都有，目前治愈率百分之百。而世界各地像我這樣積極參與抗疫的中醫專業人員比比皆是，大多數也有非常良好的預防及治療效果，並不需要什麽祖傳秘方、什麽神奇珍貴的中藥材，只要按照正統中醫的思維，快速有效，成本低廉，又不會造成副作用。</p>\n<p>其它國家及地區不熟悉中醫就算了，在中醫藥普及的海峽兩岸，有大量的中醫資源，也有很多人可以證實中醫藥治療新冠的療效，如此條件下，如果不大幅啓用中醫藥來對抗新冠疫情，是非常可惜也非常不明智的。因此，在此公開呼籲，希望兩岸的領導人能正視中醫對抗疫情的有效性，改變目前進退兩難的圍堵政策，投入大量的人力物力到中醫藥預防及治療新冠疫情，早日平息世紀瘟疫，並與世界重新接軌。</p>",
  "article_time": "2022年04月15日 16:33",
  "comments": [
    {
      "id": "60691a5da08fb0f7c49c0a8d77c28d9c",
      "author": "3",
      "time": "2022年04月15日 23:12",
      "content": "<p>一，就像紫微斗数是帝王家的术，传内不传外。。。东西虽好，都要留着自己用，老百姓。。。<br/>\n二，医院的门诊大楼刚建好还在还贷款，院长的家底还不厚。。。论如何明年再次翻新住院部的大楼，增加一倍的床位<br/>\n三，。。。<br/>\n其实清除病毒的方法有很多，抖音上也有人讲，想当年卡巴斯基那么牛逼，熊猫烧香还不是一样嚣张，但是唯有360免费杀毒软件上市，才能消灭病毒。。。点解？</p>",
      "level": 0,
      "highlight": false,
      "children": []
    },
    {
      "id": "7f2090ec2100025c892d7409e9cfb2ea",
      "author": "神农本草",
      "time": "2022年04月16日 12:06",
      "content": "<p>作为炎黄子孙，期待中医发扬光大；普济万民，利泽苍生，不为良相，愿为良医。</p>",
      "level": 0,
      "highlight": false,
      "children": [
        {
          "id": "aa24d1853aa09b66ecc6c8b3c69497b7",
          "author": "JOJO",
          "time": "2022年06月29日 07:52",
          "content": "<p>我们老百姓的想法和你一样，可惜，中国的资本家太大。捍卫不动，唉</p>",
          "level": 1,
          "highlight": false,
          "children": []
        },
        {
          "id": "4ee9266f54dfe7f879c72e55842b1781",
          "author": "苏粟",
          "time": "2022年11月07日 07:24",
          "content": "<p>不是领导不想用中医抗疫，而是利益集团的势力太大，大到常人无法想象</p>",
          "level": 1,
          "highlight": false,
          "children": []
        }
      ]
    },
    {
      "id": "47da54ec5d4c0b998cdff61aa1a7734b",
      "author": "Tommy",
      "time": "2022年04月16日 20:19",
      "content": "<p>如果领导层真的为有疗效的中医着想，早就宣传清肺排毒汤了，而不是到了2022年还在到处派发莲花清瘟胶囊，现在整个大陆大部分人都认为中医=莲花清瘟胶囊，大量年轻人反中医都是因为这种严重败坏中医声誉的行为导致的。</p>",
      "level": 0,
      "highlight": false,
      "children": [
        {
          "id": "ebc5095b9f0cb14af2c720eb2a4b051f",
          "author": "內經初學者",
          "time": "2022年04月23日 11:04",
          "content": "<p>換一個角度去想這個現狀：如果醫聖的經方把瘟疫給控制了，你讓四個偉大拿什麼去動態、靜態，N態？</p>",
          "level": 1,
          "highlight": false,
          "children": []
        }
      ]
    },
    {
      "id": "67014e7baf5c6b473307710f2107f40f",
      "author": "cry",
      "time": "2022年04月16日 20:47",
      "content": "<p>都是生意，有些人巴不得疫情晚点结束呢，哈哈。</p>",
      "level": 0,
      "highlight": false,
      "children": []
    },
    {
      "id": "1a3a234cc53dcee332a2fbd1945d767b",
      "author": "Yingnan",
      "time": "2022年04月17日 20:18",
      "content": "<p>前几天注意到2018年高盛的一份研究报告被重新拿出来说，<br/>\n报告的题目是《能让病人治愈的商业模式不具备可持续性》。<br/>\n这个时代，很多事真的无奈。</p>",
      "level": 0,
      "highlight": false,
      "children": []
    },
    {
      "id": "6222aaeaa23919979022bc337c233eae",
      "author": "Vincent.Do",
      "time": "2022年04月18日 12:06",
      "content": "<p>1、中医简便效廉对增加经济收入实在有效，提高价格大众又不认可。<br/>\n2、“正规军”中医疗效不能让百姓满意，所以去的人、了解的人不多，加上年轻人从小接触中医少，很多少甚至不知道还有中医科。沦为不过是西医的配角这样的尴尬境地。<br/>\n3、民间中医虽高手如云，但多年来因法律准入问题，多数只能“默默无闻”；即使开放了中医确有专长的考试，也是“蜀道难，难于上青天”。<br/>\n。。。。。。<br/>\n诸此种种，疗效再好，始终是不起点的配角，国家再重视，上下各环节不能打通，尤其是民间中医各路高手难以或无法显现，难！</p>",
      "level": 0,
      "highlight": false,
      "children": []
    },
    {
      "id": "656bafa4f615927c4bf3735fb3ffdd81",
      "author": "秦嗷嗷",
      "time": "2022年04月18日 04:58",
      "content": "<p>李医师，您好！可否发一些治疗新冠医案，比如那种全舌苔黄厚的那种，想看一下您的治疗思路，谢谢李医师！</p>",
      "level": 0,
      "highlight": false,
      "children": [
        {
          "id": "f51e449cbb895ed8bcd1a283f6525966",
          "author": "李宗恩",
          "time": "2022年04月20日 10:10",
          "content": "<p>2020年就已經討論了許多，你可以在網頁上查詢。</p>",
          "level": 1,
          "highlight": true,
          "children": [
            {
              "id": "169adaf5380309da5607c755ee990134",
              "author": "秦嗷嗷",
              "time": "2022年04月20日 22:04",
              "content": "<p>好的李医师~</p>",
              "level": 2,
              "highlight": false,
              "children": []
            }
          ]
        }
      ]
    },
    {
      "id": "e8199bffb0a2dfca70cc04a7f55f3100",
      "author": "強尼",
      "time": "2022年04月18日 23:45",
      "content": "<p>針對新冠肺炎很久之前李醫師在網站上有公佈新冠肺炎通用方。而目前新冠肺炎也已經經過幾次變異，主要症狀也與當初有些差異。請教李醫師當時的新冠肺炎的通用方是否有新版本的更新 ? 請您賜教，謝謝 !</p>",
      "level": 0,
      "highlight": false,
      "children": [
        {
          "id": "f124bbd1b38a241c8e546644cf77e097",
          "author": "李宗恩",
          "time": "2022年04月20日 10:14",
          "content": "<p>目前看來，診所通方依然對Omicron有不錯的效果，不過，Omicron症狀輕很多，通方劑量得減少，同時每個個案不一樣，通方只是應急，還是應該找專業中醫師看診。</p>",
          "level": 1,
          "highlight": true,
          "children": []
        }
      ]
    },
    {
      "id": "d1d298f5f49fbb36ffd7913cf6fded1c",
      "author": "david",
      "time": "2022年04月19日 01:38",
      "content": "<p>病人都治好了，要賺什麼錢</p>\n<p>大陸現在瘋狂的篩檢，因為這是一門好生意<br/>\n上海也不是習的地盤</p>\n<p>台灣也是一樣，快篩一劑賣到300台幣也是為了錢<br/>\n高端怎麼炒的，炒到誇張的股價<br/>\n更何況還是一個假博士總統</p>\n<p>能寄望他們二個？還是自立自強吧，反正台灣接下來要打小孩和成人的第四劑了（也是沒用的）</p>\n<p>疫苗也是錢，統統都是錢</p>",
      "level": 0,
      "highlight": false,
      "children": []
    },
    {
      "id": "d24d38fb4a9dc5a2a07e0b0bdc40a898",
      "author": "金喜鸟",
      "time": "2022年04月25日 21:05",
      "content": "<p>我认为是疫苗造成了这次疫情.越是疫苗,越是疫情!</p>",
      "level": 0,
      "highlight": false,
      "children": []
    },
    {
      "id": "1d7a633f8ef73b07bde9694f2d99278a",
      "author": "永恒的爱恋",
      "time": "2022年04月27日 19:58",
      "content": "<p>大陆坚持围歼病毒的方针还是正确的，不然会死很多有基础疾病的老年人。这是大家所不愿意看到的，至于中医药的应用，不是某个人三言两语就能改变现状的，一旦面对大量的重症患者，中医也未必敢于出手，毕竟现在的大环境如此，很多有能力的中医师都选择明哲保身。而法律法规对中医师的保护是很不足的，这很难短期内改变。换个角度来说，一旦中医被大部分人所认可，投机的资金就会疯狂涌入，从目前中药材的涨价就可见一斑。到时候普通的最早支持中医药的那一批人很可能也吃不起中药了。</p>",
      "level": 0,
      "highlight": false,
      "children": []
    },
    {
      "id": "93766041229aa2defee588d5bbb7c948",
      "author": "Eddie",
      "time": "2022年04月28日 12:37",
      "content": "<p>李醫師您好：我看了許多您發表的關於新冠的防疫中藥方，如果平常沒有時間煮中藥湯，是否可以使用仙豐的科學中藥單方來調配來預防呢？謝謝您！</p>",
      "level": 0,
      "highlight": false,
      "children": [
        {
          "id": "0476d924851d769e8150ed64902f8e50",
          "author": "李宗恩",
          "time": "2022年05月03日 11:10",
          "content": "<p>預防可以使用粉劑。</p>",
          "level": 1,
          "highlight": true,
          "children": [
            {
              "id": "3670e92277bec87c59029cfc06f81a22",
              "author": "Eddie",
              "time": "2022年05月03日 18:39",
              "content": "<p>李醫師 您好：<br/>\n謝謝您的回覆，我日前也已經去中藥行抓了您的新冠的防疫中藥方（桂枝乾草乾薑五苓散–大眾防疫方），但是因為早上需要上班忙為忙碌，只有晚上才有時間煮湯藥給全家人喝，所以目前早上服用科學中藥，晚上喝現煮的湯藥，請問防疫方是需要天天喝嗎？還是服用多久停幾天後再服用呢？再請李醫師有空的時候能回覆一下，感謝您！</p>",
              "level": 2,
              "highlight": false,
              "children": [
                {
                  "id": "a13ce72193936767ba23a00021b8350e",
                  "author": "李宗恩",
                  "time": "2022年05月13日 10:25",
                  "content": "<p>預防方是提高抵抗力，不是避免感染。每個人情況不一樣，一般人當茶飲來喝即可，風險高的醫療人員可以每天服用。</p>",
                  "level": 3,
                  "highlight": true,
                  "children": []
                }
              ]
            }
          ]
        }
      ]
    },
    {
      "id": "1c7feaf62de9ce20c5a7f59ead95923f",
      "author": "Eddie",
      "time": "2022年04月28日 12:58",
      "content": "<p>李醫師 您好：<br/>\n最近看了很多關於您在網上所發表的關於預防新冠的預防方，例如五苓散或桂枝湯加減，如果平時比較沒有時間煎煮中藥的話，是否能夠以科學中藥來代替呢？謝謝！</p>",
      "level": 0,
      "highlight": false,
      "children": []
    },
    {
      "id": "61b3153ec7faf3c7404c79248dd029cc",
      "author": "楊",
      "time": "2022年04月28日 13:23",
      "content": "<p>兩岸防疫模式完全不同為何混為一談?</p>",
      "level": 0,
      "highlight": false,
      "children": [
        {
          "id": "b34bdf8654df6560fb8c26957623fbc0",
          "author": "李宗恩",
          "time": "2022年05月03日 11:13",
          "content": "<p>台灣的思維依然環繞在檢疫、隔離、疫苗等，所謂推展中醫抗疫，也只是本末倒置地發送清冠一號。</p>",
          "level": 1,
          "highlight": true,
          "children": []
        }
      ]
    },
    {
      "id": "081f44c7e16acff20830d706fdbaf98e",
      "author": "中醫愛好者",
      "time": "2022年05月09日 03:59",
      "content": "<p>我家裡準備好的防疫藥方，就是李醫師開的通方， 只要家人哪一個有確診就馬上煮來喝，只是很可惜因為現在清冠一號在台灣熱賣，很多跟清冠1號相關的中藥材都翻倍的在漲價，甚至很多中藥房都會沒有貨，因為都被大廠收購去， 導致很多明明是便宜的藥材，價格確被拉高</p>",
      "level": 0,
      "highlight": false,
      "children": []
    },
    {
      "id": "d77aac29d88d8ebcbf7fc80c8f7b1403",
      "author": "陈应超",
      "time": "2022年06月30日 07:48",
      "content": "<p>有些心痛，之前我看到大青龙汤的有效案例，真的很自豪，但是主流媒体没一个报道的，没大众参与这一项光荣时刻，但是现在看评论说大众认可会导致药材涨价又有点恐惧，不知道咱们中医该如何自处在这尴尬的时代</p>",
      "level": 0,
      "highlight": false,
      "children": []
    },
    {
      "id": "bf312e9584ebebfb3e9d275439bcf746",
      "author": "何均",
      "time": "2022年10月22日 05:34",
      "content": "<p>李医生，您好，我向 <a href=\"mailto:info@youngQi.com\">info@youngQi.com</a> 发了一封求诊信息，希望能被您看到。</p>",
      "level": 0,
      "highlight": false,
      "children": []
    }
  ],
  "page": 11,
  "order": 4,
  "filename": "data\\page11\\page11_order3_4ee9266f54dfe7f879c72e55842b1781.json"
}