{
  "article_url": "https://andylee.pro/wp/?p=8138",
  "title": "疫情下的焦慮",
  "content": "<p>新冠肺炎疫情在美國越演越烈，已經超過一百三十萬人確診，近八萬人病逝。目前政府健康醫療機關估計，因新冠肺炎病逝的美國居民可能會超過十三萬人。然而，許多州都在經濟壓力下，即將開放活動限制，甚至有許多郡及城鎮等不及聯邦及州政府的指示，已經取消居家避疫（Shelter in Place），這讓控制疫情的困難度大幅增加。</p>\n<p>這次是美國一百年來最嚴重的瘟疫，美國醫療系統裡仍沒有特效藥。即使瑞德西韋（Remdesivir）被美國FDA批准臨床使用，目前試驗結果也僅僅是平均恢復時間由安慰劑組的15天減為11天，死亡率由安慰劑組的11.6%減為8.0%。許多專家認爲在無法嚴格控制變因下，這樣的統計數字仍無法説明瑞德西韋的有效性，加上在中國做的臨床試驗得出相反的結論，認爲瑞德西韋無效，這讓社會大衆對瑞德西韋無法產生足夠的信心。另外，每天在網路上、報紙上看到的「重大突破」，標題似乎是什麽大好消息，仔細看内容才發現，所謂的 「重大突破」 讓人更加失望。譬如，這幾天有個 「重大突破」的新聞報道，一些專家們認爲抗凝血劑對新冠肺炎有幫助，然而，仔細看他們的結論，卻是抗凝血劑並無法真的降低死亡率，而是讓病人多存活幾天之後才病逝！</p>\n<p>在這樣大量確診及病逝人數下，又看不到什麽有效的治療方法，很多人變得很焦慮，晚上睡不好，爬起來上網查詢各種新冠肺炎的新聞，好像錯失一則新聞就會感染到新冠病毒似的。白天也非常緊張，華人超市中常常看到有人戴三四層口罩，手戴外科橡膠手套，背包旁褂著大瓶的乾洗手劑及噴霧消毒劑，有人稍微走近他們時，便好像看到僵屍一樣，嚇得把手上剛拿起來的物品放回架上，匆匆忙忙逃離現場。也有很多人，每天都得把所有東西消毒一次，不但每天洗手幾十次，家裡所有東西都得消毒，郵差送來的信件包裹要消毒，自己帶回來的食物也要消毒。有人洗手洗到皮膚紅疹過敏，消毒消到自己吸入大量的揮發氣體，也還是得繼續下去，在醫學上已經算是焦慮症及强迫症了。</p>\n<p>自從新冠肺炎疫情爆發後，診所診治這樣失眠、焦慮、强迫症的病人人數增加許多，這些人自己也不願意這樣，但是，極度的擔心及害怕把他們打倒了，讓他們發現自己内心的恐懼竟然可以如此巨大。這樣的情況，我們不能責怪他們，當外面世界像電視影集 「 陰屍路 」 （The Walking Dead）般的大規模感染，現代醫療系統束手無策，政客們又只會相互推卸責任，看不到強而有力對抗疫情的行動時，内心極度的恐懼與焦慮是可以理解的。</p>\n<p>然而，這些害怕焦慮的人們，不是沒有其它的選擇。疫情大發後，很多人在保護自己及家人的動機下，開始認真去了解冠狀病毒的歷史、上次SARS非典肺炎的疫情發展，以及這次世界各地對抗新冠肺炎的情況。許多人看到了中醫治癒新冠肺炎的訊息，雖然以前不一定認識中醫、相信中醫，他們願意保持開放的態度，花時間去研究不同地區傳出來的中醫治療病例，分辨真假與療效。當他們了解到中醫確實可以治癒新冠肺炎危急重症病例後，即使不一定能直接聯絡到那些參與治療的中醫師們，至少知道新冠肺炎並非「無解」，心中的壓力與恐慌也就放下了大半，不再感到如此的無助，每天的生活變得踏實多了，剩下來的只是政府居家避疫（Shelter in Place）政策下的不方便。</p>\n<p>卻也有許多人，即使把真實、驗證過的中醫治癒病例擺在他們面前，他們還是拒絕去稍稍了解一下，寧可無助地等待「氯喹」（Chloroquine）、「羥氯喹」（Hydroxychloroquine）、瑞德西韋、血漿療法、抗凝血劑療法等等被證明為特效藥，等待疫苗明天就神奇般地冒出來，一次又一次地失望，內心的恐懼及擔心不斷加重，即使明天超級特效藥真的出現了、全世界新冠肺炎疫情退盡了，焦慮症及强迫症可能已經揮之不去，將伴隨他們一輩子。</p>\n<p>這樣嚴重的疫情，不但考驗人們善惡的本性，也讓很多人露出他們真實的自己（true color）。一個人在如此嚴重疫情下可以選擇幫助別人還是自私自利，一個人也可以選擇要不要放下自己的偏見與無知，只要自己願意承擔選擇的結果（consquence），沒有人可以強迫其他人做選擇。不過，以一位臨床中醫生的角度而言，我還是建議大家別去選擇焦慮症及强迫症吧！</p>",
  "article_time": "2020年05月08日 18:22",
  "comments": [
    {
      "id": "11cc6b2d383b3defabcc9b9842941bcb",
      "author": "QuaSyLaTic Andrew",
      "time": "2020年05月08日 18:57",
      "content": "<p>这次的疫情，我们可以看到西医的限制，小弟觉得是世人的观念问题。就是那些人知道西医不靠谱，认为中医才能有帮助，可是他们也有许多不齐全的观念，比如，</p>\n<p>有的也在期待疫苗。。</p>\n<p>COVID19 希望在疫苗? 我们怎么办？<br/>\n<a href=\"https://youtu.be/6as8r9zeHZs\" rel=\"nofollow ugc\">https://youtu.be/6as8r9zeHZs</a></p>\n<p>有的知道免疫力的重要，可是，到底什么是免疫系统？。。。</p>\n<p>到底什么是免疫系统？<br/>\n<a href=\"https://youtu.be/WEo9GqrZxz0\" rel=\"nofollow ugc\">https://youtu.be/WEo9GqrZxz0</a></p>\n<p>有的人的思维也常常被西医专家影响。。。</p>\n<p>神秘的血块是Covid-19的最新致命伤<br/>\n<a href=\"https://youtu.be/LbLAXlxFHBs\" rel=\"nofollow ugc\">https://youtu.be/LbLAXlxFHBs</a></p>\n<p>你们还有什么其他的观察？</p>",
      "level": 0,
      "highlight": false,
      "children": []
    },
    {
      "id": "a7bd7c6739b9267bbcae677008026e67",
      "author": "shawn",
      "time": "2020年05月08日 20:57",
      "content": "<p>曹彬回应瑞德西韦中美结论迥异：评价标准不同，美方改过标准</p>\n<p>针对中美临床试验得出结论差异较大的疑问，瑞德西韦中国临床试验负责人曹彬教授回应澎湃新闻记者称：“这是两项不同的研究，评价标准不一样。”</p>\n<p>曹彬教授向澎湃新闻记者举例称，假设一个人身高1.75米，另一个人身高1.7499米，可以得出第一个人更高的结论吗？如果标准精确到1毫米，那第一个人就更高，如果1毫米忽略不计，那就两个人一样高。原因还是因为评价终点不一样。</p>\n<p>“一开始我们想象瑞德西韦是清华北大的苗子，但是实际上他上不了，家长对他要求太高了。”曹彬说。</p>\n<p>据了解，此次中国团队进行的这项研究，是首个评估了静脉注射瑞德西韦对新冠肺炎成人重症住院患者有效性的随机、双盲、安慰剂对照临床试验。试验于湖北武汉的10家医院进行。研究在未达到预定的样本量的情况下终止。</p>\n<p>4月29日晚，曹彬在接受澎湃新闻（www.thepaper.cn）采访时曾表示，王辰院士全程指导参与了这项试验设计与进行，试验设计非常完善、在研究过程中执行了最严格的标准、实验结果可信度也是最高的。</p>\n<p>英国爱丁堡大学的John Norrie教授（未参与该研究）在《柳叶刀》同期发表的述评文章中评价到：“这项研究设计合理，是一项双盲、安慰剂对照、多中心随机试验，并且实施良好，具有较高的方案依从性，且极少失访。”</p>\n<p>中美试验方案差异，曹彬：美国NIH一开始用的标准和我们是一样的，它后来改了</p>\n<p>中美的临床试验方案具体有何不同？</p>\n<p>据第一财经日报报道，美国NIH和中国发表在《柳叶刀》的研究与设计均为双盲安慰剂对照临床（RCT），用药方案相同。“但是客观讲，中国瑞德西韦研究设计更加严格，科学性更强。”曹彬教授告诉第一财经记者。从主要终点来看，美国NIH设计的指标为临床恢复时间，中国则是设计了基于6分量表的临床改善时间。“NIH的恢复定义比较宽泛，包括住院，但不需要氧疗、出院（但可能仍有活动受限、需要吸氧），相当于我们的1-2级+回家吸氧。”曹彬教授表示。</p>\n<p>中国科学报此前的一篇报道也提到，中国瑞德西韦重症临床试验入组率低与试验设计对患者入组条件严苛有关——两项临床试验分别要求患者在疾病确诊8天内和12天内没有接受过其他治疗。</p>\n<p>对于这一设计，曹彬曾在公开场合多次表示，中国的两项瑞德西韦临床研究与美国NIH、WHO的试验设计相比，最大的差别就是在治疗窗口期方面用了非常严格的标准，而之所以这样设计，是因为他们发现在12天之内药物介入对于治疗新冠肺炎效果显著。</p>\n<p>“美国NIH一开始用的标准和我们是一样的，它后来改了。”曹彬对澎湃新闻记者说。</p>\n<p>澎湃新闻记者尚未联系到美国NIH方面置评。</p>",
      "level": 0,
      "highlight": false,
      "children": [
        {
          "id": "9a3a06da8ebdccb6c545ff197e9ae990",
          "author": "shawn",
          "time": "2020年05月08日 20:58",
          "content": "<p>感覺很多東西普通人看上去很’精準‘’科學‘，但實際上操作空間太大。。</p>",
          "level": 1,
          "highlight": false,
          "children": []
        },
        {
          "id": "53f1c2a3635d35c5c37e25f27dbb406e",
          "author": "李宗恩",
          "time": "2020年05月10日 20:23",
          "content": "<p>謝謝你的分享。</p>",
          "level": 1,
          "highlight": true,
          "children": [
            {
              "id": "f7eaefc3c520d60d3a53d104898c6dab",
              "author": "请教",
              "time": "2020年05月13日 01:28",
              "content": "<p>你好，李大夫，找了很久，才找到倪师的弟子！我现在还不是一名中医师，正在学习中！看了倪师的天纪，很受益，之前也在学习易经！关于阳宅倪师用64卦的方法去调整这块，很是让人耳目一新！但是心中仍然存有疑惑之处，只有找倪师的您来解惑一下：倪师说阳宅要居正位，赞同！但是如果正位的五行和自己的五行相克时，怎么办？我看视频讲课时，没有说这个方面！所以！一直不解！请李大夫代为解惑，深表谢谢！</p>",
              "level": 2,
              "highlight": false,
              "children": [
                {
                  "id": "fc3711bad72eabcfa3863caeba72a7ee",
                  "author": "李宗恩",
                  "time": "2020年05月13日 12:56",
                  "content": "<p>這裡只討論醫學，不討論風水地理的問題。</p>",
                  "level": 3,
                  "highlight": true,
                  "children": [
                    {
                      "id": "9a7a89625060d7396b61134c966419f4",
                      "author": "请教",
                      "time": "2020年05月13日 22:18",
                      "content": "<p>嗯嗯，谢谢！那可以再请问，中国大陆有汉唐医馆么？还有台湾有么？如果有，都请把地址发一下可以么？</p>",
                      "level": 4,
                      "highlight": false,
                      "children": []
                    },
                    {
                      "id": "7199e5f3dc9a15b017d98ea504812a9f",
                      "author": "李宗恩",
                      "time": "2020年05月19日 11:57",
                      "content": "<p>中國大陸叫漢唐的醫館很多，但是真的是倪老師學生、按照倪老師教導方式看診、有足夠臨床功力的，寥寥無幾。</p>",
                      "level": 4,
                      "highlight": true,
                      "children": []
                    }
                  ]
                }
              ]
            }
          ]
        }
      ]
    },
    {
      "id": "909c1f0bce8866c85d5e880298520c45",
      "author": "毛菊",
      "time": "2020年05月09日 05:59",
      "content": "<p>有点中医知识的人，心理才有点底气吧！</p>",
      "level": 0,
      "highlight": false,
      "children": []
    },
    {
      "id": "4d0fa2cd57da8b9aeec7f7b798d26c2d",
      "author": "QuaSyLaTic Andrew",
      "time": "2020年05月10日 02:20",
      "content": "<p>大家有没有看到如此的问题。。。</p>\n<p>相信黄帝内经 (中医)也相信西医的矛盾<br/>\n<a href=\"https://youtu.be/paMFI0zoWxU\" rel=\"nofollow ugc\">https://youtu.be/paMFI0zoWxU</a></p>",
      "level": 0,
      "highlight": false,
      "children": []
    },
    {
      "id": "98805c0331697fc138969e3b6c0e7d15",
      "author": "Jonson Ku",
      "time": "2020年05月10日 18:33",
      "content": "<p>請允許與李醫師您分享一個醫案，只是才開始。年近50的一位婦女，在幾個月前，小腹腫脹接近於懷孕10個月那樣，小便不通，而且腹水開始蔓延到肺部，無法不能躺下睡覺，躺下後就喘和咳嗽，只能坐在那裡睡覺，真的好可憐，常年四肢冰冷，幾乎冷到膝蓋，找了幾個中醫，開了幾付湯後，說還是去醫院吧。實在沒辦法，去醫院手術，把腹水排掉（西醫說惡性腫瘤），腹部也拿出來一些東西，肺積水也抽掉。這家醫院也很可惡，不做化療不給出院，只能做了一次化療，才出來。也是萍水相逢，有緣得見。剛出院時候，白天昏昏沉沉，晚間無法入睡。就開了十全大補湯，加梔子豆豉湯，她說很喜歡聞當歸的味道，第一碗喝下後，身體感受到在變換，已經連續好幾天晚上能整夜入睡。這位婦女的體質屬於很寒涼的，接下來打算以茯苓四逆湯+桂枝湯+五苓散做加減，把她的水道系統調整下和手腳冰涼的問題解決掉，桂枝湯來調和陰陽。</p>",
      "level": 0,
      "highlight": false,
      "children": [
        {
          "id": "78b648b152b22c088b2966d7cccbb230",
          "author": "李宗恩",
          "time": "2020年05月10日 20:29",
          "content": "<p>謝謝你的分享。</p>",
          "level": 1,
          "highlight": true,
          "children": []
        }
      ]
    },
    {
      "id": "76129523fae961edfa3f2db1afc82f81",
      "author": "趙建發",
      "time": "2020年05月11日 18:22",
      "content": "<p>對於細胞激素(炎症)風暴的不同觀點</p>\n<p>台灣團隊找出治新冠肺炎中藥方 最快8天驗無病毒》<br/>\n<a href=\"https://udn.com/news/story/120940/4556063\" rel=\"nofollow ugc\">https://udn.com/news/story/120940/4556063</a><br/>\n蘇奕彰所長表示，其處方除了清除病毒，還能抑制重症患者體內的「細胞激素風暴」，避免免疫系統失控。</p>\n<p>對發生細胞激素風暴的了解，我不是引用西醫的解釋，西醫認為炎症風暴致命是免疫過度，我有另一種觀點以新冠肺炎為例就是病毒在肺部持續的繁殖終於引來身體大量的免疫細胞圍剿，發生了劇烈戰鬥引發了嚴重的炎症反應而引起肺炎及發燒，但免疫細胞似乎不太適合在溼氣重有水的地方戰鬥，所以雖然一直增援兵力但仍舊沒辦法剿滅病毒敵軍，有可能最後因為產生炎症風暴而喪命，我是認為免疫細胞不是反應過度而是在不適合的地方戰鬥，打不贏只好求援但雖然增兵仍戰敗才引發炎症風暴，如果中醫此時把痰及水清除，而使戰場有利於免疫細胞則戰局就能逆轉，不致造成最後的炎症風暴。</p>\n<p>新冠病毒在人體生存之旅的遐想<br/>\n<a href=\"https://chao.nidbox.com/diary/read/10012914\" rel=\"nofollow ugc\">https://chao.nidbox.com/diary/read/10012914</a><br/>\n以上的文章想表達的是有些身體的症狀是身體免疫及驅走病毒的反應如打噴嚏、咳嗽，但有些身體產生的反應可能是病毒為了改造宿主體內的環境而讓其適於生存所產生的如把肺部改造成水多溼氣重的地方，並使自己不斷變異而讓它更容易在人體其他組織及器官生存。</p>",
      "level": 0,
      "highlight": false,
      "children": [
        {
          "id": "03d1e1e24a9384d29f6fb43ef0f50290",
          "author": "李宗恩",
          "time": "2020年05月13日 12:54",
          "content": "<p>這類的猜測，並非中醫的思維，重點在於這樣的想法對臨床治療有沒有實質幫助，而非只是想辦法把這個西醫觀點連接到那個中醫觀點。如果台灣能使用中醫治療新冠肺炎，那會是好事，只是比其它地方晚了三個月，實際臨床病例也不多，或許應該保持開放的態度去了解已經治癒出院的確診重症病例，而非宣傳什麼「獨門中藥配方」及西醫思維下的中藥應用。</p>",
          "level": 1,
          "highlight": true,
          "children": [
            {
              "id": "cffb7a1797fb023b595ae441a3b0aaf3",
              "author": "趙建發",
              "time": "2020年05月14日 18:15",
              "content": "<p>您說而非宣傳什麼「獨門中藥配方」及西醫思維下的中藥應用。</p>\n<p>非常同意您的觀點！但這是西醫政策下中醫的無奈。</p>",
              "level": 2,
              "highlight": false,
              "children": []
            },
            {
              "id": "4b92714322dea7f07e9e9085966702fb",
              "author": "沈煇峰",
              "time": "2020年05月15日 02:20",
              "content": "<p>完全贊同李博士您的看法！</p>",
              "level": 2,
              "highlight": false,
              "children": []
            }
          ]
        }
      ]
    },
    {
      "id": "d01bbca825102f770c0e85a0ed367503",
      "author": "毛菊",
      "time": "2020年05月12日 20:44",
      "content": "<p>李医师，我居住的地区现在是疫情高峰期，不过现在政府下令复工，旅游区的店全部恢复营业，是不是会导致疫情更严重社会更乱？因为在美国本来戴口罩也不是常态。要过一星期就会是夏天的温度，最近两天还是零下。</p>",
      "level": 0,
      "highlight": false,
      "children": [
        {
          "id": "2892dfc7c6812356c4ebcd336258054b",
          "author": "李宗恩",
          "time": "2020年05月13日 12:26",
          "content": "<p>沒有有效治療的方法時，只能等待病毒傳染力隨季節變化而降低，美國醫療系統不考慮中醫，問題會拖很多。</p>",
          "level": 1,
          "highlight": true,
          "children": [
            {
              "id": "ec24181ec6ba81d994444a2a5fb8cebf",
              "author": "趙建發",
              "time": "2020年05月14日 18:09",
              "content": "<p>謝謝您的點評！我會注意</p>\n<p>其實西醫沒有這觀點所以細胞激素風暴才認為是免疫過度反應，而我只是覺得這個觀念似乎有點問題，臨床上中醫用澤漆湯或千金葦莖湯治療肺中痰飲非常有用，而西醫肺積水只是用利尿劑，再惡化就無計可施。</p>\n<p>另外彰基的中醫也做出了可喜的結果<br/>\n比對以下的結果發覺用中藥讓採檢3次陽性很快轉為陰性，是否那時台商應該儘速服用中藥可節省很多醫療資源？</p>\n<p>中醫治新冠肺炎也有效！味覺2天恢復、陽性2週轉陰<br/>\n<a href=\"https://www.commonhealth.com.tw/article/article.action…\" rel=\"nofollow ugc\">https://www.commonhealth.com.tw/article/article.action…</a><br/>\n像有2位患者已經沒有症狀了，但因第3次採檢為陽性，需持續住院隔離，服用中藥治療1至2週後，檢驗結果轉陰性，順利出院。「濕邪的特性是纒綿難解、反覆發作，因此也對應到新冠肺炎病患後期病毒核酸採檢，反覆陰性復陽的特性，」</p>\n<p>抱怨味覺變差、食慾不佳的案例，則是服用中藥2天後味覺改善、食慾也變好了。</p>\n<p>以中醫治療6例結果確有看到療效，後續追蹤也未見到病患出現喘、咳、累等疑似肺纖維化的症狀。</p>\n<p>金巴黎台商住院79天終於出院？！莊人祥：應該是有好消息<br/>\n<a href=\"https://heho.com.tw/archives/78230\" rel=\"nofollow ugc\">https://heho.com.tw/archives/78230</a><br/>\n台商從住院至今，已經過去了70多天，遲遲沒有傳出出院消息。中央流行疫情指揮中心專家諮詢小組召集人張上淳在4月9日也做出回應：「這名台商的確是我國目前最強個案、很特例。他並沒有免疫不全或是癌症疾病，確實兩次陰性過然後又變成陽性，陽性幾天後又變陰性，最近幾次仍是非常弱的陽性。」張上淳也坦言，確實因此該患者心情是有受到一點影響。</p>",
              "level": 2,
              "highlight": false,
              "children": []
            }
          ]
        }
      ]
    },
    {
      "id": "a6cd6ec2a4c4965400ad56007470cb7c",
      "author": "無為",
      "time": "2020年05月13日 07:13",
      "content": "<p>李博士，学习完你网站的所有文章，以及倪海厦先生网站（汉唐中医）的文章，好像发现都没提到中医有关治疗西医名称的强直性脊柱炎的文章。我们老师说此病只能控制，不能治愈。据老师说他运用的督灸疗法（据说加了麝香等药物）为治疗此疾病的最有效方法之一，但也只是控制。请问你是怎么看待这个疾病的。</p>",
      "level": 0,
      "highlight": false,
      "children": [
        {
          "id": "06da4d4ccaa91349d271e468fe7c40d6",
          "author": "李宗恩",
          "time": "2020年05月13日 13:05",
          "content": "<p>倪老師和我都有治好過僵直性脊椎炎的病例。如果你的老師說外治灸法是僵直性脊椎炎最有效的中醫治療，卻又只能控制病情，或許代表他的中醫知識及臨床功力還有待加強，不應該傳授似是而非的資訊。外灸的熱力及深入程度，是無法和生硫磺、附子、烏頭等相比的。</p>",
          "level": 1,
          "highlight": true,
          "children": [
            {
              "id": "354691af196971464c29b15e831028d0",
              "author": "無為",
              "time": "2020年05月13日 16:54",
              "content": "<p>谢谢李博士，以及倪海厦先生，你们让我重新认识了中医，看到了中医的高度。对中医充满了信心。<br/>\n 内经:’言不可治者，未得其术也’。此句话果真一点都不假。</p>",
              "level": 2,
              "highlight": false,
              "children": []
            }
          ]
        }
      ]
    },
    {
      "id": "7dba3b29d33bcd24862d36a080817169",
      "author": "陸仁賈",
      "time": "2020年05月13日 21:51",
      "content": "<p>台灣終於也有醫院開竅了，希望政府修法，開放病人可以自由選擇醫療方式<br/>\n<a href=\"https://m.commonhealth.com.tw/article/article.action?nid=81509&amp;utm_source=chfacebook&amp;utm_medium=social&amp;utm_campaign=dailypost-05-13-editor&amp;from=fbshare&amp;fbclid=IwAR1JPQeixY_cK4ymI7vDB6IkiYzF845ouV8tFVUECO0YOWYyDYvGQp1ygms\" rel=\"nofollow ugc\">https://m.commonhealth.com.tw/article/article.action?nid=81509&amp;utm_source=chfacebook&amp;utm_medium=social&amp;utm_campaign=dailypost-05-13-editor&amp;from=fbshare&amp;fbclid=IwAR1JPQeixY_cK4ymI7vDB6IkiYzF845ouV8tFVUECO0YOWYyDYvGQp1ygms</a></p>",
      "level": 0,
      "highlight": false,
      "children": [
        {
          "id": "e462e11bf9bc760619ea3ea923f8a365",
          "author": "李宗恩",
          "time": "2020年05月19日 11:49",
          "content": "<p>能使用中醫治療是好事。</p>",
          "level": 1,
          "highlight": true,
          "children": []
        }
      ]
    },
    {
      "id": "4bee53ff5634349ec2a18fa646dd491d",
      "author": "毛菊",
      "time": "2020年05月14日 06:38",
      "content": "<p>现在武汉花两亿人民币给每个人检测，因为又有6个新增病例了。 武汉的天气很热，最近下雨很多很罕见。另外，听说最近美国儿童新增病例很多。</p>",
      "level": 0,
      "highlight": false,
      "children": [
        {
          "id": "5769878e1c892d6e05d53f03190e5887",
          "author": "李宗恩",
          "time": "2020年05月19日 11:59",
          "content": "<p>新型冠狀病毒可能不會真的消失，而是成爲另一種長年在地球上傳染的病毒。</p>",
          "level": 1,
          "highlight": true,
          "children": []
        }
      ]
    },
    {
      "id": "88854834a6a92eadfcb29a1045ea8aad",
      "author": "无显示",
      "time": "2020年05月14日 15:37",
      "content": "<p>6岁半小男孩有精神创伤2年了，（才开始预约儿童心理咨询师，之前被他爸封口，现在也是只能偷偷让小孩跟child therapist 聊）孩子晚上睡觉之前或白天累的时候会说怕噩梦（持续了2年）牙齿全坏也被钻和补了假牙，婴儿的牙都没有掉。小孩三分之二时间跟他爸住，他爸有心理变态和虐待孩子。中国人在这里受歧视，法庭很黑暗。<br/>\n上周末给孩子喝了四天的柴胡牡蛎龙骨汤，他没有提起怕噩梦，不过也非常焦虑（他想自立记住并可以自由去找妈妈）昨晚他又提起怕噩梦。</p>\n<p>平时看他颜色苍白，口渴，唇干，无食欲。就给他准备了黄芪建中汤10剂在喝，还有给他吃一些麦芽糖。跟我住的三分之一时间我都三餐中餐做给他，每次来的时候脸色苍白，住几天脸色红润了，下次来，又是苍白。</p>\n<p>对了，孩子4岁半之前都是我每时每刻带大的，突然他就被带走2个月完全不见，自从跟我分开之后，孩子尝试过灵魂出窍来找我找吃的，听说他也梦游过。<br/>\n这么小的孩子，三分之二生活的时间不能发声，有他爸恐吓他，有电视陪他。三分之一时间在我这里他是安全的。<br/>\n请问李医师，您有什么建议给我支持这个孩子？</p>",
      "level": 0,
      "highlight": false,
      "children": [
        {
          "id": "d1c7a6fbee843b7b04f15326cffff367",
          "author": "李宗恩",
          "time": "2020年05月19日 12:07",
          "content": "<p>很同情你們的情況，如果外在因素嚴重且無法去除，任何治療的效果都會非常有限，與其嘗試各種不同的中藥，不如先把心思花在解決外在問題上。你的家庭問題，在美國常聽到，不過，還是有很多可以幫助你們的機構及社會團體，只是你得積極的去找去聯絡。</p>",
          "level": 1,
          "highlight": true,
          "children": [
            {
              "id": "42fe3be39ff84d0e42a5abdf5e5180f6",
              "author": "无显示",
              "time": "2020年05月23日 09:31",
              "content": "<p>李医师，我会继续找机构。之前花了两年心思去跟机构沟通，这个漫长。我看您讲过治疗心理疾病的经验，例如ADHD，用小建中汤和酸枣仁汤，我有熟人叫我给孩子用小建中汤，孩子过去也莫名生气和愤怒，打自己。我自己找儿童心理治疗师谈话两年了，我被告知除非孩子不再跟他父亲一起住了，要不然这个精神创伤会一直伴随直到他可以自己选择的年龄，她见过很多孩子因为家庭暴力的环境一般都无解，在安全和不安全的环境中往返。感谢您的回复！</p>",
              "level": 2,
              "highlight": false,
              "children": []
            }
          ]
        }
      ]
    },
    {
      "id": "ece56311b9e50c3152fd8fbe9142fc6e",
      "author": "姑射山清风",
      "time": "2020年05月15日 18:14",
      "content": "<p>宁要讨饭的娘，不要当官的爹，孩子太可怜了，这么小的孩子，就要承受那么多恐惧和痛苦，你还是想办法让他跟着你吧。<br/>\n只有爱才能治愈他，别让你自己抱憾终生！</p>",
      "level": 0,
      "highlight": false,
      "children": [
        {
          "id": "15b20755079f75bc4fbe99e3a550ba47",
          "author": "无显示",
          "time": "2020年05月16日 20:11",
          "content": "<p>我的生活连工作都要根据小孩的作息来选择，除了以小孩为中心我没有其它心思。但美国的社会加黑暗的法庭，我找不到翻身的路。不是我不要孩子跟我一起，我的任何权利都给剥夺，只有探视权。</p>",
          "level": 1,
          "highlight": false,
          "children": []
        }
      ]
    },
    {
      "id": "2c3b26db2d714214681c02c902e85a95",
      "author": "Alena",
      "time": "2020年05月26日 21:48",
      "content": "<p>美国疫情的情形感觉已经上升到了全球政治level，美国对华为5G技术打压、对病毒来源问题的质疑、对经济全球化的否定以及对港澳台问题干预等，现在VPN对国外公司以及国外一些信息平台的访问权限都被限制了，看外文资料也越来越困难了，只能去图书馆了</p>",
      "level": 0,
      "highlight": false,
      "children": [
        {
          "id": "a991d17a01a01e5fbb964250c2229679",
          "author": "李宗恩",
          "time": "2020年05月27日 10:03",
          "content": "<p>在現在這個國際社會中，政治因素及商業利益走在臨床醫療的前面。</p>",
          "level": 1,
          "highlight": true,
          "children": []
        }
      ]
    },
    {
      "id": "087063549ad0a3d0004d17ba12be2a2b",
      "author": "厚德载物",
      "time": "2020年06月20日 14:41",
      "content": "<p>李老师，您好，请问12周岁的孩子左边胸椎突出明显，是什么原因？有办法治吗？</p>\n<p>我知道中医的伟大，目前也在网上学习倪师的针灸和内经（<br/>\n神农本草还没开始学），特别受益！特别感恩倪师的大爱！也感恩有您和其他一些经方医师们的一切努力！真诚地希望能得到您的帮助。</p>",
      "level": 0,
      "highlight": false,
      "children": [
        {
          "id": "5e095ebac360d3abe01fc228c4e129fd",
          "author": "李宗恩",
          "time": "2020年06月26日 20:54",
          "content": "<p>單憑一個症狀是無法深入了解問題的，同時，幼小小孩還在發育，本來就可能各部份的骨骼肌肉發育的速度不一樣，左右不一定對稱，身體比例也不一定標準。</p>",
          "level": 1,
          "highlight": true,
          "children": []
        }
      ]
    }
  ],
  "page": 21,
  "order": 2,
  "filename": "data\\page21\\page21_order1_a7bd7c6739b9267bbcae677008026e67.json"
}