{
  "article_url": "https://andylee.pro/wp/?p=8031",
  "title": "中工會網路座談：經方中醫在COVID-19醫療上的效果",
  "content": "<p>新冠病毒造成全球天翻地覆，西醫藥到目前為止，尚沒有好的治療方法及疫苗，還是依靠病人自身的免疫能力。而溯源到東漢醫聖張仲景的傷寒雜病論的中醫經方派，在抗疫過程中展現了優異的效果。在矽谷李宗恩中醫師指導下並透過遠程視訊問診，河南開封通許縣人民醫院（西醫院）以「中醫治療、西醫檢測」，快速治愈新冠病人。而李醫師在美國也透過視訊診療協助了多位美國病人快速康復。李醫師在過去近兩個月已多次受媒體採訪，並有視訊活動。這次中工會舊金山分會特別訪問了李醫師，請他就實際治愈新冠病人的經驗及觀察，在預防和治療兩方面總合分享給大家，瞭解經方中醫的科學性做法。在訪談之後，開發觀眾在Zoom上直接書面發問。本次活動將以中文進行。</p>\n<p><strong>加州夏令時間：</strong>4月20日週一，6:30pm</p>\n<p><strong>台北及北京時間：</strong>4月21日週二，9:30am</p>\n<p><strong>模式：</strong>Zoom網路直播，參與者線上發問，李醫師視頻回答</p>\n<p><strong>報名：</strong><a href=\"https://www.eventbrite.com/e/how-effective-is-traditional-chinese-medicine-on-covid-19-tickets-102463874206\" rel=\"noreferrer noopener\" target=\"_blank\">https://www.eventbrite.com/e/how-effective-is-traditional-chinese-medicine-on-covid-19-tickets-102463874206</a></p>\n<p><strong>費用：</strong>免費</p>\n<p><strong>中文訪談視頻：</strong> <a href=\"https://youtu.be/wo4BLVEOLvo\" rel=\"noreferrer noopener\" target=\"_blank\">https://youtu.be/wo4BLVEOLvo</a></p>\n<p><strong>英文訪談視頻：</strong> <a href=\"https://youtu.be/Db9P51d8mHY\" rel=\"noreferrer noopener\" target=\"_blank\">https://youtu.be/Db9P51d8mHY</a></p>\n<p><strong>中工會舊金山分會：</strong><a href=\"http://www.cie-sf.org/\">http://www.cie-sf.org/</a></p>\n<p><strong>全程錄影：</strong></p>\n<figure class=\"wp-block-embed-youtube wp-block-embed is-type-video is-provider-youtube wp-embed-aspect-16-9 wp-has-aspect-ratio\"><div class=\"wp-block-embed__wrapper\">\n<iframe allow=\"accelerometer; autoplay; clipboard-write; encrypted-media; gyroscope; picture-in-picture; web-share\" allowfullscreen=\"\" frameborder=\"0\" height=\"281\" referrerpolicy=\"strict-origin-when-cross-origin\" src=\"https://www.youtube.com/embed/6GaNNV2bkM8?feature=oembed\" title=\"How Effective is Traditional Chinese Medicine on COVID-19\" width=\"500\"></iframe>\n</div></figure>\n<p><strong>螢幕相片：</strong></p>\n<figure class=\"wp-block-image\"><img alt=\"\" class=\"wp-image-8048\" decoding=\"async\" fetchpriority=\"high\" height=\"640\" sizes=\"(max-width: 1024px) 100vw, 1024px\" src=\"https://andylee.pro/wp/wp-content/uploads/2020/04/0420_1-1024x640.jpg\" srcset=\"https://andylee.pro/wp/wp-content/uploads/2020/04/0420_1-1024x640.jpg 1024w, https://andylee.pro/wp/wp-content/uploads/2020/04/0420_1-300x188.jpg 300w, https://andylee.pro/wp/wp-content/uploads/2020/04/0420_1-768x480.jpg 768w, https://andylee.pro/wp/wp-content/uploads/2020/04/0420_1.jpg 2048w\" width=\"1024\"/></figure>\n<figure class=\"wp-block-image\"><img alt=\"\" class=\"wp-image-8050\" decoding=\"async\" height=\"693\" sizes=\"(max-width: 1024px) 100vw, 1024px\" src=\"https://andylee.pro/wp/wp-content/uploads/2020/04/0420_3-1024x693.jpg\" srcset=\"https://andylee.pro/wp/wp-content/uploads/2020/04/0420_3-1024x693.jpg 1024w, https://andylee.pro/wp/wp-content/uploads/2020/04/0420_3-300x203.jpg 300w, https://andylee.pro/wp/wp-content/uploads/2020/04/0420_3-768x520.jpg 768w, https://andylee.pro/wp/wp-content/uploads/2020/04/0420_3.jpg 1397w\" width=\"1024\"/></figure>\n<figure class=\"wp-block-image\"><img alt=\"\" class=\"wp-image-8051\" decoding=\"async\" height=\"634\" loading=\"lazy\" sizes=\"auto, (max-width: 1024px) 100vw, 1024px\" src=\"https://andylee.pro/wp/wp-content/uploads/2020/04/IMG_5765-1024x634.jpg\" srcset=\"https://andylee.pro/wp/wp-content/uploads/2020/04/IMG_5765-1024x634.jpg 1024w, https://andylee.pro/wp/wp-content/uploads/2020/04/IMG_5765-300x186.jpg 300w, https://andylee.pro/wp/wp-content/uploads/2020/04/IMG_5765-768x476.jpg 768w\" width=\"1024\"/><figcaption><br/></figcaption></figure>\n<figure class=\"wp-block-image\"><img alt=\"\" class=\"wp-image-8052\" decoding=\"async\" height=\"600\" loading=\"lazy\" sizes=\"auto, (max-width: 1024px) 100vw, 1024px\" src=\"https://andylee.pro/wp/wp-content/uploads/2020/04/IMG_5769-1024x600.jpg\" srcset=\"https://andylee.pro/wp/wp-content/uploads/2020/04/IMG_5769-1024x600.jpg 1024w, https://andylee.pro/wp/wp-content/uploads/2020/04/IMG_5769-300x176.jpg 300w, https://andylee.pro/wp/wp-content/uploads/2020/04/IMG_5769-768x450.jpg 768w\" width=\"1024\"/></figure>\n<figure class=\"wp-block-image\"><img alt=\"\" class=\"wp-image-8049\" decoding=\"async\" height=\"640\" loading=\"lazy\" sizes=\"auto, (max-width: 1024px) 100vw, 1024px\" src=\"https://andylee.pro/wp/wp-content/uploads/2020/04/0420_2-1024x640.jpg\" srcset=\"https://andylee.pro/wp/wp-content/uploads/2020/04/0420_2-1024x640.jpg 1024w, https://andylee.pro/wp/wp-content/uploads/2020/04/0420_2-300x188.jpg 300w, https://andylee.pro/wp/wp-content/uploads/2020/04/0420_2-768x480.jpg 768w, https://andylee.pro/wp/wp-content/uploads/2020/04/0420_2.jpg 2048w\" width=\"1024\"/></figure>",
  "article_time": "2020年04月18日 09:09",
  "comments": [
    {
      "id": "560d62758d28dd2530acdf681c2ba572",
      "author": "武汉",
      "time": "2020年04月18日 17:32",
      "content": "<p>thanks<br>\n我调一下设备，看看到时候，能不能youtube转播一下。</br></p>",
      "level": 0,
      "highlight": false,
      "children": [
        {
          "id": "6e4a89ff1b616a6d296c686247d2c1be",
          "author": "武汉",
          "time": "2020年04月20日 18:24",
          "content": "<p>youtube同步直播地址<br/>\n<a href=\"https://www.youtube.com/watch?v=9gqY2rFSAyI\" rel=\"nofollow ugc\">https://www.youtube.com/watch?v=9gqY2rFSAyI</a></p>",
          "level": 1,
          "highlight": false,
          "children": [
            {
              "id": "4b1649c5e470e5da1dc089ae79342c15",
              "author": "jiayin chi",
              "time": "2020年04月20日 20:47",
              "content": "<p>想看回放，能吗？</p>",
              "level": 2,
              "highlight": false,
              "children": [
                {
                  "id": "e16934de36e676b274b2a82c11edb2d1",
                  "author": "武汉",
                  "time": "2020年04月20日 21:21",
                  "content": "<p>可以的</p>",
                  "level": 3,
                  "highlight": false,
                  "children": []
                }
              ]
            },
            {
              "id": "06e1126d93b61297336d99e32430696d",
              "author": "Karunavihari",
              "time": "2020年04月22日 06:08",
              "content": "<p>请教有英语版的链接地址吗？谢谢您</p>",
              "level": 2,
              "highlight": false,
              "children": []
            }
          ]
        }
      ]
    },
    {
      "id": "38469436df69b430d533c51eef053b14",
      "author": "罗瑞芳",
      "time": "2020年04月19日 02:05",
      "content": "<p>尽早考虑回中国来吧，不要留在美国了，继续待下去意义不大，国内下一个热点正在到来，中医起源于中国，必将在国内复兴，而不是国外。</p>",
      "level": 0,
      "highlight": false,
      "children": [
        {
          "id": "e1d80c1f7887f92fa07ea48b80235b7d",
          "author": "ieitZYB",
          "time": "2020年04月19日 16:03",
          "content": "<p>我看还是别。<br/>\n回想倪师是把自己放在一个宏大的愿景中了，个人生活还是有很多方面的考虑的，再说中医这些好东西真的消失很难，表现为“显学”基本是有时间周期的，要乐观一点。</p>",
          "level": 1,
          "highlight": false,
          "children": [
            {
              "id": "b4385e8f67958485168f165cf6f247be",
              "author": "沈煇峰",
              "time": "2020年04月20日 23:50",
              "content": "<p>中醫的復興和生存是兩件完全不同等級的概念。<br/>\n中醫要生存不難，畢竟療效擺在那，永遠會有中醫信徒存在的。<br/>\n但中醫如果要復興，要廣為世人接受，那必然要依靠國家或跨國巨頭級別的力量，才可能和西藥廠/軍工集團，及其扶持的國際政治力量搏鬥。</p>",
              "level": 2,
              "highlight": false,
              "children": []
            }
          ]
        },
        {
          "id": "f7f5abee65ce823efcf0c7a30e370907",
          "author": "內經初學者",
          "time": "2020年04月19日 19:56",
          "content": "<p>@羅瑞芳：此言差矣！</p>",
          "level": 1,
          "highlight": false,
          "children": [
            {
              "id": "1b180aa5c6aa8b46c6b0eb40f9121a74",
              "author": "沈煇峰",
              "time": "2020年04月20日 23:41",
              "content": "<p>至少在目前，全世界只有中國政府是明確支持中醫發展的。其他的地方，沒有用政治力量壓迫中醫就算不錯了。</p>\n<p>因此，中醫要復興，必然是要依靠中國地區及中華民族的。</p>",
              "level": 2,
              "highlight": false,
              "children": [
                {
                  "id": "9817d75d05ad4ba6c12811e87a0735ce",
                  "author": "db",
                  "time": "2020年06月21日 02:48",
                  "content": "<p>中医是要靠自身的疗效来发展壮大的，伪中医太多，政府需要做的是去伪存真。</p>",
                  "level": 3,
                  "highlight": false,
                  "children": []
                }
              ]
            }
          ]
        },
        {
          "id": "9fe34247f7179f3aa6a2f96da38df7fc",
          "author": "沈煇峰",
          "time": "2020年04月20日 23:42",
          "content": "<p>至少在目前，全世界只有中國政府是明確支持中醫發展的。其他的地方，沒有用政治力量壓迫中醫就算不錯了。</p>\n<p>因此，中醫要復興，必然是要依靠中國地區及中華民族的。</p>",
          "level": 1,
          "highlight": false,
          "children": [
            {
              "id": "2bb5a93d7263caa602de86998c2a11bc",
              "author": "罗瑞芳",
              "time": "2020年04月24日 18:14",
              "content": "<p>我这个话没说对，楼下跟评的话说的也有问题，反过来想，国内不支持中医的时期，那么多优秀的中医师都跑去国外发展谋生，国内疫情严重期间还没白没黑的义务为国内提供远程诊疗开处方，如果不是国外相关政策的扶持，这么多优秀的中医师估计早都改行了</p>",
              "level": 2,
              "highlight": false,
              "children": []
            }
          ]
        }
      ]
    },
    {
      "id": "5a7b9f7df8650746904dc3e41dce4370",
      "author": "沈煇峰",
      "time": "2020年04月20日 23:37",
      "content": "<p>今天看完之後受益良多，感謝李博士！</p>",
      "level": 0,
      "highlight": false,
      "children": []
    },
    {
      "id": "f5a84e7cb8f3c271e6ad646546c1af79",
      "author": "ET",
      "time": "2020年04月22日 01:46",
      "content": "<p><a href=\"https://www.reuters.com/article/us-health-coronavirus-china-patients-ins/recovered-almost-chinas-early-patients-unable-to-shed-coronavirus-idUSKCN2240HI\" rel=\"nofollow ugc\">https://www.reuters.com/article/us-health-coronavirus-china-patients-ins/recovered-almost-chinas-early-patients-unable-to-shed-coronavirus-idUSKCN2240HI</a></p>\n<p>许多早期病人没有用中药治疗，痊愈后检测恢复阳性，长期不能转阴。这种长期胶着的状态可能病已入少阳，必须用小柴胡汤来解。</p>",
      "level": 0,
      "highlight": false,
      "children": []
    },
    {
      "id": "5b7ac7fa9f87c58a108e04d53c7faa2a",
      "author": "毛菊",
      "time": "2020年04月23日 18:27",
      "content": "<p>李大夫，您好！貌似现在的有人的症状还有眼睛变红，疼，皮肤突然变色。是不是每个人都在悄悄产生抗体？ 请问戴口罩是什么用处？推迟被感染的时间吗？<br/>\n请问中药转基因的比率是多少？会不会对人身体产生伤害？ 中药转基因和农药的使用，影响中药的治疗效果有多少比率？</p>",
      "level": 0,
      "highlight": false,
      "children": [
        {
          "id": "a61414e855a2b068931eb73ca4ed0cf9",
          "author": "李宗恩",
          "time": "2020年04月24日 11:49",
          "content": "<p>戴口罩是爲了減少被傳染及傳染給別人的機率。好的中藥材是不使用轉基因的，也不使用或使用很少量的農藥。</p>",
          "level": 1,
          "highlight": true,
          "children": [
            {
              "id": "2d21a529e801ee0dcd9451d75c64a932",
              "author": "毛菊",
              "time": "2020年04月24日 19:03",
              "content": "<p>那我们外行人，怎么知道哪里的卖的中药或什么中药是无转基因，没有或有少量的农药呢？</p>",
              "level": 2,
              "highlight": false,
              "children": [
                {
                  "id": "1d514978b5de4545451d76436a5b3755",
                  "author": "李宗恩",
                  "time": "2020年04月25日 22:09",
                  "content": "<p>這就得找信譽可靠且了解細節的中醫師看診及取藥了。</p>",
                  "level": 3,
                  "highlight": true,
                  "children": []
                }
              ]
            }
          ]
        }
      ]
    },
    {
      "id": "49e3c2c938a61db9715d584f642d6609",
      "author": "Oboe",
      "time": "2020年04月25日 11:33",
      "content": "<p>多謝李醫師的直播，辛苦了！</p>\n<p>您有沒有注意最近的報導？新冠病人發現多處血栓：<br/>\n<a href=\"https://www.washingtonpost.com/health/2020/04/24/strokes-coronavirus-young-patients/\" rel=\"nofollow ugc\">https://www.washingtonpost.com/health/2020/04/24/strokes-coronavirus-young-patients/</a><br/>\n<a href=\"https://www.livescience.com/coronavirus-blood-clots.html\" rel=\"nofollow ugc\">https://www.livescience.com/coronavirus-blood-clots.html</a></p>\n<p>1. 有些中風病人很年輕。而30到50歲年齡段中風的機率通常比較低。<br/>\n2. 全身多處發現凝血。<br/>\n3. 血栓嚴重到透析機的管路都需要經常清洗。</p>\n<p>中醫的角度應該如何理解呢？肺炎導致血氧濃度下降，所以血液粘稠嗎？</p>",
      "level": 0,
      "highlight": false,
      "children": []
    },
    {
      "id": "edeeff7d58a72f0f2b0260e9ef0ab573",
      "author": "盼望李医师到大陆",
      "time": "2020年04月26日 07:13",
      "content": "<p>李医师，大陆同胞急切盼望你能回大陆传授中医知识。</p>",
      "level": 0,
      "highlight": false,
      "children": [
        {
          "id": "48bf6bc7380a7575ef97df4c4823e705",
          "author": "李宗恩",
          "time": "2020年04月27日 21:28",
          "content": "<p>可能會先從網路教學開始。</p>",
          "level": 1,
          "highlight": true,
          "children": []
        }
      ]
    },
    {
      "id": "2ca28a9922d102e8513b89a2bf949f3a",
      "author": "盼望李医师到大陆",
      "time": "2020年04月26日 07:16",
      "content": "<p>李医师，大陆同胞能找您网诊吗？我们会按诊所要求付款，请您放心。</p>",
      "level": 0,
      "highlight": false,
      "children": []
    },
    {
      "id": "d18fbbbd190135bda3a0198fdc16f13f",
      "author": "盼望李医师到大陆",
      "time": "2020年04月26日 07:58",
      "content": "<p>李医师，能推荐几个好的大陆中医师吗？我父亲重度贫血，查不出原因，两年半来吃了无数的中药，可是没见到效果，依然1.5个月就得输一次红血球。作为子女眼睁睁地看着父亲身体一点点变虚弱，真的是心如刀割好难受呀</p>",
      "level": 0,
      "highlight": false,
      "children": [
        {
          "id": "11ad3c8501e9c97e1545e7571d061a1c",
          "author": "李宗恩",
          "time": "2020年04月27日 21:29",
          "content": "<p>很抱歉，我對大陸各地的情況不了解，不能任意推薦。</p>",
          "level": 1,
          "highlight": true,
          "children": []
        }
      ]
    }
  ],
  "page": 21,
  "order": 5,
  "filename": "data\\page21\\page21_order4_06e1126d93b61297336d99e32430696d.json"
}