{
  "article_url": "https://andylee.pro/wp/?p=7904",
  "title": "疫情下的三個小故事",
  "content": "<p>美國疫情大爆發後，每天看到的網路媒體和報章雜誌都是關於疫情多麼慘重、美國多缺醫療物資的新聞。許多病人都告訴我，他們非常憂鬱擔心，雖然他們躲在家裡，覺得自己被感染的機會很小，也明瞭中醫可以治療新冠肺炎，他們還是擔心社會動亂、經濟蕭條等等。所以，今天我們不做嚴肅的討論，改說三個和疫情有關的小故事，讓大家了解到，在嚴重疫情大爆發下，還是有些輕鬆的看診病例。</p>\n<p>故事一：</p>\n<p>芝加哥一位病人在週末緊急連絡診所，他說他一位白人女性朋友開始出現發燒、咳嗽、呼吸困難等症狀，很可能是感染了新冠肺炎。這樣突發的狀況，即使立即安排遠程看診，也來不及馬上把中藥從加州寄達到芝加哥，而好幾味中藥材本來就不能隨意買到，現在中藥材更是缺貨嚴重，要他們自己在芝加哥購買，也是不實際的。那怎麼辦？還好，這位芝加哥病人未雨綢繆，早在幾週前就已經請診所寄基本治療通方給他，在我了解他白人女性朋友的症狀後，要他先把手上的中藥給朋友，讓朋友先服用，安排週一立即插入看診，再針對病人的詳細病情來調整藥方，快遞到芝加哥。</p>\n<p>週一到了，這位白人病人臨時取消遠程看診，她說服用中藥後有進步，不過，打算還是到西醫院檢測，再看看怎麼治療。本來以為又是一位不相信中醫的人被診所舊病人硬拉來看診，後來，芝加哥那位舊病人告訴我們，他這位白人朋友只是想省錢，既然手上的中藥包有效，那何必遠距看診呢？他這位白人朋友沒有把剩下的中藥包還給他，打算留著繼續服用，害他趕緊要診所再寄基本治療通方給他，以免他自己感染後，沒有中藥在手上，還來不及收到中藥，病情就已經惡化了。</p>\n<p>故事二：</p>\n<p>一位華人女生，40多歲，有感冒症狀一陣子了，看診及服用中藥後，感冒症狀都只剩下一點點，應該已經康復了。但是，病人還是三不五時覺得胸口緊悶，雖然沒有說出口，看得出來她很擔心自己是不是得了新冠肺炎，雖然自己不嚴重，她不想傳染給其他人。</p>\n<p>我告訴她，她的胸口緊悶不是肺家的問題，而是肝膽剋到脾胃的問題，要她不要緊張，她越緊張，胸口反而會越加緊悶。然而，因為目前新冠肺炎疫情嚴重，病人還是很擔心是不是新冠肺炎，和病人討論之下，讓她多服用了一週和她之前感冒症狀比較有關聯的藥方，只是藥開得輕很多。</p>\n<p>一週過去了，病人感冒症狀都好了，就剩下胸口還是偶而緊悶。這次我花了不少時間跟她解釋，她的問題在於肝膽。病人平時肝血比較虛，疫情嚴重後，除了擔心及壓力外，生活及上班的作息改變很多，肝臟更受到影響，膽汁分泌有問題，而導致她打嗝、胃漲，這種情況下的胃酸反逆，不一定有反酸的感覺，平時心臟比較弱的人，反而會感覺到胸口緊悶。病人聽了半信半疑，覺得現在停止服用和感冒或肺家有關的中藥，去服用清肝膽中藥，那不是更有可能得到新冠肺炎？</p>\n<p>怎麼讓病人相信是肝膽的問題？我直接按壓病人的「膽石點」穴位，病人酸痛得大叫。可是這麼一按，病人一大叫，病人說她胸口緊悶立即消失了！不過，我還是按照一般處理膽結石的方式，為病人下了針。自從那次針灸以後，病人不再抱怨胸口緊悶了。一方面，針灸確實減緩了病人的症狀，另一方面，病人不再擔心胸口緊悶是來自新冠肺炎，心情放鬆很多，肝鬱減少了，膽汁分泌比較正常了，肝膽剋到脾胃的問題也就大幅減緩了。</p>\n<p>故事三：</p>\n<p>華裔年輕人，二十多歲，就住在舊金山灣區，父母知道他感冒發燒好幾天，很緊張，希望診所能幫忙他。遠程看診時，病人自述，一週多前開始不對勁，咽喉痛兩天後，開始出現感冒症狀，頭痛、咳嗽、流鼻水、鼻塞、脖子及腳酸痛。連續八天發燒起起伏伏，半夜燥熱，半躺下時咳嗽加重，白痰多，呼吸胸口緊。</p>\n<p>根據我的經驗，再比對舊金山灣區目前的感冒及流感病人，我覺得這位病人八九不離十是得了新冠肺炎。不過，我比較不擔心病人本身，因為已經發病一週多，還維持在輕中型症狀，代表病人原來身體還不錯，我反而比較擔心他傳染給父母。還好病人沒有和父母住在一起，我要病人在痊癒前，不要出門，也不要讓父母到他家來看他。</p>\n<p>我幫這位病人開的藥方，由葛根湯、射干麻黃湯、石膏等加減而成。病人服用中藥一週，剛剛視頻複診，病人說好了。我問他細節，他表示服用中藥三天不到，全部症狀就已經消失了，不再發燒、頭痛、咳嗽、燥熱、流鼻水、鼻塞等等。不過，這位年輕病人很聽話，即使症狀沒了，他還是把一週的中藥全部服用完。</p>\n<p>雖然這位病人沒有症狀了，不一定代表體內沒有病毒了，還是有可能傳染給其他人。因此，我告訴他不需要繼續服用中藥，不過得再自我隔離一兩週，避免傳染給其他人，特別不要傳染給他的父母！</p>\n<p>另外，許多病人及讀者詢問診所使用的「基本治療通方」。中藥講求辨證論治，每一位病人都有不同的情況，不是「看起來差不多」的病症，就服用一樣的中藥方。然而，在疫情大爆發時，很多人沒有時間找中醫師看診，臨時也買不到中藥材。在不得已的情況下，歷代瘟疫，都會準備「基本治療通方」，在沒有足夠醫療資源及時間下，讓病人先行服用，試圖減緩病情惡化。診所準備的「基本治療通方」為：</p>\n<p>射干9克   麻黃9克   紫菀9克   款冬花 9克   細辛9克</p>\n<p>生半夏9克   生薑4片   紅棗15克  五味子12克   葶藶子6克</p>\n<p>石膏18克   麥門冬18克   杏仁15克   白朮12克   茯苓12克</p>\n<p>炙甘草9克   炙黃耆18克   黨參9克   柴胡12克   黃芩9克</p>\n<p>9碗水煮成3碗，調整火力約一小時煮好</p>\n<p>斟酌病情嚴重情況，一次1/2～1碗，一天服用2～3次</p>\n<p>服用後儘快連絡診所，安排正式遠程看診</p>\n<p>許多人大概看得出來，診所的「基本治療通方」和中國中醫藥管理局推薦的「清肺排毒湯」很像，藥性稍微加重了一些。其實，我們早在武漢封城前就已經提出以射干麻黃湯、大青龍湯、葶藶大棗瀉肺湯等加減來治療新冠肺炎。據內部知情人士轉述，中國中醫藥管理局一直關注我們在通許縣人民醫院的病例，確定我們的病人康復後，才推出「清肺排毒湯」專案試點。因此，我們的通方和「清肺排毒湯」很像，也就沒什麼奇怪了。</p>\n<p> </p>",
  "article_time": "2020年04月07日 17:01",
  "comments": [
    {
      "id": "f4e67ca7b7c70063232f1ce1a01dbf53",
      "author": "沈煇峰",
      "time": "2020年04月07日 18:27",
      "content": "<p>李醫師，大智大仁大德！向您致敬！</p>",
      "level": 0,
      "highlight": false,
      "children": [
        {
          "id": "58ffcb97f79ca50ced17556c286d07f0",
          "author": "李宗恩",
          "time": "2020年04月08日 08:01",
          "content": "<p>謝謝你的支持與鼓勵。</p>",
          "level": 1,
          "highlight": true,
          "children": []
        }
      ]
    },
    {
      "id": "a0037b05f87571c4184e7da3a7dda67c",
      "author": "武汉加油",
      "time": "2020年04月07日 18:29",
      "content": "<p>感激 </p>",
      "level": 0,
      "highlight": false,
      "children": []
    },
    {
      "id": "97253217f2caf3663f423f548a71d94d",
      "author": "shawn",
      "time": "2020年04月07日 18:53",
      "content": "<p>“据统计，截至2月5日0时，4个试点省份运用清肺排毒汤救治确诊病例214例，3天为一个疗程，总有效率达90%以上，其中60%以上患者症状和影像学表现改善明显，30%患者症状平稳且无加重。”</p>\n<p>可惜没有更详细的试点信息可寻。</p>\n<p>另外，请教一下李医师，两份通方方案都有柴胡黄芩，用意是预防为主（金克木），还是新冠症状包含了少阳证？</p>",
      "level": 0,
      "highlight": false,
      "children": [
        {
          "id": "1bf5a5ddfdf129c8690012b6af02d919",
          "author": "李宗恩",
          "time": "2020年04月08日 08:05",
          "content": "<p>國家中醫藥管理局有更詳細的資料可以查詢。部份病人會出現肝臟問題，加柴胡黄芩入通方，不影響肺家用藥，卻多些保護。</p>",
          "level": 1,
          "highlight": true,
          "children": [
            {
              "id": "e80ec656eabe67a46a7dc54865d1760b",
              "author": "沈煇峰",
              "time": "2020年04月09日 03:44",
              "content": "<p>請教李博士，有些病人本就脾胃虛寒，吃了黃芩就腹痛甚至下利。傷寒小柴胡湯原文説病人腹痛時以芍藥代黃芩，請問在用通用方遇到腹痛時也可以這樣處理嗎？或是有其他的方法？謝謝。</p>",
              "level": 2,
              "highlight": false,
              "children": [
                {
                  "id": "dd2807dda36122518b4c5eb98f2ad9be",
                  "author": "李宗恩",
                  "time": "2020年04月09日 10:04",
                  "content": "<p>通方的情況下，就直接把黃芩去掉。如果病人確實有肝臟的問題，再另外治療。</p>",
                  "level": 3,
                  "highlight": true,
                  "children": [
                    {
                      "id": "67362cd53d432a6553132c72d2036a99",
                      "author": "沈煇峰",
                      "time": "2020年04月09日 19:13",
                      "content": "<p>明白了，感恩！</p>",
                      "level": 4,
                      "highlight": false,
                      "children": []
                    }
                  ]
                }
              ]
            }
          ]
        }
      ]
    },
    {
      "id": "7cfdb705105cf5226c5cdc199f5c304a",
      "author": "shawn",
      "time": "2020年04月07日 18:55",
      "content": "<p>感谢李医师无私分享。愿早日度过这一疫情。</p>",
      "level": 0,
      "highlight": false,
      "children": [
        {
          "id": "f86a5f215e4965e4146344e3038923c6",
          "author": "李宗恩",
          "time": "2020年04月08日 08:05",
          "content": "<p>謝謝你的支持及鼓勵。</p>",
          "level": 1,
          "highlight": true,
          "children": []
        }
      ]
    },
    {
      "id": "f86b41a8f61ed5ff9d5a14f8fccd7843",
      "author": "wang",
      "time": "2020年04月07日 21:20",
      "content": "<p>李医师百忙中抽时间进行分享，还答复问题，特别感谢</p>",
      "level": 0,
      "highlight": false,
      "children": [
        {
          "id": "151e8f27030384b0ba759cab03f0a968",
          "author": "李宗恩",
          "time": "2020年04月08日 08:05",
          "content": "<p>謝謝你的支持及鼓勵。</p>",
          "level": 1,
          "highlight": true,
          "children": []
        }
      ]
    },
    {
      "id": "e334d3df28e64b8f8dfa6405f2d59a49",
      "author": "汪汪",
      "time": "2020年04月07日 22:09",
      "content": "<p>請問李醫師，「生半夏」台灣買不到，請問有沒有什麼替代品?</p>",
      "level": 0,
      "highlight": false,
      "children": [
        {
          "id": "43c54d709241efcbfacc69c6412baf62",
          "author": "李宗恩",
          "time": "2020年04月08日 08:09",
          "content": "<p>台灣很多中藥店有生半夏，只是可能不敢賣給陌生的顧客。真的買不到生半夏，只好拿制半夏代替，效果和生半夏差挺多的，不過，肺部下部的稠痰比較關鍵，因此加了葶藶。</p>",
          "level": 1,
          "highlight": true,
          "children": []
        }
      ]
    },
    {
      "id": "37cdd02dd5900028897c93565dd2d399",
      "author": "毛菊",
      "time": "2020年04月08日 03:18",
      "content": "<p>李医师，您好！我看您建议青盐炮附子粉刷牙，请问给6岁孩子用，必须叫孩子注意不要吞，一定全吐出来吗？我感觉成人都不太容易做到一点都不吞。</p>",
      "level": 0,
      "highlight": false,
      "children": [
        {
          "id": "43f5bde3a741edee955a5257bd2b1ede",
          "author": "李宗恩",
          "time": "2020年04月08日 08:15",
          "content": "<p>吞入少量無妨，但是如果小孩子實在搞不清楚，那就不要使用。</p>",
          "level": 1,
          "highlight": true,
          "children": []
        }
      ]
    },
    {
      "id": "120b9f8cf3fc08c99c6c7e809e142991",
      "author": "毛菊",
      "time": "2020年04月08日 07:09",
      "content": "<p>请问李医师，炮附子青盐牙粉，如果给6岁小孩用，是不是不太好掌控不吞下去一点？</p>",
      "level": 0,
      "highlight": false,
      "children": []
    },
    {
      "id": "5aceb6fd66cfb2c4322345fa1ee8889e",
      "author": "Sean",
      "time": "2020年04月08日 13:04",
      "content": "<p>關於 基本治療通方 是否可以直接向貴診所訂購? 我一家五口大概需準備多少帖?</p>",
      "level": 0,
      "highlight": false,
      "children": [
        {
          "id": "1acc3c48248ed0ead04cdf5cc6d6ee40",
          "author": "李宗恩",
          "time": "2020年04月08日 14:03",
          "content": "<p>請和診所聯絡，網頁上有診所聯絡訊息。</p>",
          "level": 1,
          "highlight": true,
          "children": []
        }
      ]
    },
    {
      "id": "529ea9149360d19dc5dcae434aae2349",
      "author": "無為",
      "time": "2020年04月08日 20:46",
      "content": "<p>李博士，请问麝香矾石散，麝香是用人工麝香吗。谢谢</p>",
      "level": 0,
      "highlight": false,
      "children": [
        {
          "id": "255e87e02d26dbe9c139f862c854efaf",
          "author": "李宗恩",
          "time": "2020年04月08日 22:22",
          "content": "<p>人工麝香和真的麝香並不完全相同，現在很多中成藥以人工麝香代替麝香，好處是保護動物。</p>",
          "level": 1,
          "highlight": true,
          "children": []
        }
      ]
    },
    {
      "id": "7344df5741993a10c95ff9bab5fabd90",
      "author": "內經初學者",
      "time": "2020年04月08日 21:19",
      "content": "<p>記得倪海廈先生在哪個節目中說過，…… 現在最好的中醫師在美國……</p>\n<p>又，中國中醫藥管理局 還會依樣畫葫蘆弄個“清肺排毒湯”，救了一些人；美國的疾控中心知不知道經方的神功？有沒有可能放下身段向中醫請教？會不會思賢若渴而三顧茅廬？</p>\n<p>僅有大數據是不足以抗疫，這是需要大智慧的！</p>",
      "level": 0,
      "highlight": false,
      "children": [
        {
          "id": "924bdfcc8bb0a98ee5500901c518b0d3",
          "author": "李宗恩",
          "time": "2020年04月08日 22:27",
          "content": "<p>這很困難，目前中醫界一團混亂，主流醫學界搞不清楚中醫的亂象，只知道中醫有很多似是而非的人事物，卻不知道中醫也有真的能治療重症急症的人事物，即使主流醫學界想多了解中醫，他們找誰來討論？</p>",
          "level": 1,
          "highlight": true,
          "children": []
        }
      ]
    },
    {
      "id": "ac814531e4925355a3a63c196342c278",
      "author": "Justin",
      "time": "2020年04月09日 12:10",
      "content": "<p>李醫師，請問上面的“炙黄耆”是蜜炙黄耆（加蜂蜜炒制），還是炒黄耆（不加任何輔料炒制）？ “炙甘草”是蜜炙甘草，還是炒甘草？謝謝！</p>",
      "level": 0,
      "highlight": false,
      "children": [
        {
          "id": "a1d14f60e6a0202357584381193a8c06",
          "author": "李宗恩",
          "time": "2020年04月09日 12:52",
          "content": "<p>炙，大多都是指蜜炙，炙黄耆和炙甘草都是蜜炙。如果是炒的，大多數都會直接說炒。</p>",
          "level": 1,
          "highlight": true,
          "children": [
            {
              "id": "38152a5cd79d038b2f01ef138d7542b4",
              "author": "Justin",
              "time": "2020年04月11日 10:57",
              "content": "<p>之前看到幾篇論文，依據考證，《傷寒論》中的“炙甘草”是不加蜂蜜直接烤制，等同現在的“炒甘草”。但是，理論上再自洽，最終還是要看臨床結果；另外，蜜炙與炒制在臨床上是否真有明顯差別？<br/>\n而臨床資料的可靠性，經方大師的自然最高。因此，非常感謝李醫師百忙之中的答覆，說明從臨床角度，至少蜜炙是符合辯證預期的。</p>",
              "level": 2,
              "highlight": false,
              "children": [
                {
                  "id": "689e0ff80f6ce15775e57cf9a0d39ff5",
                  "author": "李宗恩",
                  "time": "2020年04月13日 11:46",
                  "content": "<p>謝謝你告訴我。是的，有些考證認為傷寒論中的炙甘草是直接炒制的，到宋朝才變成蜜制。然而，因為市場上賣的炙甘草絕大多數是蜜制，臨床病例大多使用蜜制的炙甘草，很少用炒制的炙甘草，很難比較臨床上的差異，臨床醫生也沒有什麼動機分別使用來做對比。</p>",
                  "level": 3,
                  "highlight": true,
                  "children": []
                }
              ]
            }
          ]
        }
      ]
    },
    {
      "id": "55d5a945c2e620ebe95e02ea1bb15bc4",
      "author": "中醫愛好者",
      "time": "2020年04月18日 11:44",
      "content": "<p>李醫師你好,看了您的通方 一直對寒熱藥並用有點疑問,之前倪醫師說寒熱藥並用時,通常會放甘草 </p>\n<p>做為緩合藥,就是讓它們都可以相安無事的待在一個方子裡,所以我看到細辛 石膏 炙甘草 這樣子</p>\n<p>算不算是倪師所說的寒熱藥並用? 可是有時候看其他方子 寒熱藥並用時又沒有放甘草? 一直想不通 </p>\n<p>還請李醫師不吝提點</p>",
      "level": 0,
      "highlight": false,
      "children": [
        {
          "id": "5970e16fdea051813dfc405b7a971feb",
          "author": "李宗恩",
          "time": "2020年04月19日 21:10",
          "content": "<p>甘草可以緩合不同的藥性，但是，並非寒熱藥並用時就得加甘草，學習中醫時要看全面，不要把單一句話當成什麼規定。</p>",
          "level": 1,
          "highlight": true,
          "children": []
        }
      ]
    },
    {
      "id": "673327a1efb16321481cfafd29659fe5",
      "author": "中醫愛好者",
      "time": "2020年04月21日 12:43",
      "content": "<p>好的 謝謝李醫師</p>",
      "level": 0,
      "highlight": false,
      "children": []
    },
    {
      "id": "94825406e2106610e9ea3f12dd065ae9",
      "author": "中醫粉",
      "time": "2021年06月02日 08:44",
      "content": "<p>醫師好，我是倪師的老粉絲，台灣疫情嚴重，是否建議先備通方在家，若有症狀先服用在安排線上看診？</p>",
      "level": 0,
      "highlight": false,
      "children": [
        {
          "id": "b51373e4aa751df47a08426c4cb4e7cb",
          "author": "李宗恩",
          "time": "2021年06月02日 10:45",
          "content": "<p>除非很難和外界互動，還是應該找中醫師看診：andylee.pro/wp/?p=10192。如果真的擔心來不及聯絡，可以準備診所的治療通方來應急，美國疫情嚴重的時候，許多人要求診所郵寄診所治療通方給他們，也確實幫了不少人。</p>",
          "level": 1,
          "highlight": true,
          "children": []
        }
      ]
    },
    {
      "id": "33d6ad7bfcd85e408e8b54f80468d16e",
      "author": "Grace",
      "time": "2021年06月12日 09:43",
      "content": "<p>李醫師您好，感謝您不吝提供通方造福眾人！現今台灣疫情蔓延，敝人也有舊識不幸染疫驟然過世，白天完全沒有症狀，晚上突然覺得呼吸困難走了，讓人感到非常震驚惶恐！<br/>\n為了家中長輩已經備好通方應戰，也準備好您推薦的診所視訊看診的聯絡方式了。想進一步請教您，就醫前如果要先用通方應急的話，乾咳以及濕咳的情況皆適用嗎？感謝！</p>",
      "level": 0,
      "highlight": false,
      "children": [
        {
          "id": "7dbf738433417bec42e791d0ef252203",
          "author": "李宗恩",
          "time": "2021年06月20日 16:57",
          "content": "<p>緊急情況下，乾咳及濕咳皆可。許多新冠病人肺家寒熱夾雜，乾咳及濕咳都有。</p>",
          "level": 1,
          "highlight": true,
          "children": []
        }
      ]
    },
    {
      "id": "abb26220ee668e20ababe2a208f971e8",
      "author": "小林",
      "time": "2021年09月28日 22:32",
      "content": "<p>請問李醫師, 「基本治療通方」的份量是9碗水煮成3碗, 然後一天喝3次, 每次1碗, 對嗎?</p>",
      "level": 0,
      "highlight": false,
      "children": [
        {
          "id": "622f05f08e72f083e7a84ccaf50128f6",
          "author": "小林",
          "time": "2021年09月28日 22:35",
          "content": "<p>不好意思還有一個問題, 我在紐西蘭, 這裡沒有麻黃和款冬花, 上面看到麻黃可用防風荊介代替, 那款冬花可用什麼代替呢? 謝謝!</p>",
          "level": 1,
          "highlight": false,
          "children": []
        },
        {
          "id": "adf249448164389be5d1df0ba35aad23",
          "author": "李宗恩",
          "time": "2021年10月02日 19:53",
          "content": "<p>文章中已經解釋了。</p>",
          "level": 1,
          "highlight": true,
          "children": []
        }
      ]
    },
    {
      "id": "eeeeab6c69902c8ef43243057db68136",
      "author": "彩延",
      "time": "2022年03月15日 03:31",
      "content": "<p>李医师您好，首先非常非常感谢您分享这条通方，<br/>\n让我年迈的老父亲的病情及时得到缓解~<br/>\n真的非常感谢!♥️♥️♥️<br/>\n这条方他现已吃了差不多三天，据他而言，已几乎不觉得身体有什么不适了，只是还是会咳嗽，白痰多和清鼻涕多 (但也比初病时少了一点，而且每天早上刚起床时这些症状都没有，到后来才又开始有),<br/>\n而且他平时左耳本身有耳鸣，一感冒耳鸣就变更大声，<br/>\n那像他的情况，请问<br/>\n可以在这条通方上做什么样的加减吗?<br/>\n还是就按原方一直继续吃下去就好?<br/>\n他应该再继续吃多久的药呢?<br/>\n生半夏没有，也来不及让诊所寄，请问代替品可以用法半夏还是清半夏? 用量要不要加大呢?</p>\n<p>无论如何，非常感恩您的帮助~<br/>\n静候您的佳音~ 谢谢您~ 祝您健康愉快</p>",
      "level": 0,
      "highlight": false,
      "children": [
        {
          "id": "b1b81d089cc6494a1e2506ca44110cff",
          "author": "李宗恩",
          "time": "2022年03月16日 10:17",
          "content": "<p>謝謝你告訴我。我不知道你父親的情況，無法回答你的問題，沒有生半夏，效果會差許多，但可以用法半夏來試一試。</p>",
          "level": 1,
          "highlight": true,
          "children": []
        },
        {
          "id": "6fc3f19382963f71a6a753ac62c4d9df",
          "author": "明遠",
          "time": "2022年03月16日 20:55",
          "content": "<p>幾年前，我在大陸網站上買生半夏到台灣多次，現在還有沒有我不知道。你如果在中國大陸，可以試試網上購買。</p>",
          "level": 1,
          "highlight": false,
          "children": []
        }
      ]
    },
    {
      "id": "f86111b1f2ba008af7b95634cbbbf568",
      "author": "Chris",
      "time": "2022年04月04日 18:29",
      "content": "<p>李醫師您好，想請問在目前Omicron跟BA.2流行的環境下，這個通方還適用於一般人嗎?還是說得依據病毒變種之後的情形，再做調整比較好，謝謝!</p>",
      "level": 0,
      "highlight": false,
      "children": [
        {
          "id": "2eff5d98bdd5d19042eb7dc074f17c60",
          "author": "李宗恩",
          "time": "2022年04月11日 11:38",
          "content": "<p>目前看來還適用，但依然得看個案決定，一般而言，劑量不用那麽重。</p>",
          "level": 1,
          "highlight": true,
          "children": []
        }
      ]
    }
  ],
  "page": 21,
  "order": 10,
  "filename": "data\\page21\\page21_order9_f86a5f215e4965e4146344e3038923c6.json"
}